2026-02-06 16:42:06,720 - SpareERP - INFO - Application starting...
2026-02-06 16:42:10,267 - SpareERP - INFO - Database initialized at c:\Users\Admin\Desktop\spare_ERP\data\spareparts_pro.db
2026-02-06 16:42:10,268 - SpareERP - INFO - Launching Login Window...
2026-02-06 16:42:46,671 - SpareERP - INFO - User admin logged in successfully
2026-02-06 16:42:46,672 - SpareERP - INFO - Login success signal received. Role: ADMIN
2026-02-06 16:42:46,678 - SpareERP - INFO - User authenticated as ADMIN. Launching Main Window.
2026-02-06 16:44:45,935 - SpareERP - ERROR - Error loading customer history: no such column: vehicle_model
2026-02-06 16:47:41,290 - SpareERP - INFO - Invoice saved: INV-1039
2026-02-06 16:47:41,290 - SpareERP - INFO - Invoice generated: INV-1039 for gfdg
2026-02-06 16:47:41,296 - SpareERP - INFO - Part sold: NF040510, Qty: 1, Inv: INV-1039
2026-02-06 16:47:42,367 - SpareERP - INFO - Sending WhatsApp for INV-1039 to 9335668077
2026-02-07 13:27:04,646 - SpareERP - INFO - Migrated schema: Added vehicle_model to invoices table
2026-02-07 13:27:04,650 - SpareERP - INFO - Migrated schema: Added reg_no to invoices table
2026-02-07 13:27:04,650 - SpareERP - INFO - Database initialized at data/spareparts_pro.db
2026-02-07 13:27:04,655 - SpareERP - INFO - Invoice saved: TEST-INV-001
2026-02-07 13:31:28,911 - SpareERP - INFO - Database initialized at data/spareparts_pro.db
2026-02-07 13:31:28,929 - SpareERP - INFO - Inventory imported from test_inventory.csv, 3 records processed
2026-02-07 13:34:35,616 - SpareERP - INFO - Database initialized at data/spareparts_pro.db
2026-02-07 13:34:58,972 - SpareERP - INFO - Application starting...
2026-02-07 13:35:02,816 - SpareERP - INFO - Database initialized at C:\Users\Admin\Desktop\spare_ERP\data\spareparts_pro.db
2026-02-07 13:35:02,816 - SpareERP - INFO - Launching Login Window...
2026-02-07 13:35:24,829 - SpareERP - INFO - User admin logged in successfully
2026-02-07 13:35:24,829 - SpareERP - INFO - Login success signal received. Role: ADMIN
2026-02-07 13:35:24,834 - SpareERP - INFO - User authenticated as ADMIN. Launching Main Window.
2026-02-07 13:39:54,687 - SpareERP - INFO - Invoice saved: INV-1040
2026-02-07 13:39:54,687 - SpareERP - INFO - Invoice generated: INV-1040 for gfdg
2026-02-07 13:39:54,693 - SpareERP - INFO - Part sold: N9152290, Qty: 1, Inv: INV-1040
2026-02-07 13:39:55,931 - SpareERP - INFO - Sending WhatsApp for INV-1040 to 9335668077
2026-02-07 13:40:52,702 - SpareERP - INFO - Invoice saved: INV-1041
2026-02-07 13:40:52,702 - SpareERP - INFO - Invoice generated: INV-1041 for gfdg
2026-02-07 13:40:52,708 - SpareERP - INFO - Part sold: N9151220, Qty: 1, Inv: INV-1041
2026-02-07 13:40:53,729 - SpareERP - INFO - Sending WhatsApp for INV-1041 to 9335668077
2026-02-07 14:17:44,184 - SpareERP - INFO - Application starting...
2026-02-07 14:17:47,886 - SpareERP - INFO - Database initialized at c:\Users\Admin\Desktop\spare_ERP\data\spareparts_pro.db
2026-02-07 14:17:47,887 - SpareERP - INFO - Launching Login Window...
2026-02-07 14:18:19,226 - SpareERP - INFO - User admin logged in successfully
2026-02-07 14:18:19,226 - SpareERP - INFO - Login success signal received. Role: ADMIN
2026-02-07 14:18:19,232 - SpareERP - INFO - User authenticated as ADMIN. Launching Main Window.
2026-02-07 14:21:20,646 - SpareERP - INFO - Invoice saved: INV-1042
2026-02-07 14:21:20,647 - SpareERP - INFO - Invoice generated: INV-1042 for SUMIT
2026-02-07 14:21:20,652 - SpareERP - INFO - Part sold: TR600080, Qty: 1, Inv: INV-1042
2026-02-07 14:21:20,658 - SpareERP - INFO - Part sold: TR600220, Qty: 1, Inv: INV-1042
2026-02-07 14:21:20,664 - SpareERP - INFO - Part sold: TR600030, Qty: 1, Inv: INV-1042
2026-02-07 14:21:20,671 - SpareERP - INFO - Part sold: M1080540, Qty: 1, Inv: INV-1042
2026-02-07 14:21:20,678 - SpareERP - INFO - Part sold: NF330201, Qty: 1, Inv: INV-1042
2026-02-07 14:21:21,911 - SpareERP - INFO - Sending WhatsApp for INV-1042 to 6392189755
2026-02-07 14:25:40,306 - SpareERP - INFO - Application starting...
2026-02-07 14:25:43,860 - SpareERP - INFO - Database initialized at c:\Users\Admin\Desktop\spare_ERP\data\spareparts_pro.db
2026-02-07 14:25:43,860 - SpareERP - INFO - Launching Login Window...
2026-02-07 14:28:18,928 - SpareERP - INFO - Login cancelled. Exiting.
2026-02-07 14:28:34,474 - SpareERP - INFO - Application starting...
2026-02-07 14:28:38,041 - SpareERP - INFO - Database initialized at c:\Users\Admin\Desktop\spare_ERP\data\spareparts_pro.db
2026-02-07 14:28:38,042 - SpareERP - INFO - Launching Login Window...
2026-02-07 14:29:22,165 - SpareERP - INFO - User admin logged in successfully
2026-02-07 14:29:22,165 - SpareERP - INFO - Login success signal received. Role: ADMIN
2026-02-07 14:29:22,174 - SpareERP - INFO - User authenticated as ADMIN. Launching Main Window.
2026-02-07 14:30:10,428 - SpareERP - INFO - Application starting...
2026-02-07 14:30:13,997 - SpareERP - INFO - Database initialized at c:\Users\Admin\Desktop\spare_ERP\data\spareparts_pro.db
2026-02-07 14:30:13,997 - SpareERP - INFO - Launching Login Window...
2026-02-07 14:30:25,308 - SpareERP - INFO - User admin logged in successfully
2026-02-07 14:30:25,309 - SpareERP - INFO - Login success signal received. Role: ADMIN
2026-02-07 14:30:25,315 - SpareERP - INFO - User authenticated as ADMIN. Launching Main Window.
2026-02-07 14:59:37,030 - SpareERP - INFO - Application starting...
2026-02-07 14:59:40,630 - SpareERP - INFO - Database initialized at C:\Users\Admin\Desktop\spare_ERP\data\spareparts_pro.db
2026-02-07 14:59:40,630 - SpareERP - INFO - Launching Login Window...
2026-02-07 14:59:47,982 - SpareERP - INFO - Login cancelled. Exiting.
2026-02-07 15:00:51,373 - SpareERP - INFO - Application starting...
2026-02-07 15:00:54,924 - SpareERP - INFO - Database initialized at c:\Users\Admin\Desktop\spare_ERP\data\spareparts_pro.db
2026-02-07 15:00:54,924 - SpareERP - INFO - Launching Login Window...
2026-02-07 15:01:17,958 - SpareERP - INFO - User admin logged in successfully
2026-02-07 15:01:17,958 - SpareERP - INFO - Login success signal received. Role: ADMIN
2026-02-07 15:01:17,965 - SpareERP - INFO - User authenticated as ADMIN. Launching Main Window.
2026-02-07 15:02:12,337 - SpareERP - INFO - Invoice saved: INV-1043
2026-02-07 15:02:12,338 - SpareERP - INFO - Invoice generated: INV-1043 for GYANI
2026-02-07 15:02:12,343 - SpareERP - INFO - Part sold: NA010030, Qty: 1, Inv: INV-1043
2026-02-07 15:02:13,533 - SpareERP - INFO - Sending WhatsApp for INV-1043 to 9335668077
2026-02-07 15:08:59,358 - SpareERP - INFO - Application starting...
2026-02-07 15:09:02,901 - SpareERP - INFO - Database initialized at C:\Users\Admin\Desktop\spare_ERP\data\spareparts_pro.db
2026-02-07 15:09:02,901 - SpareERP - INFO - Launching Login Window...
2026-02-07 15:09:17,818 - SpareERP - INFO - User admin logged in successfully
2026-02-07 15:09:17,818 - SpareERP - INFO - Login success signal received. Role: ADMIN
2026-02-07 15:09:17,826 - SpareERP - INFO - User authenticated as ADMIN. Launching Main Window.
2026-02-07 15:46:48,310 - SpareERP - INFO - Application starting...
2026-02-07 15:46:51,860 - SpareERP - INFO - Database initialized at c:\Users\Admin\Desktop\spare_ERP\data\spareparts_pro.db
2026-02-07 15:46:51,860 - SpareERP - INFO - Launching Login Window...
2026-02-07 15:46:59,545 - SpareERP - INFO - User admin logged in successfully
2026-02-07 15:46:59,546 - SpareERP - INFO - Login success signal received. Role: ADMIN
2026-02-07 15:46:59,554 - SpareERP - INFO - User authenticated as ADMIN. Launching Main Window.
2026-02-07 15:59:55,690 - SpareERP - INFO - Application starting...
2026-02-07 15:59:59,259 - SpareERP - INFO - Database initialized at c:\Users\Admin\Desktop\spare_ERP\data\spareparts_pro.db
2026-02-07 15:59:59,260 - SpareERP - INFO - Launching Login Window...
2026-02-07 16:00:12,757 - SpareERP - INFO - User admin logged in successfully
2026-02-07 16:00:12,758 - SpareERP - INFO - Login success signal received. Role: ADMIN
2026-02-07 16:00:12,765 - SpareERP - INFO - User authenticated as ADMIN. Launching Main Window.
2026-02-07 16:01:23,496 - SpareERP - INFO - Application starting...
2026-02-07 16:01:27,043 - SpareERP - INFO - Database initialized at c:\Users\Admin\Desktop\spare_ERP\data\spareparts_pro.db
2026-02-07 16:01:27,043 - SpareERP - INFO - Launching Login Window...
2026-02-07 16:01:34,635 - SpareERP - INFO - User admin logged in successfully
2026-02-07 16:01:34,635 - SpareERP - INFO - Login success signal received. Role: ADMIN
2026-02-07 16:01:34,642 - SpareERP - INFO - User authenticated as ADMIN. Launching Main Window.
2026-02-07 16:02:13,467 - SpareERP - INFO - Purchase list generated at C:/Users/Admin/Desktop/spare_ERP/Purchase_List.xlsx with 474 items
2026-02-07 17:00:37,462 - SpareERP - INFO - Application starting...
2026-02-07 17:00:41,421 - SpareERP - INFO - Database initialized at c:\Users\Admin\Desktop\spare_ERP\data\spareparts_pro.db
2026-02-07 17:00:41,421 - SpareERP - INFO - Launching Login Window...
2026-02-07 17:01:11,184 - SpareERP - INFO - User admin logged in successfully
2026-02-07 17:01:11,185 - SpareERP - INFO - Login success signal received. Role: ADMIN
2026-02-07 17:01:11,193 - SpareERP - INFO - User authenticated as ADMIN. Launching Main Window.
2026-02-07 17:01:11,367 - SpareERP - ERROR - Error fetching all parts: no such column: compatibility
2026-02-07 17:01:22,659 - SpareERP - INFO - Importing data from C:/Users/Admin/Desktop/spare_ERP/parts_inventory.csv
2026-02-07 17:01:22,763 - SpareERP - INFO - Inventory imported from C:/Users/Admin/Desktop/spare_ERP/parts_inventory.csv, 600 records processed
2026-02-07 17:01:22,767 - SpareERP - ERROR - Error fetching all parts: no such column: compatibility
2026-02-07 17:03:41,041 - SpareERP - ERROR - Error fetching all parts: no such column: compatibility
2026-02-07 17:06:52,619 - SpareERP - INFO - Application starting...
2026-02-07 17:06:56,185 - SpareERP - INFO - Database initialized at c:\Users\Admin\Desktop\spare_ERP\data\spareparts_pro.db
2026-02-07 17:06:56,185 - SpareERP - INFO - Launching Login Window...
2026-02-07 17:07:08,413 - SpareERP - INFO - User admin logged in successfully
2026-02-07 17:07:08,414 - SpareERP - INFO - Login success signal received. Role: ADMIN
2026-02-07 17:07:08,420 - SpareERP - INFO - User authenticated as ADMIN. Launching Main Window.
2026-02-07 17:13:03,447 - SpareERP - INFO - Application starting...
2026-02-07 17:13:07,043 - SpareERP - INFO - Migrated schema: Added compatibility to parts table
2026-02-07 17:13:07,047 - SpareERP - INFO - Migrated schema: Added category to parts table
2026-02-07 17:13:07,050 - SpareERP - INFO - Migrated schema: Added added_date to parts table
2026-02-07 17:13:07,053 - SpareERP - INFO - Migrated schema: Added last_ordered_date to parts table
2026-02-07 17:13:07,054 - SpareERP - INFO - Database initialized at c:\Users\Admin\Desktop\spare_ERP\data\spareparts_pro.db
2026-02-07 17:13:07,054 - SpareERP - INFO - Launching Login Window...
2026-02-07 17:13:17,884 - SpareERP - INFO - User admin logged in successfully
2026-02-07 17:13:17,884 - SpareERP - INFO - Login success signal received. Role: ADMIN
2026-02-07 17:13:17,892 - SpareERP - INFO - User authenticated as ADMIN. Launching Main Window.
2026-02-08 11:08:12,989 - SpareERP - INFO - Application starting...
2026-02-08 11:08:16,879 - SpareERP - INFO - Database initialized at c:\Users\Admin\Desktop\spare_ERP\data\spareparts_pro.db
2026-02-08 11:08:16,879 - SpareERP - INFO - Launching Login Window...
2026-02-08 11:08:39,975 - SpareERP - INFO - User admin logged in successfully
2026-02-08 11:08:39,976 - SpareERP - INFO - Login success signal received. Role: ADMIN
2026-02-08 11:08:39,982 - SpareERP - INFO - User authenticated as ADMIN. Launching Main Window.
2026-02-08 11:18:54,057 - SpareERP - INFO - Application starting...
2026-02-08 11:18:57,979 - SpareERP - INFO - Database initialized at C:\Users\Admin\Desktop\spare_ERP\data\spareparts_pro.db
2026-02-08 11:18:57,980 - SpareERP - INFO - Launching Login Window...
2026-02-08 11:19:08,970 - SpareERP - INFO - User admin logged in successfully
2026-02-08 11:19:08,971 - SpareERP - INFO - Login success signal received. Role: ADMIN
2026-02-08 11:19:08,976 - SpareERP - INFO - User authenticated as ADMIN. Launching Main Window.
2026-02-08 11:21:41,365 - SpareERP - INFO - Application starting...
2026-02-08 11:21:44,905 - SpareERP - INFO - Database initialized at C:\Users\Admin\Desktop\spare_ERP\data\spareparts_pro.db
2026-02-08 11:21:44,906 - SpareERP - INFO - Launching Login Window...
2026-02-08 11:21:56,265 - SpareERP - INFO - User admin logged in successfully
2026-02-08 11:21:56,265 - SpareERP - INFO - Login success signal received. Role: ADMIN
2026-02-08 11:21:56,273 - SpareERP - INFO - User authenticated as ADMIN. Launching Main Window.
2026-02-08 11:53:46,510 - SpareERP - INFO - Application starting...
2026-02-08 11:53:50,058 - SpareERP - INFO - Database initialized at C:\Users\Admin\Desktop\spare_ERP\data\spareparts_pro.db
2026-02-08 11:53:50,059 - SpareERP - INFO - Launching Login Window...
2026-02-08 11:53:58,416 - SpareERP - INFO - User admin logged in successfully
2026-02-08 11:53:58,417 - SpareERP - INFO - Login success signal received. Role: ADMIN
2026-02-08 11:53:58,424 - SpareERP - INFO - User authenticated as ADMIN. Launching Main Window.
2026-02-08 11:53:58,426 - SpareERP - CRITICAL - Unhandled exception in main loop: name 'app_logger' is not defined
Traceback (most recent call last):
  File "C:\Users\Admin\Desktop\spare_ERP\main.py", line 160, in main
    window = MainWindow(db_manager, login_state["role"])
  File "C:\Users\Admin\Desktop\spare_ERP\main_window.py", line 15, in __init__
    app_logger.info("Initializing MainWindow...")
    ^^^^^^^^^^
NameError: name 'app_logger' is not defined
2026-02-08 11:54:57,814 - SpareERP - INFO - Application starting...
2026-02-08 11:55:01,365 - SpareERP - INFO - Database initialized at C:\Users\Admin\Desktop\spare_ERP\data\spareparts_pro.db
2026-02-08 11:55:01,366 - SpareERP - INFO - Launching Login Window...
2026-02-08 11:55:08,704 - SpareERP - INFO - User admin logged in successfully
2026-02-08 11:55:08,705 - SpareERP - INFO - Login success signal received. Role: ADMIN
2026-02-08 11:55:08,712 - SpareERP - INFO - User authenticated as ADMIN. Launching Main Window.
2026-02-08 11:55:08,714 - SpareERP - INFO - Initializing MainWindow...
2026-02-08 11:55:08,819 - SpareERP - INFO - Initializing InventoryPage...
2026-02-08 11:55:08,861 - SpareERP - INFO - InventoryPage Initialized Successfully.
2026-02-08 12:00:17,650 - SpareERP - INFO - Application starting...
2026-02-08 12:00:21,197 - SpareERP - INFO - Database initialized at C:\Users\Admin\Desktop\spare_ERP\data\spareparts_pro.db
2026-02-08 12:00:21,198 - SpareERP - INFO - Launching Login Window...
2026-02-08 12:00:27,925 - SpareERP - INFO - User admin logged in successfully
2026-02-08 12:00:27,926 - SpareERP - INFO - Login success signal received. Role: ADMIN
2026-02-08 12:00:27,932 - SpareERP - INFO - User authenticated as ADMIN. Launching Main Window.
2026-02-08 12:00:27,934 - SpareERP - INFO - Initializing MainWindow...
2026-02-08 12:00:28,038 - SpareERP - INFO - Initializing InventoryPage...
2026-02-08 12:00:28,077 - SpareERP - INFO - InventoryPage Initialized Successfully.
2026-02-08 12:01:15,953 - SpareERP - INFO - Application starting...
2026-02-08 12:01:19,500 - SpareERP - INFO - Database initialized at C:\Users\Admin\Desktop\spare_ERP\data\spareparts_pro.db
2026-02-08 12:01:19,501 - SpareERP - INFO - Launching Login Window...
2026-02-08 12:01:30,093 - SpareERP - INFO - User admin logged in successfully
2026-02-08 12:01:30,093 - SpareERP - INFO - Login success signal received. Role: ADMIN
2026-02-08 12:01:30,100 - SpareERP - INFO - User authenticated as ADMIN. Launching Main Window.
2026-02-08 12:01:30,102 - SpareERP - INFO - Initializing MainWindow...
2026-02-08 12:01:30,202 - SpareERP - INFO - Initializing InventoryPage...
2026-02-08 12:01:30,240 - SpareERP - INFO - InventoryPage Initialized Successfully.
2026-02-08 12:01:44,798 - SpareERP - INFO - Application starting...
2026-02-08 12:01:48,356 - SpareERP - INFO - Database initialized at C:\Users\Admin\Desktop\spare_ERP\data\spareparts_pro.db
2026-02-08 12:01:48,357 - SpareERP - INFO - Launching Login Window...
2026-02-08 12:01:55,461 - SpareERP - INFO - User admin logged in successfully
2026-02-08 12:01:55,461 - SpareERP - INFO - Login success signal received. Role: ADMIN
2026-02-08 12:01:55,468 - SpareERP - INFO - User authenticated as ADMIN. Launching Main Window.
2026-02-08 12:01:55,469 - SpareERP - INFO - Initializing MainWindow...
2026-02-08 12:01:55,580 - SpareERP - INFO - Initializing InventoryPage...
2026-02-08 12:01:55,619 - SpareERP - INFO - InventoryPage Initialized Successfully.
2026-02-08 12:02:34,394 - SpareERP - INFO - Application starting...
2026-02-08 12:02:37,954 - SpareERP - INFO - Database initialized at C:\Users\Admin\Desktop\spare_ERP\data\spareparts_pro.db
2026-02-08 12:02:37,955 - SpareERP - INFO - Launching Login Window...
2026-02-08 12:02:49,452 - SpareERP - INFO - User admin logged in successfully
2026-02-08 12:02:49,452 - SpareERP - INFO - Login success signal received. Role: ADMIN
2026-02-08 12:02:49,458 - SpareERP - INFO - User authenticated as ADMIN. Launching Main Window.
2026-02-08 12:02:49,460 - SpareERP - INFO - Initializing MainWindow...
2026-02-08 12:02:49,561 - SpareERP - INFO - Initializing InventoryPage...
2026-02-08 12:02:49,602 - SpareERP - INFO - InventoryPage Initialized Successfully.
2026-02-08 12:06:15,457 - SpareERP - INFO - Application starting...
2026-02-08 12:06:19,004 - SpareERP - INFO - Database initialized at C:\Users\Admin\Desktop\spare_ERP\data\spareparts_pro.db
2026-02-08 12:06:19,005 - SpareERP - INFO - Launching Login Window...
2026-02-08 12:06:28,666 - SpareERP - INFO - User admin logged in successfully
2026-02-08 12:06:28,667 - SpareERP - INFO - Login success signal received. Role: ADMIN
2026-02-08 12:06:28,672 - SpareERP - INFO - User authenticated as ADMIN. Launching Main Window.
2026-02-08 12:06:28,674 - SpareERP - INFO - Initializing MainWindow...
2026-02-08 12:06:28,785 - SpareERP - INFO - Initializing InventoryPage...
2026-02-08 12:06:28,828 - SpareERP - INFO - InventoryPage Initialized Successfully.
2026-02-08 12:18:41,734 - SpareERP - INFO - Application starting...
2026-02-08 12:18:45,300 - SpareERP - INFO - Database initialized at c:\Users\Admin\Desktop\spare_ERP\data\spareparts_pro.db
2026-02-08 12:18:45,300 - SpareERP - INFO - Launching Login Window...
2026-02-08 12:19:01,220 - SpareERP - INFO - User admin logged in successfully
2026-02-08 12:19:01,220 - SpareERP - INFO - Login success signal received. Role: ADMIN
2026-02-08 12:19:01,226 - SpareERP - INFO - User authenticated as ADMIN. Launching Main Window.
2026-02-08 12:19:01,229 - SpareERP - INFO - Initializing MainWindow...
2026-02-08 12:19:01,340 - SpareERP - INFO - Initializing InventoryPage...
2026-02-08 12:19:01,374 - SpareERP - INFO - InventoryPage Initialized Successfully.
2026-02-08 12:19:44,599 - SpareERP - INFO - Part deleted: TEST-001
2026-02-08 12:19:44,599 - SpareERP - INFO - Part deleted: TEST-001
2026-02-08 12:19:47,661 - SpareERP - INFO - Part deleted: TEST-002
2026-02-08 12:19:47,662 - SpareERP - INFO - Part deleted: TEST-002
2026-02-08 12:20:02,631 - SpareERP - INFO - Part deleted: TEST-003
2026-02-08 12:20:02,632 - SpareERP - INFO - Part deleted: TEST-003
2026-02-08 12:23:10,641 - SpareERP - INFO - Application starting...
2026-02-08 12:23:14,213 - SpareERP - INFO - Database initialized at C:\Users\Admin\Desktop\spare_ERP\data\spareparts_pro.db
2026-02-08 12:23:14,214 - SpareERP - INFO - Launching Login Window...
2026-02-08 12:23:21,546 - SpareERP - INFO - User admin logged in successfully
2026-02-08 12:23:21,546 - SpareERP - INFO - Login success signal received. Role: ADMIN
2026-02-08 12:23:21,553 - SpareERP - INFO - User authenticated as ADMIN. Launching Main Window.
2026-02-08 12:23:21,555 - SpareERP - INFO - Initializing MainWindow...
2026-02-08 12:23:21,674 - SpareERP - INFO - Initializing InventoryPage...
2026-02-08 12:23:21,710 - SpareERP - CRITICAL - Failed to initialize InventoryPage: 'InventoryPage' object has no attribute 'load_data'
Traceback (most recent call last):
  File "C:\Users\Admin\Desktop\spare_ERP\inventory_page.py", line 390, in __init__
    self.load_data()
    ^^^^^^^^^^^^^^
AttributeError: 'InventoryPage' object has no attribute 'load_data'
2026-02-08 12:23:44,977 - SpareERP - INFO - Application starting...
2026-02-08 12:24:16,916 - SpareERP - INFO - Application starting...
2026-02-08 12:24:20,461 - SpareERP - INFO - Database initialized at c:\Users\Admin\Desktop\spare_ERP\data\spareparts_pro.db
2026-02-08 12:24:20,461 - SpareERP - INFO - Launching Login Window...
2026-02-08 12:24:27,641 - SpareERP - INFO - User admin logged in successfully
2026-02-08 12:24:27,641 - SpareERP - INFO - Login success signal received. Role: ADMIN
2026-02-08 12:24:27,649 - SpareERP - INFO - User authenticated as ADMIN. Launching Main Window.
2026-02-08 12:24:27,650 - SpareERP - INFO - Initializing MainWindow...
2026-02-08 12:24:27,759 - SpareERP - INFO - Initializing InventoryPage...
2026-02-08 12:24:27,795 - SpareERP - INFO - InventoryPage Initialized Successfully.
2026-02-08 12:31:17,910 - SpareERP - INFO - Application starting...
2026-02-08 12:31:21,474 - SpareERP - INFO - Database initialized at C:\Users\Admin\Desktop\spare_ERP\data\spareparts_pro.db
2026-02-08 12:31:21,475 - SpareERP - INFO - Launching Login Window...
2026-02-08 12:31:30,269 - SpareERP - INFO - User admin logged in successfully
2026-02-08 12:31:30,270 - SpareERP - INFO - Login success signal received. Role: ADMIN
2026-02-08 12:31:30,276 - SpareERP - INFO - User authenticated as ADMIN. Launching Main Window.
2026-02-08 12:31:30,278 - SpareERP - INFO - Initializing MainWindow...
2026-02-08 12:31:30,377 - SpareERP - INFO - Initializing InventoryPage...
2026-02-08 12:31:30,416 - SpareERP - INFO - InventoryPage Initialized Successfully.
2026-02-08 12:33:36,404 - SpareERP - INFO - Application starting...
2026-02-08 12:33:39,928 - SpareERP - INFO - Database initialized at C:\Users\Admin\Desktop\spare_ERP\data\spareparts_pro.db
2026-02-08 12:33:39,929 - SpareERP - INFO - Launching Login Window...
2026-02-08 12:33:48,863 - SpareERP - INFO - Login cancelled. Exiting.
2026-02-08 12:34:07,348 - SpareERP - INFO - Application starting...
2026-02-08 12:34:10,922 - SpareERP - INFO - Database initialized at c:\Users\Admin\Desktop\spare_ERP\data\spareparts_pro.db
2026-02-08 12:34:10,923 - SpareERP - INFO - Launching Login Window...
2026-02-08 12:34:20,748 - SpareERP - INFO - User admin logged in successfully
2026-02-08 12:34:20,748 - SpareERP - INFO - Login success signal received. Role: ADMIN
2026-02-08 12:34:20,754 - SpareERP - INFO - User authenticated as ADMIN. Launching Main Window.
2026-02-08 12:34:20,756 - SpareERP - INFO - Initializing MainWindow...
2026-02-08 12:34:20,875 - SpareERP - INFO - Initializing InventoryPage...
2026-02-08 12:34:20,917 - SpareERP - INFO - InventoryPage Initialized Successfully.
2026-02-08 13:07:36,300 - SpareERP - INFO - Application starting...
2026-02-08 13:07:39,875 - SpareERP - INFO - Database initialized at C:\Users\Admin\Desktop\spare_ERP\data\spareparts_pro.db
2026-02-08 13:07:39,875 - SpareERP - INFO - Launching Login Window...
2026-02-08 13:07:47,787 - SpareERP - WARNING - Failed login attempt for user: ADMIN
2026-02-08 13:08:00,251 - SpareERP - INFO - User admin logged in successfully
2026-02-08 13:08:00,252 - SpareERP - INFO - Login success signal received. Role: ADMIN
2026-02-08 13:08:00,257 - SpareERP - INFO - User authenticated as ADMIN. Launching Main Window.
2026-02-08 13:08:00,260 - SpareERP - INFO - Initializing MainWindow...
2026-02-08 13:08:00,370 - SpareERP - INFO - Initializing InventoryPage...
2026-02-08 13:08:00,400 - SpareERP - INFO - InventoryPage Initialized Successfully.
2026-02-08 13:19:10,331 - SpareERP - INFO - Application starting...
2026-02-08 13:19:13,914 - SpareERP - INFO - Database initialized at C:\Users\Admin\Desktop\spare_ERP\data\spareparts_pro.db
2026-02-08 13:19:13,915 - SpareERP - INFO - Launching Login Window...
2026-02-08 13:19:21,413 - SpareERP - INFO - User admin logged in successfully
2026-02-08 13:19:21,414 - SpareERP - INFO - Login success signal received. Role: ADMIN
2026-02-08 13:19:21,421 - SpareERP - INFO - User authenticated as ADMIN. Launching Main Window.
2026-02-08 13:19:21,423 - SpareERP - INFO - Initializing MainWindow...
2026-02-08 13:19:21,519 - SpareERP - INFO - Initializing InventoryPage...
2026-02-08 13:19:21,552 - SpareERP - INFO - InventoryPage Initialized Successfully.
2026-02-08 13:21:14,453 - SpareERP - INFO - Application starting...
2026-02-08 13:21:18,029 - SpareERP - INFO - Database initialized at C:\Users\Admin\Desktop\spare_ERP\data\spareparts_pro.db
2026-02-08 13:21:18,029 - SpareERP - INFO - Launching Login Window...
2026-02-08 13:21:27,724 - SpareERP - INFO - User admin logged in successfully
2026-02-08 13:21:27,725 - SpareERP - INFO - Login success signal received. Role: ADMIN
2026-02-08 13:21:27,731 - SpareERP - INFO - User authenticated as ADMIN. Launching Main Window.
2026-02-08 13:21:27,733 - SpareERP - INFO - Initializing MainWindow...
2026-02-08 13:21:27,831 - SpareERP - INFO - Initializing InventoryPage...
2026-02-08 13:21:27,841 - SpareERP - CRITICAL - Failed to initialize InventoryPage: name 'COLOR_ACCENT_RED' is not defined
Traceback (most recent call last):
  File "C:\Users\Admin\Desktop\spare_ERP\inventory_page.py", line 402, in __init__
    self.setup_ui()
    ~~~~~~~~~~~~~^^
  File "C:\Users\Admin\Desktop\spare_ERP\inventory_page.py", line 518, in setup_ui
    self.card_low_stock = TechCard("LOW STOCK ITEMS", self.lbl_low_stock, COLOR_ACCENT_RED)
                                                                          ^^^^^^^^^^^^^^^^
NameError: name 'COLOR_ACCENT_RED' is not defined. Did you mean: 'COLOR_ACCENT_GREEN'?
2026-02-08 13:22:45,158 - SpareERP - INFO - Application starting...
2026-02-08 13:22:48,749 - SpareERP - INFO - Database initialized at c:\Users\Admin\Desktop\spare_ERP\data\spareparts_pro.db
2026-02-08 13:22:48,750 - SpareERP - INFO - Launching Login Window...
2026-02-08 13:23:02,611 - SpareERP - INFO - User admin logged in successfully
2026-02-08 13:23:02,612 - SpareERP - INFO - Login success signal received. Role: ADMIN
2026-02-08 13:23:02,617 - SpareERP - INFO - User authenticated as ADMIN. Launching Main Window.
2026-02-08 13:23:02,619 - SpareERP - INFO - Initializing MainWindow...
2026-02-08 13:23:02,822 - SpareERP - INFO - Initializing InventoryPage...
2026-02-08 13:23:02,834 - SpareERP - CRITICAL - Failed to initialize InventoryPage: name 'COLOR_ACCENT_RED' is not defined
Traceback (most recent call last):
  File "c:\Users\Admin\Desktop\spare_ERP\inventory_page.py", line 402, in __init__
    self.setup_ui()
    ~~~~~~~~~~~~~^^
  File "c:\Users\Admin\Desktop\spare_ERP\inventory_page.py", line 518, in setup_ui
    self.card_low_stock = TechCard("LOW STOCK ITEMS", self.lbl_low_stock, COLOR_ACCENT_RED)
                                                                          ^^^^^^^^^^^^^^^^
NameError: name 'COLOR_ACCENT_RED' is not defined. Did you mean: 'COLOR_ACCENT_GREEN'?
2026-02-08 13:24:50,165 - SpareERP - INFO - Application starting...
2026-02-08 13:24:53,727 - SpareERP - INFO - Database initialized at C:\Users\Admin\Desktop\spare_ERP\data\spareparts_pro.db
2026-02-08 13:24:53,728 - SpareERP - INFO - Launching Login Window...
2026-02-08 13:25:03,498 - SpareERP - INFO - User admin logged in successfully
2026-02-08 13:25:03,499 - SpareERP - INFO - Login success signal received. Role: ADMIN
2026-02-08 13:25:03,504 - SpareERP - INFO - User authenticated as ADMIN. Launching Main Window.
2026-02-08 13:25:03,507 - SpareERP - INFO - Initializing MainWindow...
2026-02-08 13:25:03,612 - SpareERP - INFO - Initializing InventoryPage...
2026-02-08 13:25:03,644 - SpareERP - INFO - InventoryPage Initialized Successfully.
2026-02-08 13:25:34,567 - SpareERP - INFO - Application starting...
2026-02-08 13:25:38,129 - SpareERP - INFO - Database initialized at c:\Users\Admin\Desktop\spare_ERP\data\spareparts_pro.db
2026-02-08 13:25:38,130 - SpareERP - INFO - Launching Login Window...
2026-02-08 13:25:45,354 - SpareERP - INFO - User admin logged in successfully
2026-02-08 13:25:45,354 - SpareERP - INFO - Login success signal received. Role: ADMIN
2026-02-08 13:25:45,361 - SpareERP - INFO - User authenticated as ADMIN. Launching Main Window.
2026-02-08 13:25:45,363 - SpareERP - INFO - Initializing MainWindow...
2026-02-08 13:25:45,474 - SpareERP - INFO - Initializing InventoryPage...
2026-02-08 13:25:45,503 - SpareERP - INFO - InventoryPage Initialized Successfully.
2026-02-08 13:26:43,101 - SpareERP - INFO - Application starting...
2026-02-08 13:26:46,658 - SpareERP - INFO - Database initialized at C:\Users\Admin\Desktop\spare_ERP\data\spareparts_pro.db
2026-02-08 13:26:46,659 - SpareERP - INFO - Launching Login Window...
2026-02-08 13:26:55,801 - SpareERP - INFO - User admin logged in successfully
2026-02-08 13:26:55,802 - SpareERP - INFO - Login success signal received. Role: ADMIN
2026-02-08 13:26:55,808 - SpareERP - INFO - User authenticated as ADMIN. Launching Main Window.
2026-02-08 13:26:55,809 - SpareERP - INFO - Initializing MainWindow...
2026-02-08 13:26:55,949 - SpareERP - INFO - Initializing InventoryPage...
2026-02-08 13:26:56,036 - SpareERP - INFO - InventoryPage Initialized Successfully.
2026-02-08 13:31:38,781 - SpareERP - INFO - Application starting...
2026-02-08 13:31:42,313 - SpareERP - INFO - Database initialized at C:\Users\Admin\Desktop\spare_ERP\data\spareparts_pro.db
2026-02-08 13:31:42,314 - SpareERP - INFO - Launching Login Window...
2026-02-08 13:32:06,055 - SpareERP - INFO - User admin logged in successfully
2026-02-08 13:32:06,055 - SpareERP - INFO - Login success signal received. Role: ADMIN
2026-02-08 13:32:06,062 - SpareERP - INFO - User authenticated as ADMIN. Launching Main Window.
2026-02-08 13:32:06,064 - SpareERP - INFO - Initializing MainWindow...
2026-02-08 13:32:06,164 - SpareERP - INFO - Initializing InventoryPage...
2026-02-08 13:32:06,190 - SpareERP - INFO - InventoryPage Initialized Successfully.
2026-02-08 13:51:22,093 - SpareERP - INFO - Application starting...
2026-02-08 13:51:25,646 - SpareERP - INFO - Database initialized at C:\Users\Admin\Desktop\spare_ERP\data\spareparts_pro.db
2026-02-08 13:51:25,647 - SpareERP - INFO - Launching Login Window...
2026-02-08 13:51:38,149 - SpareERP - INFO - User admin logged in successfully
2026-02-08 13:51:38,150 - SpareERP - INFO - Login success signal received. Role: ADMIN
2026-02-08 13:51:38,159 - SpareERP - INFO - User authenticated as ADMIN. Launching Main Window.
2026-02-08 13:51:38,160 - SpareERP - INFO - Initializing MainWindow...
2026-02-08 13:51:38,265 - SpareERP - INFO - Initializing InventoryPage...
2026-02-08 13:51:38,294 - SpareERP - INFO - InventoryPage Initialized Successfully.
2026-02-08 13:55:51,829 - SpareERP - INFO - Application starting...
2026-02-08 13:55:55,380 - SpareERP - INFO - Database initialized at C:\Users\Admin\Desktop\spare_ERP\data\spareparts_pro.db
2026-02-08 13:55:55,381 - SpareERP - INFO - Launching Login Window...
2026-02-08 13:56:04,843 - SpareERP - INFO - User admin logged in successfully
2026-02-08 13:56:04,843 - SpareERP - INFO - Login success signal received. Role: ADMIN
2026-02-08 13:56:04,850 - SpareERP - INFO - User authenticated as ADMIN. Launching Main Window.
2026-02-08 13:56:04,852 - SpareERP - INFO - Initializing MainWindow...
2026-02-08 13:56:04,955 - SpareERP - INFO - Initializing InventoryPage...
2026-02-08 13:56:04,986 - SpareERP - INFO - InventoryPage Initialized Successfully.
2026-02-08 13:57:06,156 - SpareERP - INFO - Application starting...
2026-02-08 13:57:09,724 - SpareERP - INFO - Database initialized at c:\Users\Admin\Desktop\spare_ERP\data\spareparts_pro.db
2026-02-08 13:57:09,725 - SpareERP - INFO - Launching Login Window...
2026-02-08 13:57:18,778 - SpareERP - INFO - User admin logged in successfully
2026-02-08 13:57:18,778 - SpareERP - INFO - Login success signal received. Role: ADMIN
2026-02-08 13:57:18,784 - SpareERP - INFO - User authenticated as ADMIN. Launching Main Window.
2026-02-08 13:57:18,786 - SpareERP - INFO - Initializing MainWindow...
2026-02-08 13:57:18,893 - SpareERP - INFO - Initializing InventoryPage...
2026-02-08 13:57:18,918 - SpareERP - INFO - InventoryPage Initialized Successfully.
2026-02-08 14:39:38,435 - SpareERP - INFO - Application starting...
2026-02-08 14:39:42,016 - SpareERP - INFO - Database initialized at C:\Users\Admin\Desktop\spare_ERP\data\spareparts_pro.db
2026-02-08 14:39:42,017 - SpareERP - INFO - Launching Login Window...
2026-02-08 14:39:49,987 - SpareERP - INFO - User admin logged in successfully
2026-02-08 14:39:49,988 - SpareERP - INFO - Login success signal received. Role: ADMIN
2026-02-08 14:39:49,994 - SpareERP - INFO - User authenticated as ADMIN. Launching Main Window.
2026-02-08 14:39:49,996 - SpareERP - INFO - Initializing MainWindow...
2026-02-08 14:39:50,098 - SpareERP - INFO - Initializing InventoryPage...
2026-02-08 14:39:50,123 - SpareERP - INFO - InventoryPage Initialized Successfully.
2026-02-08 14:39:50,417 - SpareERP - CRITICAL - Unhandled exception in main loop: 'CyberSidebarButton' object has no attribute 'click'
Traceback (most recent call last):
  File "C:\Users\Admin\Desktop\spare_ERP\main.py", line 160, in main
    window = MainWindow(db_manager, login_state["role"])
  File "C:\Users\Admin\Desktop\spare_ERP\main_window.py", line 23, in __init__
    self.setup_ui()
    ~~~~~~~~~~~~~^^
  File "C:\Users\Admin\Desktop\spare_ERP\main_window.py", line 114, in setup_ui
    self.nav_buttons[0].click()
    ^^^^^^^^^^^^^^^^^^^^^^^^^
AttributeError: 'CyberSidebarButton' object has no attribute 'click'. Did you mean: 'clicked'?
2026-02-08 14:40:29,966 - SpareERP - INFO - Application starting...
2026-02-08 14:40:33,516 - SpareERP - INFO - Database initialized at c:\Users\Admin\Desktop\spare_ERP\data\spareparts_pro.db
2026-02-08 14:40:33,517 - SpareERP - INFO - Launching Login Window...
2026-02-08 14:40:41,983 - SpareERP - INFO - User admin logged in successfully
2026-02-08 14:40:41,984 - SpareERP - INFO - Login success signal received. Role: ADMIN
2026-02-08 14:40:41,990 - SpareERP - INFO - User authenticated as ADMIN. Launching Main Window.
2026-02-08 14:40:41,991 - SpareERP - INFO - Initializing MainWindow...
2026-02-08 14:40:42,106 - SpareERP - INFO - Initializing InventoryPage...
2026-02-08 14:40:42,135 - SpareERP - INFO - InventoryPage Initialized Successfully.
2026-02-08 14:40:42,546 - SpareERP - CRITICAL - Unhandled exception in main loop: 'CyberSidebarButton' object has no attribute 'click'
Traceback (most recent call last):
  File "c:\Users\Admin\Desktop\spare_ERP\main.py", line 160, in main
    window = MainWindow(db_manager, login_state["role"])
  File "c:\Users\Admin\Desktop\spare_ERP\main_window.py", line 23, in __init__
    self.setup_ui()
    ~~~~~~~~~~~~~^^
  File "c:\Users\Admin\Desktop\spare_ERP\main_window.py", line 114, in setup_ui
    self.nav_buttons[0].click()
    ^^^^^^^^^^^^^^^^^^^^^^^^^
AttributeError: 'CyberSidebarButton' object has no attribute 'click'. Did you mean: 'clicked'?
2026-02-08 14:41:29,390 - SpareERP - INFO - Application starting...
2026-02-08 14:41:32,961 - SpareERP - INFO - Database initialized at C:\Users\Admin\Desktop\spare_ERP\data\spareparts_pro.db
2026-02-08 14:41:32,962 - SpareERP - INFO - Launching Login Window...
2026-02-08 14:41:41,002 - SpareERP - INFO - User admin logged in successfully
2026-02-08 14:41:41,003 - SpareERP - INFO - Login success signal received. Role: ADMIN
2026-02-08 14:41:41,010 - SpareERP - INFO - User authenticated as ADMIN. Launching Main Window.
2026-02-08 14:41:41,013 - SpareERP - INFO - Initializing MainWindow...
2026-02-08 14:41:41,120 - SpareERP - INFO - Initializing InventoryPage...
2026-02-08 14:41:41,146 - SpareERP - INFO - InventoryPage Initialized Successfully.
2026-02-08 14:44:40,530 - SpareERP - INFO - Application starting...
2026-02-08 14:44:44,110 - SpareERP - INFO - Database initialized at C:\Users\Admin\Desktop\spare_ERP\data\spareparts_pro.db
2026-02-08 14:44:44,111 - SpareERP - INFO - Launching Login Window...
2026-02-08 14:44:52,937 - SpareERP - INFO - User admin logged in successfully
2026-02-08 14:44:52,937 - SpareERP - INFO - Login success signal received. Role: ADMIN
2026-02-08 14:44:52,943 - SpareERP - INFO - User authenticated as ADMIN. Launching Main Window.
2026-02-08 14:44:52,945 - SpareERP - INFO - Initializing MainWindow...
2026-02-08 14:44:53,050 - SpareERP - INFO - Initializing InventoryPage...
2026-02-08 14:44:53,077 - SpareERP - INFO - InventoryPage Initialized Successfully.
2026-02-08 14:51:08,984 - SpareERP - INFO - Invoice saved: INV-1044
2026-02-08 14:51:08,985 - SpareERP - INFO - Invoice generated: INV-1044 for GYANI
2026-02-08 14:51:08,991 - SpareERP - INFO - Part sold: ND220620, Qty: 1, Inv: INV-1044
2026-02-08 14:51:10,212 - SpareERP - INFO - Sending WhatsApp for INV-1044 to 9335668077
2026-02-08 14:52:28,717 - SpareERP - INFO - Application starting...
2026-02-08 14:52:32,273 - SpareERP - INFO - Database initialized at C:\Users\Admin\Desktop\spare_ERP\data\spareparts_pro.db
2026-02-08 14:52:32,274 - SpareERP - INFO - Launching Login Window...
2026-02-08 14:52:41,348 - SpareERP - INFO - User admin logged in successfully
2026-02-08 14:52:41,349 - SpareERP - INFO - Login success signal received. Role: ADMIN
2026-02-08 14:52:41,355 - SpareERP - INFO - User authenticated as ADMIN. Launching Main Window.
2026-02-08 14:52:41,356 - SpareERP - INFO - Initializing MainWindow...
2026-02-08 14:52:41,455 - SpareERP - INFO - Initializing InventoryPage...
2026-02-08 14:52:41,498 - SpareERP - INFO - InventoryPage Initialized Successfully.
2026-02-08 14:57:10,282 - SpareERP - INFO - Application starting...
2026-02-08 14:57:13,832 - SpareERP - INFO - Database initialized at C:\Users\Admin\Desktop\spare_ERP\data\spareparts_pro.db
2026-02-08 14:57:13,833 - SpareERP - INFO - Launching Login Window...
2026-02-08 14:57:25,514 - SpareERP - INFO - User admin logged in successfully
2026-02-08 14:57:25,515 - SpareERP - INFO - Login success signal received. Role: ADMIN
2026-02-08 14:57:25,520 - SpareERP - INFO - User authenticated as ADMIN. Launching Main Window.
2026-02-08 14:57:25,522 - SpareERP - INFO - Initializing MainWindow...
2026-02-08 14:57:25,623 - SpareERP - INFO - Initializing InventoryPage...
2026-02-08 14:57:25,659 - SpareERP - INFO - InventoryPage Initialized Successfully.
2026-02-08 14:57:36,508 - SpareERP - INFO - Application starting...
2026-02-08 14:57:40,082 - SpareERP - INFO - Database initialized at c:\Users\Admin\Desktop\spare_ERP\data\spareparts_pro.db
2026-02-08 14:57:40,082 - SpareERP - INFO - Launching Login Window...
2026-02-08 14:57:47,658 - SpareERP - INFO - User admin logged in successfully
2026-02-08 14:57:47,659 - SpareERP - INFO - Login success signal received. Role: ADMIN
2026-02-08 14:57:47,665 - SpareERP - INFO - User authenticated as ADMIN. Launching Main Window.
2026-02-08 14:57:47,667 - SpareERP - INFO - Initializing MainWindow...
2026-02-08 14:57:47,787 - SpareERP - INFO - Initializing InventoryPage...
2026-02-08 14:57:47,823 - SpareERP - INFO - InventoryPage Initialized Successfully.
2026-02-08 14:58:33,764 - SpareERP - INFO - Application starting...
2026-02-08 14:58:37,293 - SpareERP - INFO - Database initialized at C:\Users\Admin\Desktop\spare_ERP\data\spareparts_pro.db
2026-02-08 14:58:37,294 - SpareERP - INFO - Launching Login Window...
2026-02-08 14:58:47,770 - SpareERP - INFO - User admin logged in successfully
2026-02-08 14:58:47,770 - SpareERP - INFO - Login success signal received. Role: ADMIN
2026-02-08 14:58:47,775 - SpareERP - INFO - User authenticated as ADMIN. Launching Main Window.
2026-02-08 14:58:47,776 - SpareERP - INFO - Initializing MainWindow...
2026-02-08 14:58:47,864 - SpareERP - INFO - Initializing InventoryPage...
2026-02-08 14:58:47,898 - SpareERP - INFO - InventoryPage Initialized Successfully.
2026-02-08 14:59:40,104 - SpareERP - INFO - Application starting...
2026-02-08 14:59:43,676 - SpareERP - INFO - Database initialized at C:\Users\Admin\Desktop\spare_ERP\data\spareparts_pro.db
2026-02-08 14:59:43,677 - SpareERP - INFO - Launching Login Window...
2026-02-08 14:59:57,001 - SpareERP - INFO - User admin logged in successfully
2026-02-08 14:59:57,001 - SpareERP - INFO - Login success signal received. Role: ADMIN
2026-02-08 14:59:57,006 - SpareERP - INFO - User authenticated as ADMIN. Launching Main Window.
2026-02-08 14:59:57,007 - SpareERP - INFO - Initializing MainWindow...
2026-02-08 14:59:57,094 - SpareERP - INFO - Initializing InventoryPage...
2026-02-08 14:59:57,130 - SpareERP - INFO - InventoryPage Initialized Successfully.
2026-02-08 15:00:23,138 - SpareERP - INFO - Application starting...
2026-02-08 15:00:26,691 - SpareERP - INFO - Database initialized at C:\Users\Admin\Desktop\spare_ERP\data\spareparts_pro.db
2026-02-08 15:00:26,691 - SpareERP - INFO - Launching Login Window...
2026-02-08 15:00:34,609 - SpareERP - INFO - User admin logged in successfully
2026-02-08 15:00:34,609 - SpareERP - INFO - Login success signal received. Role: ADMIN
2026-02-08 15:00:34,616 - SpareERP - INFO - User authenticated as ADMIN. Launching Main Window.
2026-02-08 15:00:34,617 - SpareERP - INFO - Initializing MainWindow...
2026-02-08 15:00:34,715 - SpareERP - INFO - Initializing InventoryPage...
2026-02-08 15:00:34,755 - SpareERP - INFO - InventoryPage Initialized Successfully.
2026-02-08 15:03:24,547 - SpareERP - INFO - Application starting...
2026-02-08 15:03:28,090 - SpareERP - INFO - Database initialized at C:\Users\Admin\Desktop\spare_ERP\data\spareparts_pro.db
2026-02-08 15:03:28,091 - SpareERP - INFO - Launching Login Window...
2026-02-08 15:03:37,047 - SpareERP - INFO - User admin logged in successfully
2026-02-08 15:03:37,048 - SpareERP - INFO - Login success signal received. Role: ADMIN
2026-02-08 15:03:37,052 - SpareERP - INFO - User authenticated as ADMIN. Launching Main Window.
2026-02-08 15:03:37,053 - SpareERP - INFO - Initializing MainWindow...
2026-02-08 15:03:37,138 - SpareERP - INFO - Initializing InventoryPage...
2026-02-08 15:03:37,183 - SpareERP - INFO - InventoryPage Initialized Successfully.
2026-02-08 15:09:51,903 - SpareERP - INFO - Application starting...
2026-02-08 15:09:55,451 - SpareERP - INFO - Database initialized at C:\Users\Admin\Desktop\spare_ERP\data\spareparts_pro.db
2026-02-08 15:09:55,452 - SpareERP - INFO - Launching Login Window...
2026-02-08 15:10:18,948 - SpareERP - WARNING - Failed login attempt for user: admin
2026-02-08 15:10:26,163 - SpareERP - WARNING - Failed login attempt for user: admin
2026-02-08 15:10:33,204 - SpareERP - WARNING - Failed login attempt for user: admin
2026-02-08 15:10:48,699 - SpareERP - INFO - User admin logged in successfully
2026-02-08 15:10:48,700 - SpareERP - INFO - Login success signal received. Role: ADMIN
2026-02-08 15:10:48,706 - SpareERP - INFO - User authenticated as ADMIN. Launching Main Window.
2026-02-08 15:10:48,708 - SpareERP - INFO - Initializing MainWindow...
2026-02-08 15:10:48,817 - SpareERP - INFO - Initializing InventoryPage...
2026-02-08 15:10:48,858 - SpareERP - INFO - InventoryPage Initialized Successfully.
2026-02-08 15:20:53,993 - SpareERP - INFO - Application starting...
2026-02-08 15:20:57,531 - SpareERP - INFO - Database initialized at C:\Users\Admin\Desktop\spare_ERP\data\spareparts_pro.db
2026-02-08 15:20:57,532 - SpareERP - INFO - Launching Login Window...
2026-02-08 15:21:14,062 - SpareERP - INFO - User admin logged in successfully
2026-02-08 15:21:14,063 - SpareERP - INFO - Login success signal received. Role: ADMIN
2026-02-08 15:21:14,069 - SpareERP - INFO - User authenticated as ADMIN. Launching Main Window.
2026-02-08 15:21:14,071 - SpareERP - INFO - Initializing MainWindow...
2026-02-08 15:21:14,189 - SpareERP - INFO - Initializing InventoryPage...
2026-02-08 15:21:14,228 - SpareERP - INFO - InventoryPage Initialized Successfully.
2026-02-08 15:29:06,753 - SpareERP - INFO - Application starting...
2026-02-08 15:29:10,278 - SpareERP - INFO - Database initialized at C:\Users\Admin\Desktop\spare_ERP\data\spareparts_pro.db
2026-02-08 15:29:10,279 - SpareERP - INFO - Launching Login Window...
2026-02-08 15:29:20,570 - SpareERP - INFO - User admin logged in successfully
2026-02-08 15:29:20,570 - SpareERP - INFO - Login success signal received. Role: ADMIN
2026-02-08 15:29:20,577 - SpareERP - INFO - User authenticated as ADMIN. Launching Main Window.
2026-02-08 15:29:20,579 - SpareERP - INFO - Initializing MainWindow...
2026-02-08 15:29:20,679 - SpareERP - INFO - Initializing InventoryPage...
2026-02-08 15:29:20,720 - SpareERP - INFO - InventoryPage Initialized Successfully.
2026-02-08 15:30:36,507 - SpareERP - INFO - Application starting...
2026-02-08 15:30:40,071 - SpareERP - INFO - Database initialized at C:\Users\Admin\Desktop\spare_ERP\data\spareparts_pro.db
2026-02-08 15:30:40,072 - SpareERP - INFO - Launching Login Window...
2026-02-08 15:30:49,073 - SpareERP - INFO - User admin logged in successfully
2026-02-08 15:30:49,074 - SpareERP - INFO - Login success signal received. Role: ADMIN
2026-02-08 15:30:49,081 - SpareERP - INFO - User authenticated as ADMIN. Launching Main Window.
2026-02-08 15:30:49,082 - SpareERP - INFO - Initializing MainWindow...
2026-02-08 15:30:49,190 - SpareERP - INFO - Initializing InventoryPage...
2026-02-08 15:30:49,226 - SpareERP - INFO - InventoryPage Initialized Successfully.
2026-02-08 15:31:17,244 - SpareERP - INFO - Application starting...
2026-02-08 15:31:20,807 - SpareERP - INFO - Database initialized at C:\Users\Admin\Desktop\spare_ERP\data\spareparts_pro.db
2026-02-08 15:31:20,808 - SpareERP - INFO - Launching Login Window...
2026-02-08 15:31:28,993 - SpareERP - INFO - User admin logged in successfully
2026-02-08 15:31:28,993 - SpareERP - INFO - Login success signal received. Role: ADMIN
2026-02-08 15:31:29,000 - SpareERP - INFO - User authenticated as ADMIN. Launching Main Window.
2026-02-08 15:31:29,001 - SpareERP - INFO - Initializing MainWindow...
2026-02-08 15:31:29,113 - SpareERP - INFO - Initializing InventoryPage...
2026-02-08 15:31:29,150 - SpareERP - INFO - InventoryPage Initialized Successfully.
2026-02-08 15:32:21,253 - SpareERP - INFO - Application starting...
2026-02-08 15:32:24,813 - SpareERP - INFO - Database initialized at c:\Users\Admin\Desktop\spare_ERP\data\spareparts_pro.db
2026-02-08 15:32:24,813 - SpareERP - INFO - Launching Login Window...
2026-02-08 15:32:32,952 - SpareERP - INFO - User admin logged in successfully
2026-02-08 15:32:32,953 - SpareERP - INFO - Login success signal received. Role: ADMIN
2026-02-08 15:32:32,959 - SpareERP - INFO - User authenticated as ADMIN. Launching Main Window.
2026-02-08 15:32:32,961 - SpareERP - INFO - Initializing MainWindow...
2026-02-08 15:32:33,081 - SpareERP - INFO - Initializing InventoryPage...
2026-02-08 15:32:33,120 - SpareERP - INFO - InventoryPage Initialized Successfully.
2026-02-08 15:35:10,964 - SpareERP - INFO - Application starting...
2026-02-08 15:35:14,506 - SpareERP - INFO - Database initialized at C:\Users\Admin\Desktop\spare_ERP\data\spareparts_pro.db
2026-02-08 15:35:14,506 - SpareERP - INFO - Launching Login Window...
2026-02-08 15:35:27,732 - SpareERP - INFO - Login cancelled. Exiting.
2026-02-08 15:35:35,213 - SpareERP - INFO - Application starting...
2026-02-08 15:35:38,774 - SpareERP - INFO - Database initialized at c:\Users\Admin\Desktop\spare_ERP\data\spareparts_pro.db
2026-02-08 15:35:38,775 - SpareERP - INFO - Launching Login Window...
2026-02-08 15:35:46,519 - SpareERP - INFO - User admin logged in successfully
2026-02-08 15:35:46,519 - SpareERP - INFO - Login success signal received. Role: ADMIN
2026-02-08 15:35:46,526 - SpareERP - INFO - User authenticated as ADMIN. Launching Main Window.
2026-02-08 15:35:46,527 - SpareERP - INFO - Initializing MainWindow...
2026-02-08 15:35:46,637 - SpareERP - INFO - Initializing InventoryPage...
2026-02-08 15:35:46,675 - SpareERP - INFO - InventoryPage Initialized Successfully.
2026-02-08 15:37:55,394 - SpareERP - INFO - Part added/updated: N9220290
2026-02-08 15:37:55,394 - SpareERP - INFO - Part added successfully: N9220290
2026-02-08 15:40:46,960 - SpareERP - INFO - Part added/updated: N9220290
2026-02-08 15:40:46,961 - SpareERP - INFO - Part added successfully: N9220290
2026-02-08 15:57:34,093 - SpareERP - INFO - Importing data from C:/Users/Admin/Desktop/spare_ERP/parts_inventory.csv
2026-02-08 15:57:34,206 - SpareERP - INFO - Inventory imported from C:/Users/Admin/Desktop/spare_ERP/parts_inventory.csv, 600 records processed
2026-02-08 15:59:32,836 - SpareERP - INFO - Importing data from C:/Users/Admin/Desktop/spare_ERP/parts_inventory.csv
2026-02-08 15:59:32,924 - SpareERP - INFO - Inventory imported from C:/Users/Admin/Desktop/spare_ERP/parts_inventory.csv, 600 records processed
2026-02-08 16:13:06,033 - SpareERP - INFO - Application starting...
2026-02-08 16:13:09,617 - SpareERP - INFO - Database initialized at c:\Users\Admin\Desktop\spare_ERP\data\spareparts_pro.db
2026-02-08 16:13:09,617 - SpareERP - INFO - Launching Login Window...
2026-02-08 16:13:31,828 - SpareERP - INFO - User admin logged in successfully
2026-02-08 16:13:31,829 - SpareERP - INFO - Login success signal received. Role: ADMIN
2026-02-08 16:13:31,837 - SpareERP - INFO - User authenticated as ADMIN. Launching Main Window.
2026-02-08 16:13:31,839 - SpareERP - INFO - Initializing MainWindow...
2026-02-08 16:13:31,952 - SpareERP - INFO - Initializing InventoryPage...
2026-02-08 16:13:31,991 - SpareERP - INFO - InventoryPage Initialized Successfully.
2026-02-08 16:26:54,346 - SpareERP - INFO - Application starting...
2026-02-08 16:26:57,909 - SpareERP - INFO - Database initialized at c:\Users\Admin\Desktop\spare_ERP\data\spareparts_pro.db
2026-02-08 16:26:57,909 - SpareERP - INFO - Launching Login Window...
2026-02-08 16:27:05,061 - SpareERP - INFO - User admin logged in successfully
2026-02-08 16:27:05,061 - SpareERP - INFO - Login success signal received. Role: ADMIN
2026-02-08 16:27:05,068 - SpareERP - INFO - User authenticated as ADMIN. Launching Main Window.
2026-02-08 16:27:05,070 - SpareERP - INFO - Initializing MainWindow...
2026-02-08 16:27:05,187 - SpareERP - INFO - Initializing InventoryPage...
2026-02-08 16:27:05,217 - SpareERP - INFO - InventoryPage Initialized Successfully.
2026-02-08 16:47:01,993 - SpareERP - INFO - Application starting...
2026-02-08 16:47:05,570 - SpareERP - INFO - Database initialized at c:\Users\Admin\Desktop\spare_ERP\data\spareparts_pro.db
2026-02-08 16:47:05,571 - SpareERP - INFO - Launching Login Window...
2026-02-08 16:47:23,738 - SpareERP - INFO - User admin logged in successfully
2026-02-08 16:47:23,739 - SpareERP - INFO - Login success signal received. Role: ADMIN
2026-02-08 16:47:23,745 - SpareERP - INFO - User authenticated as ADMIN. Launching Main Window.
2026-02-08 16:47:23,747 - SpareERP - INFO - Initializing MainWindow...
2026-02-08 16:47:23,857 - SpareERP - INFO - Initializing InventoryPage...
2026-02-08 16:47:23,888 - SpareERP - INFO - InventoryPage Initialized Successfully.
2026-02-08 17:19:46,337 - SpareERP - INFO - Application starting...
2026-02-08 17:19:50,172 - SpareERP - INFO - Database initialized at c:\Users\Admin\Desktop\spare_ERP\data\spareparts_pro.db
2026-02-08 17:19:50,172 - SpareERP - INFO - Launching Login Window...
2026-02-08 17:20:08,098 - SpareERP - INFO - User admin logged in successfully
2026-02-08 17:20:08,098 - SpareERP - INFO - Login success signal received. Role: ADMIN
2026-02-08 17:20:08,104 - SpareERP - INFO - User authenticated as ADMIN. Launching Main Window.
2026-02-08 17:20:08,106 - SpareERP - INFO - Initializing MainWindow...
2026-02-08 17:20:08,216 - SpareERP - INFO - Initializing InventoryPage...
2026-02-08 17:20:08,245 - SpareERP - INFO - InventoryPage Initialized Successfully.
2026-02-08 17:23:03,169 - SpareERP - INFO - Application starting...
2026-02-08 17:23:06,739 - SpareERP - INFO - Database initialized at c:\Users\Admin\Desktop\spare_ERP\data\spareparts_pro.db
2026-02-08 17:23:06,740 - SpareERP - INFO - Launching Login Window...
2026-02-08 17:23:15,864 - SpareERP - INFO - User admin logged in successfully
2026-02-08 17:23:15,865 - SpareERP - INFO - Login success signal received. Role: ADMIN
2026-02-08 17:23:15,871 - SpareERP - INFO - User authenticated as ADMIN. Launching Main Window.
2026-02-08 17:23:15,873 - SpareERP - INFO - Initializing MainWindow...
2026-02-08 17:23:15,978 - SpareERP - INFO - Initializing InventoryPage...
2026-02-08 17:23:16,008 - SpareERP - INFO - InventoryPage Initialized Successfully.
2026-02-08 17:29:50,557 - SpareERP - INFO - Application starting...
2026-02-08 17:29:54,162 - SpareERP - INFO - Database initialized at c:\Users\Admin\Desktop\spare_ERP\data\spareparts_pro.db
2026-02-08 17:29:54,162 - SpareERP - INFO - Launching Login Window...
2026-02-08 17:30:10,700 - SpareERP - INFO - User admin logged in successfully
2026-02-08 17:30:10,700 - SpareERP - INFO - Login success signal received. Role: ADMIN
2026-02-08 17:30:10,707 - SpareERP - INFO - User authenticated as ADMIN. Launching Main Window.
2026-02-08 17:30:10,709 - SpareERP - INFO - Initializing MainWindow...
2026-02-08 17:30:10,816 - SpareERP - INFO - Initializing InventoryPage...
2026-02-08 17:30:10,843 - SpareERP - INFO - InventoryPage Initialized Successfully.
2026-02-08 17:30:24,412 - SpareERP - INFO - Application starting...
2026-02-08 17:30:28,011 - SpareERP - INFO - Database initialized at c:\Users\Admin\Desktop\spare_ERP\data\spareparts_pro.db
2026-02-08 17:30:28,011 - SpareERP - INFO - Launching Login Window...
2026-02-08 17:30:30,744 - SpareERP - INFO - Login cancelled. Exiting.
2026-02-08 17:35:18,050 - SpareERP - INFO - Application starting...
2026-02-08 17:36:30,771 - SpareERP - INFO - Application starting...
2026-02-08 17:36:34,374 - SpareERP - INFO - Database initialized at c:\Users\Admin\Desktop\spare_ERP\data\spareparts_pro.db
2026-02-08 17:36:34,375 - SpareERP - INFO - Launching Login Window...
2026-02-08 17:36:42,137 - SpareERP - INFO - User admin logged in successfully
2026-02-08 17:36:42,138 - SpareERP - INFO - Login success signal received. Role: ADMIN
2026-02-08 17:36:42,143 - SpareERP - INFO - User authenticated as ADMIN. Launching Main Window.
2026-02-08 17:36:42,145 - SpareERP - INFO - Initializing MainWindow...
2026-02-08 17:36:42,245 - SpareERP - INFO - Initializing InventoryPage...
2026-02-08 17:36:42,275 - SpareERP - INFO - InventoryPage Initialized Successfully.
2026-02-08 17:39:20,535 - SpareERP - INFO - Application starting...
2026-02-08 17:39:25,807 - SpareERP - INFO - Application starting...
2026-02-08 17:39:29,414 - SpareERP - INFO - Database initialized at c:\Users\Admin\Desktop\spare_ERP\data\spareparts_pro.db
2026-02-08 17:39:29,415 - SpareERP - INFO - Launching Login Window...
2026-02-08 17:39:38,565 - SpareERP - INFO - Login cancelled. Exiting.
2026-02-08 17:48:42,587 - SpareERP - INFO - Application starting...
2026-02-08 17:48:46,176 - SpareERP - INFO - Database initialized at c:\Users\Admin\Desktop\spare_ERP\data\spareparts_pro.db
2026-02-08 17:48:46,177 - SpareERP - INFO - Launching Login Window...
2026-02-08 17:48:56,251 - SpareERP - INFO - User admin logged in successfully
2026-02-08 17:48:56,252 - SpareERP - INFO - Login success signal received. Role: ADMIN
2026-02-08 17:48:56,258 - SpareERP - INFO - User authenticated as ADMIN. Launching Main Window.
2026-02-08 17:48:56,259 - SpareERP - INFO - Initializing MainWindow...
2026-02-08 17:48:56,373 - SpareERP - INFO - Initializing InventoryPage...
2026-02-08 17:48:56,404 - SpareERP - INFO - InventoryPage Initialized Successfully.
2026-02-08 17:52:57,433 - SpareERP - INFO - Application starting...
2026-02-08 17:53:01,028 - SpareERP - INFO - Database initialized at c:\Users\Admin\Desktop\spare_ERP\data\spareparts_pro.db
2026-02-08 17:53:01,029 - SpareERP - INFO - Launching Login Window...
2026-02-08 17:53:08,345 - SpareERP - INFO - User admin logged in successfully
2026-02-08 17:53:08,345 - SpareERP - INFO - Login success signal received. Role: ADMIN
2026-02-08 17:53:08,352 - SpareERP - INFO - User authenticated as ADMIN. Launching Main Window.
2026-02-08 17:53:08,355 - SpareERP - INFO - Initializing MainWindow...
2026-02-08 17:53:08,454 - SpareERP - INFO - Initializing InventoryPage...
2026-02-08 17:53:08,480 - SpareERP - INFO - InventoryPage Initialized Successfully.
2026-02-08 18:08:02,365 - SpareERP - INFO - Application starting...
2026-02-08 18:08:06,017 - SpareERP - INFO - Database initialized at c:\Users\Admin\Desktop\spare_ERP\data\spareparts_pro.db
2026-02-08 18:08:06,017 - SpareERP - INFO - Launching Login Window...
2026-02-08 18:08:08,158 - SpareERP - INFO - Login cancelled. Exiting.
2026-02-08 18:10:01,583 - SpareERP - INFO - Application starting...
2026-02-08 18:10:05,193 - SpareERP - INFO - Database initialized at c:\Users\Admin\Desktop\spare_ERP\data\spareparts_pro.db
2026-02-08 18:10:05,193 - SpareERP - INFO - Launching Login Window...
2026-02-08 18:10:13,624 - SpareERP - INFO - User admin logged in successfully
2026-02-08 18:10:13,625 - SpareERP - INFO - Login success signal received. Role: ADMIN
2026-02-08 18:10:13,631 - SpareERP - INFO - User authenticated as ADMIN. Launching Main Window.
2026-02-08 18:10:13,633 - SpareERP - INFO - Initializing MainWindow...
2026-02-08 18:10:13,741 - SpareERP - INFO - Initializing InventoryPage...
2026-02-08 18:10:13,765 - SpareERP - INFO - InventoryPage Initialized Successfully.
2026-02-08 18:19:50,698 - SpareERP - INFO - Application starting...
2026-02-08 18:19:54,326 - SpareERP - INFO - Database initialized at c:\Users\Admin\Desktop\spare_ERP\data\spareparts_pro.db
2026-02-08 18:19:54,327 - SpareERP - INFO - Launching Login Window...
2026-02-08 18:20:01,691 - SpareERP - INFO - User admin logged in successfully
2026-02-08 18:20:01,692 - SpareERP - INFO - Login success signal received. Role: ADMIN
2026-02-08 18:20:01,699 - SpareERP - INFO - User authenticated as ADMIN. Launching Main Window.
2026-02-08 18:20:01,701 - SpareERP - INFO - Initializing MainWindow...
2026-02-08 18:20:01,798 - SpareERP - INFO - Initializing InventoryPage...
2026-02-08 18:20:01,829 - SpareERP - INFO - InventoryPage Initialized Successfully.
2026-02-09 09:56:12,283 - SpareERP - INFO - Application starting...
2026-02-09 09:56:16,181 - SpareERP - INFO - Database initialized at c:\Users\Admin\Desktop\spare_ERP\data\spareparts_pro.db
2026-02-09 09:56:16,181 - SpareERP - INFO - Launching Login Window...
2026-02-09 09:56:19,872 - SpareERP - INFO - Login cancelled. Exiting.
2026-02-09 09:56:22,704 - SpareERP - INFO - Application starting...
2026-02-09 09:56:26,290 - SpareERP - INFO - Database initialized at c:\Users\Admin\Desktop\spare_ERP\data\spareparts_pro.db
2026-02-09 09:56:26,291 - SpareERP - INFO - Launching Login Window...
2026-02-09 09:56:28,928 - SpareERP - INFO - Login cancelled. Exiting.
2026-02-09 09:56:32,088 - SpareERP - INFO - Application starting...
2026-02-09 09:56:35,673 - SpareERP - INFO - Database initialized at c:\Users\Admin\Desktop\spare_ERP\data\spareparts_pro.db
2026-02-09 09:56:35,673 - SpareERP - INFO - Launching Login Window...
2026-02-09 09:56:40,088 - SpareERP - INFO - Login cancelled. Exiting.
2026-02-09 09:56:43,168 - SpareERP - INFO - Application starting...
2026-02-09 09:56:46,772 - SpareERP - INFO - Database initialized at c:\Users\Admin\Desktop\spare_ERP\data\spareparts_pro.db
2026-02-09 09:56:46,772 - SpareERP - INFO - Launching Login Window...
2026-02-09 09:56:51,847 - SpareERP - INFO - Login cancelled. Exiting.
2026-02-09 10:01:19,402 - SpareERP - INFO - Application starting...
2026-02-09 10:01:23,001 - SpareERP - INFO - Database initialized at c:\Users\Admin\Desktop\spare_ERP\data\spareparts_pro.db
2026-02-09 10:01:23,001 - SpareERP - INFO - Launching Login Window...
2026-02-09 10:01:25,007 - SpareERP - INFO - Login cancelled. Exiting.
2026-02-09 10:02:35,054 - SpareERP - INFO - Application starting...
2026-02-09 10:02:38,647 - SpareERP - INFO - Database initialized at c:\Users\Admin\Desktop\spare_ERP\data\spareparts_pro.db
2026-02-09 10:02:38,648 - SpareERP - INFO - Launching Login Window...
2026-02-09 10:02:40,724 - SpareERP - INFO - Login cancelled. Exiting.
2026-02-09 10:05:00,637 - SpareERP - INFO - Application starting...
2026-02-09 10:05:04,269 - SpareERP - INFO - Database initialized at c:\Users\Admin\Desktop\spare_ERP\data\spareparts_pro.db
2026-02-09 10:05:04,270 - SpareERP - INFO - Launching Login Window...
2026-02-09 10:05:36,756 - SpareERP - INFO - Application starting...
2026-02-09 10:05:40,349 - SpareERP - INFO - Database initialized at c:\Users\Admin\Desktop\spare_ERP\data\spareparts_pro.db
2026-02-09 10:05:40,349 - SpareERP - INFO - Launching Login Window...
2026-02-09 10:05:50,532 - SpareERP - INFO - Login cancelled. Exiting.
2026-02-09 10:07:42,164 - SpareERP - INFO - Application starting...
2026-02-09 10:08:42,313 - SpareERP - INFO - Application starting...
2026-02-09 10:08:44,122 - SpareERP - INFO - Database initialized at c:\Users\Admin\Desktop\spare_ERP\data\spareparts_pro.db
2026-02-09 10:08:44,123 - SpareERP - INFO - Launching Login Window...
2026-02-09 10:08:47,914 - SpareERP - INFO - Login cancelled. Exiting.
2026-02-09 10:08:50,196 - SpareERP - INFO - Application starting...
2026-02-09 10:08:52,003 - SpareERP - INFO - Database initialized at c:\Users\Admin\Desktop\spare_ERP\data\spareparts_pro.db
2026-02-09 10:08:52,004 - SpareERP - INFO - Launching Login Window...
2026-02-09 10:08:54,490 - SpareERP - INFO - Login cancelled. Exiting.
2026-02-09 10:09:43,591 - SpareERP - INFO - Application starting...
2026-02-09 10:09:45,407 - SpareERP - INFO - Database initialized at c:\Users\Admin\Desktop\spare_ERP\data\spareparts_pro.db
2026-02-09 10:09:45,408 - SpareERP - INFO - Launching Login Window...
2026-02-09 10:09:47,170 - SpareERP - INFO - Login cancelled. Exiting.
2026-02-09 10:10:01,980 - SpareERP - INFO - Application starting...
2026-02-09 10:10:03,785 - SpareERP - INFO - Database initialized at c:\Users\Admin\Desktop\spare_ERP\data\spareparts_pro.db
2026-02-09 10:10:03,786 - SpareERP - INFO - Launching Login Window...
2026-02-09 10:10:06,116 - SpareERP - INFO - Login cancelled. Exiting.
2026-02-09 10:12:18,247 - SpareERP - INFO - Application starting...
2026-02-09 10:12:19,984 - SpareERP - INFO - Database initialized at c:\Users\Admin\Desktop\spare_ERP\data\spareparts_pro.db
2026-02-09 10:12:20,845 - SpareERP - INFO - Launching Login Window...
2026-02-09 10:12:34,455 - SpareERP - INFO - User admin logged in successfully
2026-02-09 10:12:34,455 - SpareERP - INFO - Login success signal received. Role: ADMIN
2026-02-09 10:12:34,464 - SpareERP - INFO - User authenticated as ADMIN. Launching Main Window.
2026-02-09 10:12:34,469 - SpareERP - INFO - Initializing MainWindow...
2026-02-09 10:12:34,612 - SpareERP - INFO - Initializing InventoryPage...
2026-02-09 10:12:34,646 - SpareERP - INFO - InventoryPage Initialized Successfully.
2026-02-09 10:18:33,470 - SpareERP - INFO - Login cancelled. Exiting.
2026-02-09 10:18:36,946 - SpareERP - INFO - Application starting...
2026-02-09 10:18:38,666 - SpareERP - INFO - Database initialized at c:\Users\Admin\Desktop\spare_ERP\data\spareparts_pro.db
2026-02-09 10:18:39,527 - SpareERP - INFO - Launching Login Window...
2026-02-09 10:18:51,400 - SpareERP - INFO - User admin logged in successfully
2026-02-09 10:18:51,400 - SpareERP - INFO - Login success signal received. Role: ADMIN
2026-02-09 10:18:51,406 - SpareERP - INFO - User authenticated as ADMIN. Launching Main Window.
2026-02-09 10:18:51,408 - SpareERP - INFO - Initializing MainWindow...
2026-02-09 10:18:51,498 - SpareERP - INFO - Initializing InventoryPage...
2026-02-09 10:18:51,578 - SpareERP - INFO - InventoryPage Initialized Successfully.
2026-02-09 10:20:13,406 - SpareERP - INFO - Application starting...
2026-02-09 10:20:15,131 - SpareERP - INFO - Database initialized at c:\Users\Admin\Desktop\spare_ERP\data\spareparts_pro.db
2026-02-09 10:20:16,059 - SpareERP - INFO - Launching Login Window...
2026-02-09 10:20:24,015 - SpareERP - INFO - User admin logged in successfully
2026-02-09 10:20:24,015 - SpareERP - INFO - Login success signal received. Role: ADMIN
2026-02-09 10:20:24,021 - SpareERP - INFO - User authenticated as ADMIN. Launching Main Window.
2026-02-09 10:20:24,023 - SpareERP - INFO - Initializing MainWindow...
2026-02-09 10:20:24,115 - SpareERP - INFO - Initializing InventoryPage...
2026-02-09 10:20:24,148 - SpareERP - INFO - InventoryPage Initialized Successfully.
2026-02-09 10:21:09,223 - SpareERP - INFO - Application starting...
2026-02-09 10:21:10,976 - SpareERP - INFO - Database initialized at c:\Users\Admin\Desktop\spare_ERP\data\spareparts_pro.db
2026-02-09 10:21:11,878 - SpareERP - INFO - Launching Login Window...
2026-02-09 10:21:19,678 - SpareERP - INFO - User admin logged in successfully
2026-02-09 10:21:19,679 - SpareERP - INFO - Login success signal received. Role: ADMIN
2026-02-09 10:21:19,685 - SpareERP - INFO - User authenticated as ADMIN. Launching Main Window.
2026-02-09 10:21:19,687 - SpareERP - INFO - Initializing MainWindow...
2026-02-09 10:21:19,782 - SpareERP - INFO - Initializing InventoryPage...
2026-02-09 10:21:19,817 - SpareERP - INFO - InventoryPage Initialized Successfully.
2026-02-09 10:43:10,125 - SpareERP - INFO - Application starting...
2026-02-09 10:43:11,892 - SpareERP - INFO - Database initialized at c:\Users\Admin\Desktop\spare_ERP\data\spareparts_pro.db
2026-02-09 10:43:12,868 - SpareERP - INFO - Launching Login Window...
2026-02-09 10:43:26,525 - SpareERP - INFO - User admin logged in successfully
2026-02-09 10:43:26,525 - SpareERP - INFO - Login success signal received. Role: ADMIN
2026-02-09 10:43:26,532 - SpareERP - INFO - User authenticated as ADMIN. Launching Main Window.
2026-02-09 10:43:26,534 - SpareERP - INFO - Initializing MainWindow...
2026-02-09 10:43:26,621 - SpareERP - INFO - Initializing InventoryPage...
2026-02-09 10:43:26,654 - SpareERP - INFO - InventoryPage Initialized Successfully.
2026-02-09 10:44:06,722 - SpareERP - INFO - Application starting...
2026-02-09 10:44:08,448 - SpareERP - INFO - Database initialized at c:\Users\Admin\Desktop\spare_ERP\data\spareparts_pro.db
2026-02-09 10:44:09,305 - SpareERP - INFO - Launching Login Window...
2026-02-09 10:44:21,948 - SpareERP - INFO - User admin logged in successfully
2026-02-09 10:44:21,949 - SpareERP - INFO - Login success signal received. Role: ADMIN
2026-02-09 10:44:21,954 - SpareERP - INFO - User authenticated as ADMIN. Launching Main Window.
2026-02-09 10:44:21,956 - SpareERP - INFO - Initializing MainWindow...
2026-02-09 10:44:22,066 - SpareERP - INFO - Initializing InventoryPage...
2026-02-09 10:44:22,093 - SpareERP - INFO - InventoryPage Initialized Successfully.
2026-02-09 10:46:27,085 - SpareERP - INFO - Application starting...
2026-02-09 10:46:28,846 - SpareERP - INFO - Database initialized at c:\Users\Admin\Desktop\spare_ERP\data\spareparts_pro.db
2026-02-09 10:46:29,741 - SpareERP - INFO - Launching Login Window...
2026-02-09 10:46:39,011 - SpareERP - INFO - User admin logged in successfully
2026-02-09 10:46:39,012 - SpareERP - INFO - Login success signal received. Role: ADMIN
2026-02-09 10:46:39,018 - SpareERP - INFO - User authenticated as ADMIN. Launching Main Window.
2026-02-09 10:46:39,020 - SpareERP - INFO - Initializing MainWindow...
2026-02-09 10:46:39,106 - SpareERP - INFO - Initializing InventoryPage...
2026-02-09 10:46:39,140 - SpareERP - INFO - InventoryPage Initialized Successfully.
2026-02-09 10:47:14,586 - SpareERP - INFO - Application starting...
2026-02-09 10:47:16,380 - SpareERP - INFO - Database initialized at c:\Users\Admin\Desktop\spare_ERP\data\spareparts_pro.db
2026-02-09 10:47:17,276 - SpareERP - INFO - Launching Login Window...
2026-02-09 10:47:24,107 - SpareERP - INFO - User admin logged in successfully
2026-02-09 10:47:24,107 - SpareERP - INFO - Login success signal received. Role: ADMIN
2026-02-09 10:47:24,113 - SpareERP - INFO - User authenticated as ADMIN. Launching Main Window.
2026-02-09 10:47:24,114 - SpareERP - INFO - Initializing MainWindow...
2026-02-09 10:47:24,211 - SpareERP - INFO - Initializing InventoryPage...
2026-02-09 10:47:24,278 - SpareERP - INFO - InventoryPage Initialized Successfully.
2026-02-09 10:50:25,660 - SpareERP - INFO - Application starting...
2026-02-09 10:50:27,445 - SpareERP - INFO - Database initialized at c:\Users\Admin\Desktop\spare_ERP\data\spareparts_pro.db
2026-02-09 10:50:28,323 - SpareERP - INFO - Launching Login Window...
2026-02-09 10:50:37,889 - SpareERP - INFO - User admin logged in successfully
2026-02-09 10:50:37,890 - SpareERP - INFO - Login success signal received. Role: ADMIN
2026-02-09 10:50:37,895 - SpareERP - INFO - User authenticated as ADMIN. Launching Main Window.
2026-02-09 10:50:37,897 - SpareERP - INFO - Initializing MainWindow...
2026-02-09 10:50:37,994 - SpareERP - INFO - Initializing InventoryPage...
2026-02-09 10:50:38,028 - SpareERP - INFO - InventoryPage Initialized Successfully.
2026-02-09 10:50:38,379 - SpareERP - INFO - [Inventory] System initialized. Loaded 601 parts.
2026-02-09 11:19:36,982 - SpareERP - INFO - Application starting...
2026-02-09 11:19:38,998 - SpareERP - INFO - Database initialized at c:\Users\Admin\Desktop\spare_ERP\data\spareparts_pro.db
2026-02-09 11:19:40,037 - SpareERP - INFO - Launching Login Window...
2026-02-09 11:19:49,332 - SpareERP - INFO - User admin logged in successfully
2026-02-09 11:19:49,332 - SpareERP - INFO - Login success signal received. Role: ADMIN
2026-02-09 11:19:49,337 - SpareERP - INFO - User authenticated as ADMIN. Launching Main Window.
2026-02-09 11:19:49,339 - SpareERP - INFO - Initializing MainWindow...
2026-02-09 11:19:49,427 - SpareERP - INFO - Initializing InventoryPage...
2026-02-09 11:19:49,451 - SpareERP - INFO - InventoryPage Initialized Successfully.
2026-02-09 11:19:49,823 - SpareERP - INFO - [Inventory] System initialized. Loaded 601 parts.
2026-02-09 11:20:32,957 - SpareERP - INFO - Application starting...
2026-02-09 11:20:34,788 - SpareERP - INFO - Database initialized at c:\Users\Admin\Desktop\spare_ERP\data\spareparts_pro.db
2026-02-09 11:20:35,691 - SpareERP - INFO - Launching Login Window...
2026-02-09 11:20:48,308 - SpareERP - INFO - User admin logged in successfully
2026-02-09 11:20:48,309 - SpareERP - INFO - Login success signal received. Role: ADMIN
2026-02-09 11:20:48,316 - SpareERP - INFO - User authenticated as ADMIN. Launching Main Window.
2026-02-09 11:20:48,318 - SpareERP - INFO - Initializing MainWindow...
2026-02-09 11:20:48,430 - SpareERP - INFO - Initializing InventoryPage...
2026-02-09 11:20:48,452 - SpareERP - INFO - InventoryPage Initialized Successfully.
2026-02-09 11:20:48,793 - SpareERP - INFO - [Inventory] System initialized. Loaded 601 parts.
2026-02-09 11:21:44,678 - SpareERP - INFO - Application starting...
2026-02-09 11:21:46,476 - SpareERP - INFO - Database initialized at c:\Users\Admin\Desktop\spare_ERP\data\spareparts_pro.db
2026-02-09 11:21:47,378 - SpareERP - INFO - Launching Login Window...
2026-02-09 11:22:03,707 - SpareERP - INFO - User admin logged in successfully
2026-02-09 11:22:03,707 - SpareERP - INFO - Login success signal received. Role: ADMIN
2026-02-09 11:22:03,713 - SpareERP - INFO - User authenticated as ADMIN. Launching Main Window.
2026-02-09 11:22:03,715 - SpareERP - INFO - Initializing MainWindow...
2026-02-09 11:22:03,815 - SpareERP - INFO - Initializing InventoryPage...
2026-02-09 11:22:03,838 - SpareERP - INFO - InventoryPage Initialized Successfully.
2026-02-09 11:22:04,185 - SpareERP - INFO - [Inventory] System initialized. Loaded 601 parts.
2026-02-09 11:28:49,402 - SpareERP - INFO - Application starting...
2026-02-09 11:28:51,196 - SpareERP - INFO - Database initialized at c:\Users\Admin\Desktop\spare_ERP\data\spareparts_pro.db
2026-02-09 11:28:52,092 - SpareERP - INFO - Launching Login Window...
2026-02-09 11:29:00,888 - SpareERP - INFO - User admin logged in successfully
2026-02-09 11:29:00,888 - SpareERP - INFO - Login success signal received. Role: ADMIN
2026-02-09 11:29:00,894 - SpareERP - INFO - User authenticated as ADMIN. Launching Main Window.
2026-02-09 11:29:00,896 - SpareERP - INFO - Initializing MainWindow...
2026-02-09 11:29:01,078 - SpareERP - INFO - Initializing InventoryPage...
2026-02-09 11:29:01,106 - SpareERP - INFO - InventoryPage Initialized Successfully.
2026-02-09 11:29:01,459 - SpareERP - INFO - [Inventory] System initialized. Loaded 601 parts.
2026-02-09 11:35:03,717 - SpareERP - INFO - Application starting...
2026-02-09 11:35:05,473 - SpareERP - INFO - Database initialized at c:\Users\Admin\Desktop\spare_ERP\data\spareparts_pro.db
2026-02-09 11:35:06,371 - SpareERP - INFO - Launching Login Window...
2026-02-09 11:35:13,685 - SpareERP - INFO - User admin logged in successfully
2026-02-09 11:35:13,686 - SpareERP - INFO - Login success signal received. Role: ADMIN
2026-02-09 11:35:13,692 - SpareERP - INFO - User authenticated as ADMIN. Launching Main Window.
2026-02-09 11:35:13,696 - SpareERP - INFO - Initializing MainWindow...
2026-02-09 11:35:13,797 - SpareERP - INFO - Initializing InventoryPage...
2026-02-09 11:35:13,829 - SpareERP - INFO - InventoryPage Initialized Successfully.
2026-02-09 11:35:14,245 - SpareERP - INFO - [Inventory] System initialized. Loaded 601 parts.
2026-02-09 11:35:38,156 - SpareERP - INFO - Part deleted: LC00250
2026-02-09 11:35:40,037 - SpareERP - INFO - [Inventory] System initialized. Loaded 600 parts.
2026-02-09 11:44:26,937 - SpareERP - INFO - Application starting...
2026-02-09 11:44:28,691 - SpareERP - INFO - Database initialized at c:\Users\Admin\Desktop\spare_ERP\data\spareparts_pro.db
2026-02-09 11:44:29,554 - SpareERP - INFO - Launching Login Window...
2026-02-09 11:44:43,817 - SpareERP - INFO - User admin logged in successfully
2026-02-09 11:44:43,817 - SpareERP - INFO - Login success signal received. Role: ADMIN
2026-02-09 11:44:43,823 - SpareERP - INFO - User authenticated as ADMIN. Launching Main Window.
2026-02-09 11:44:43,825 - SpareERP - INFO - Initializing MainWindow...
2026-02-09 11:44:43,922 - SpareERP - INFO - Initializing InventoryPage...
2026-02-09 11:44:43,946 - SpareERP - INFO - InventoryPage Initialized Successfully.
2026-02-09 11:44:44,293 - SpareERP - INFO - [Inventory] System initialized. Loaded 600 parts.
2026-02-09 11:46:38,854 - SpareERP - INFO - Application starting...
2026-02-09 11:46:40,598 - SpareERP - INFO - Database initialized at c:\Users\Admin\Desktop\spare_ERP\data\spareparts_pro.db
2026-02-09 11:46:41,465 - SpareERP - INFO - Launching Login Window...
2026-02-09 11:46:49,040 - SpareERP - INFO - User admin logged in successfully
2026-02-09 11:46:49,040 - SpareERP - INFO - Login success signal received. Role: ADMIN
2026-02-09 11:46:49,047 - SpareERP - INFO - User authenticated as ADMIN. Launching Main Window.
2026-02-09 11:46:49,049 - SpareERP - INFO - Initializing MainWindow...
2026-02-09 11:46:49,141 - SpareERP - INFO - Initializing InventoryPage...
2026-02-09 11:46:49,164 - SpareERP - INFO - InventoryPage Initialized Successfully.
2026-02-09 11:46:49,509 - SpareERP - INFO - [Inventory] System initialized. Loaded 600 parts.
2026-02-09 11:47:26,045 - SpareERP - INFO - Application starting...
2026-02-09 11:47:27,786 - SpareERP - INFO - Database initialized at c:\Users\Admin\Desktop\spare_ERP\data\spareparts_pro.db
2026-02-09 11:47:28,647 - SpareERP - INFO - Launching Login Window...
2026-02-09 11:47:37,856 - SpareERP - INFO - User admin logged in successfully
2026-02-09 11:47:37,856 - SpareERP - INFO - Login success signal received. Role: ADMIN
2026-02-09 11:47:37,862 - SpareERP - INFO - User authenticated as ADMIN. Launching Main Window.
2026-02-09 11:47:37,864 - SpareERP - INFO - Initializing MainWindow...
2026-02-09 11:47:37,965 - SpareERP - INFO - Initializing InventoryPage...
2026-02-09 11:47:37,987 - SpareERP - INFO - InventoryPage Initialized Successfully.
2026-02-09 11:47:38,342 - SpareERP - INFO - [Inventory] System initialized. Loaded 600 parts.
2026-02-09 11:52:00,021 - SpareERP - INFO - Application starting...
2026-02-09 11:52:01,852 - SpareERP - INFO - Database initialized at c:\Users\Admin\Desktop\spare_ERP\data\spareparts_pro.db
2026-02-09 11:52:02,730 - SpareERP - INFO - Launching Login Window...
2026-02-09 11:52:14,253 - SpareERP - INFO - User admin logged in successfully
2026-02-09 11:52:14,254 - SpareERP - INFO - Login success signal received. Role: ADMIN
2026-02-09 11:52:14,261 - SpareERP - INFO - User authenticated as ADMIN. Launching Main Window.
2026-02-09 11:52:14,262 - SpareERP - INFO - Initializing MainWindow...
2026-02-09 11:52:14,366 - SpareERP - INFO - Initializing InventoryPage...
2026-02-09 11:52:14,388 - SpareERP - INFO - InventoryPage Initialized Successfully.
2026-02-09 11:52:14,813 - SpareERP - INFO - [Inventory] System initialized. Loaded 600 parts.
2026-02-09 11:54:37,721 - SpareERP - INFO - Application starting...
2026-02-09 11:54:39,513 - SpareERP - INFO - Database initialized at c:\Users\Admin\Desktop\spare_ERP\data\spareparts_pro.db
2026-02-09 11:54:40,392 - SpareERP - INFO - Launching Login Window...
2026-02-09 11:54:47,188 - SpareERP - INFO - User admin logged in successfully
2026-02-09 11:54:47,189 - SpareERP - INFO - Login success signal received. Role: ADMIN
2026-02-09 11:54:47,195 - SpareERP - INFO - User authenticated as ADMIN. Launching Main Window.
2026-02-09 11:54:47,197 - SpareERP - INFO - Initializing MainWindow...
2026-02-09 11:54:47,295 - SpareERP - INFO - Initializing InventoryPage...
2026-02-09 11:54:47,317 - SpareERP - INFO - InventoryPage Initialized Successfully.
2026-02-09 11:54:47,656 - SpareERP - INFO - [Inventory] System initialized. Loaded 600 parts.
2026-02-09 11:58:02,962 - SpareERP - INFO - Application starting...
2026-02-09 11:58:04,709 - SpareERP - INFO - Database initialized at c:\Users\Admin\Desktop\spare_ERP\data\spareparts_pro.db
2026-02-09 11:58:05,574 - SpareERP - INFO - Launching Login Window...
2026-02-09 11:58:13,435 - SpareERP - INFO - User admin logged in successfully
2026-02-09 11:58:13,435 - SpareERP - INFO - Login success signal received. Role: ADMIN
2026-02-09 11:58:13,441 - SpareERP - INFO - User authenticated as ADMIN. Launching Main Window.
2026-02-09 11:58:13,443 - SpareERP - INFO - Initializing MainWindow...
2026-02-09 11:58:13,552 - SpareERP - INFO - Initializing InventoryPage...
2026-02-09 11:58:13,576 - SpareERP - INFO - InventoryPage Initialized Successfully.
2026-02-09 11:58:13,963 - SpareERP - INFO - [Inventory] System initialized. Loaded 600 parts.
2026-02-09 11:58:23,079 - SpareERP - INFO - Application starting...
2026-02-09 11:58:24,833 - SpareERP - INFO - Database initialized at c:\Users\Admin\Desktop\spare_ERP\data\spareparts_pro.db
2026-02-09 11:58:25,691 - SpareERP - INFO - Launching Login Window...
2026-02-09 11:58:40,827 - SpareERP - INFO - User admin logged in successfully
2026-02-09 11:58:40,827 - SpareERP - INFO - Login success signal received. Role: ADMIN
2026-02-09 11:58:40,834 - SpareERP - INFO - User authenticated as ADMIN. Launching Main Window.
2026-02-09 11:58:40,835 - SpareERP - INFO - Initializing MainWindow...
2026-02-09 11:58:40,942 - SpareERP - INFO - Initializing InventoryPage...
2026-02-09 11:58:40,964 - SpareERP - INFO - InventoryPage Initialized Successfully.
2026-02-09 11:58:41,394 - SpareERP - INFO - [Inventory] System initialized. Loaded 600 parts.
2026-02-09 12:00:11,796 - SpareERP - INFO - Application starting...
2026-02-09 12:00:11,856 - SpareERP - CRITICAL - Unhandled exception in main loop: cannot access local variable 'login' where it is not associated with a value
Traceback (most recent call last):
  File "c:\Users\Admin\Desktop\spare_ERP\main.py", line 75, in main
    if login:
       ^^^^^
UnboundLocalError: cannot access local variable 'login' where it is not associated with a value
2026-02-09 12:01:13,083 - SpareERP - INFO - Application starting...
2026-02-09 12:01:14,839 - SpareERP - INFO - Database initialized at c:\Users\Admin\Desktop\spare_ERP\data\spareparts_pro.db
2026-02-09 12:01:15,715 - SpareERP - INFO - Launching Login Window...
2026-02-09 12:01:23,921 - SpareERP - INFO - User admin logged in successfully
2026-02-09 12:01:23,922 - SpareERP - INFO - Login success signal received. Role: ADMIN
2026-02-09 12:01:23,928 - SpareERP - INFO - User authenticated as ADMIN. Launching Main Window.
2026-02-09 12:01:23,930 - SpareERP - INFO - Initializing MainWindow...
2026-02-09 12:01:24,040 - SpareERP - INFO - Initializing InventoryPage...
2026-02-09 12:01:24,063 - SpareERP - INFO - InventoryPage Initialized Successfully.
2026-02-09 12:01:24,493 - SpareERP - INFO - [Inventory] System initialized. Loaded 600 parts.
2026-02-09 12:19:38,093 - SpareERP - INFO - Database initialized at c:\Users\Admin\Desktop\spare_ERP\data\spareparts_pro.db
2026-02-09 12:19:38,098 - SpareERP - INFO - Part added/updated: TEST-001
2026-02-09 12:19:38,099 - SpareERP - INFO - AI Query: hello
2026-02-09 12:19:38,100 - SpareERP - INFO - AI Query: parts for apache
2026-02-09 12:19:38,105 - SpareERP - INFO - AI Query: price of brake pad
2026-02-09 12:19:38,107 - SpareERP - INFO - AI Query: stock of apache brake pad
2026-02-09 12:19:38,110 - SpareERP - INFO - AI Query: parts for splendor
2026-02-09 12:20:07,719 - SpareERP - INFO - Database initialized at c:/Users/Admin/Desktop/spare_ERP/data/spareparts_pro.db
2026-02-09 12:20:07,724 - SpareERP - INFO - Part deleted: TEST-001
2026-02-09 12:21:46,036 - SpareERP - CRITICAL - Unhandled exception in main loop: unmatched ']' (custom_components.py, line 714)
Traceback (most recent call last):
  File "c:\Users\Admin\Desktop\spare_ERP\main.py", line 50, in main
    from custom_components import SciFiSplashScreen
  File "c:\Users\Admin\Desktop\spare_ERP\custom_components.py", line 714
    ]
    ^
SyntaxError: unmatched ']'
2026-02-09 12:23:30,433 - SpareERP - INFO - Application starting...
2026-02-09 12:23:32,208 - SpareERP - INFO - Database initialized at c:\Users\Admin\Desktop\spare_ERP\data\spareparts_pro.db
2026-02-09 12:23:33,076 - SpareERP - INFO - Launching Login Window...
2026-02-09 12:23:43,455 - SpareERP - WARNING - Failed login attempt for user: ADMIN
2026-02-09 12:23:53,703 - SpareERP - INFO - User admin logged in successfully
2026-02-09 12:23:53,704 - SpareERP - INFO - Login success signal received. Role: ADMIN
2026-02-09 12:23:53,710 - SpareERP - INFO - User authenticated as ADMIN. Launching Main Window.
2026-02-09 12:23:53,712 - SpareERP - INFO - Initializing MainWindow...
2026-02-09 12:23:53,815 - SpareERP - INFO - Initializing InventoryPage...
2026-02-09 12:23:53,837 - SpareERP - INFO - InventoryPage Initialized Successfully.
2026-02-09 12:23:54,173 - SpareERP - INFO - [Inventory] System initialized. Loaded 600 parts.
2026-02-09 12:32:56,483 - SpareERP - INFO - AI Query: rtr all part
2026-02-09 13:04:05,460 - SpareERP - INFO - Application starting...
2026-02-09 13:04:07,212 - SpareERP - INFO - Database initialized at c:\Users\Admin\Desktop\spare_ERP\data\spareparts_pro.db
2026-02-09 13:04:08,198 - SpareERP - INFO - Launching Login Window...
2026-02-09 13:04:19,965 - SpareERP - INFO - User admin logged in successfully
2026-02-09 13:04:19,966 - SpareERP - INFO - Login success signal received. Role: ADMIN
2026-02-09 13:04:19,972 - SpareERP - INFO - User authenticated as ADMIN. Launching Main Window.
2026-02-09 13:04:19,974 - SpareERP - INFO - Initializing MainWindow...
2026-02-09 13:04:19,978 - SpareERP - CRITICAL - Unhandled exception in main loop: expected an indented block after 'if' statement on line 27 (ai_manager.py, line 29)
Traceback (most recent call last):
  File "c:\Users\Admin\Desktop\spare_ERP\main.py", line 142, in main
    window = MainWindow(db_manager, login_state["role"])
  File "c:\Users\Admin\Desktop\spare_ERP\main_window.py", line 32, in __init__
    self.setup_ui()
    ~~~~~~~~~~~~~^^
  File "c:\Users\Admin\Desktop\spare_ERP\main_window.py", line 83, in setup_ui
    self.stacked_widget.addWidget(DashboardPage(self.db_manager))
                                  ~~~~~~~~~~~~~^^^^^^^^^^^^^^^^^
  File "c:\Users\Admin\Desktop\spare_ERP\dashboard_page.py", line 22, in __init__
    from ai_manager import AIAssistant
  File "c:\Users\Admin\Desktop\spare_ERP\ai_manager.py", line 29
    match_compat = re.search(r'(?:for|fits|model)\s+(?P<model>[\w\s\d]+)', text)
    ^^^^^^^^^^^^
IndentationError: expected an indented block after 'if' statement on line 27
2026-02-09 13:04:46,936 - SpareERP - INFO - Application starting...
2026-02-09 13:04:48,715 - SpareERP - INFO - Database initialized at c:\Users\Admin\Desktop\spare_ERP\data\spareparts_pro.db
2026-02-09 13:04:49,621 - SpareERP - INFO - Launching Login Window...
2026-02-09 13:04:58,429 - SpareERP - INFO - User admin logged in successfully
2026-02-09 13:04:58,429 - SpareERP - INFO - Login success signal received. Role: ADMIN
2026-02-09 13:04:58,436 - SpareERP - INFO - User authenticated as ADMIN. Launching Main Window.
2026-02-09 13:04:58,437 - SpareERP - INFO - Initializing MainWindow...
2026-02-09 13:04:58,441 - SpareERP - CRITICAL - Unhandled exception in main loop: expected an indented block after 'if' statement on line 27 (ai_manager.py, line 29)
Traceback (most recent call last):
  File "c:\Users\Admin\Desktop\spare_ERP\main.py", line 142, in main
    window = MainWindow(db_manager, login_state["role"])
  File "c:\Users\Admin\Desktop\spare_ERP\main_window.py", line 32, in __init__
    self.setup_ui()
    ~~~~~~~~~~~~~^^
  File "c:\Users\Admin\Desktop\spare_ERP\main_window.py", line 83, in setup_ui
    self.stacked_widget.addWidget(DashboardPage(self.db_manager))
                                  ~~~~~~~~~~~~~^^^^^^^^^^^^^^^^^
  File "c:\Users\Admin\Desktop\spare_ERP\dashboard_page.py", line 22, in __init__
    from ai_manager import AIAssistant
  File "c:\Users\Admin\Desktop\spare_ERP\ai_manager.py", line 29
    match_compat = re.search(r'(?:for|fits|model)\s+(?P<model>[\w\s\d]+)', text)
    ^^^^^^^^^^^^
IndentationError: expected an indented block after 'if' statement on line 27
2026-02-09 13:05:59,062 - SpareERP - INFO - Application starting...
2026-02-09 13:06:00,803 - SpareERP - INFO - Database initialized at c:\Users\Admin\Desktop\spare_ERP\data\spareparts_pro.db
2026-02-09 13:06:01,686 - SpareERP - INFO - Launching Login Window...
2026-02-09 13:06:08,300 - SpareERP - INFO - User admin logged in successfully
2026-02-09 13:06:08,301 - SpareERP - INFO - Login success signal received. Role: ADMIN
2026-02-09 13:06:08,308 - SpareERP - INFO - User authenticated as ADMIN. Launching Main Window.
2026-02-09 13:06:08,310 - SpareERP - INFO - Initializing MainWindow...
2026-02-09 13:06:08,439 - SpareERP - INFO - Initializing InventoryPage...
2026-02-09 13:06:08,461 - SpareERP - INFO - InventoryPage Initialized Successfully.
2026-02-09 13:06:08,843 - SpareERP - INFO - [Inventory] System initialized. Loaded 600 parts.
2026-02-09 13:06:30,164 - SpareERP - INFO - AI Query: part for xl 100
2026-02-09 13:06:52,428 - SpareERP - INFO - AI Query: cham chain
2026-02-09 13:21:12,524 - SpareERP - INFO - Application starting...
2026-02-09 13:21:14,312 - SpareERP - INFO - Database initialized at c:\Users\Admin\Desktop\spare_ERP\data\spareparts_pro.db
2026-02-09 13:21:15,217 - SpareERP - INFO - Launching Login Window...
2026-02-09 13:21:23,126 - SpareERP - INFO - User admin logged in successfully
2026-02-09 13:21:23,126 - SpareERP - INFO - Login success signal received. Role: ADMIN
2026-02-09 13:21:23,132 - SpareERP - INFO - User authenticated as ADMIN. Launching Main Window.
2026-02-09 13:21:23,135 - SpareERP - INFO - Initializing MainWindow...
2026-02-09 13:21:23,160 - SpareERP - INFO - AI Cache: 221 vehicle models, 360 part keywords
2026-02-09 13:21:23,266 - SpareERP - INFO - Initializing InventoryPage...
2026-02-09 13:21:23,290 - SpareERP - INFO - InventoryPage Initialized Successfully.
2026-02-09 13:21:23,825 - SpareERP - INFO - [Inventory] System initialized. Loaded 600 parts.
2026-02-09 13:21:37,901 - SpareERP - INFO - AI Query: chain lub
2026-02-09 13:22:04,941 - SpareERP - INFO - AI Query: cham chain
2026-02-09 13:26:44,456 - SpareERP - INFO - Application starting...
2026-02-09 13:26:46,218 - SpareERP - INFO - Database initialized at c:\Users\Admin\Desktop\spare_ERP\data\spareparts_pro.db
2026-02-09 13:26:47,118 - SpareERP - INFO - Launching Login Window...
2026-02-09 13:26:54,499 - SpareERP - INFO - User admin logged in successfully
2026-02-09 13:26:54,499 - SpareERP - INFO - Login success signal received. Role: ADMIN
2026-02-09 13:26:54,505 - SpareERP - INFO - User authenticated as ADMIN. Launching Main Window.
2026-02-09 13:26:54,507 - SpareERP - INFO - Initializing MainWindow...
2026-02-09 13:26:54,525 - SpareERP - INFO - AI Cache: 221 vehicle models, 360 part keywords
2026-02-09 13:26:54,629 - SpareERP - INFO - Initializing InventoryPage...
2026-02-09 13:26:54,650 - SpareERP - INFO - InventoryPage Initialized Successfully.
2026-02-09 13:26:55,112 - SpareERP - INFO - [Inventory] System initialized. Loaded 600 parts.
2026-02-09 13:40:23,073 - SpareERP - INFO - Application starting...
2026-02-09 13:40:24,872 - SpareERP - INFO - Database initialized at c:\Users\Admin\Desktop\spare_ERP\data\spareparts_pro.db
2026-02-09 13:40:25,777 - SpareERP - INFO - Launching Login Window...
2026-02-09 13:40:34,981 - SpareERP - INFO - User admin logged in successfully
2026-02-09 13:40:34,981 - SpareERP - INFO - Login success signal received. Role: ADMIN
2026-02-09 13:40:34,988 - SpareERP - INFO - User authenticated as ADMIN. Launching Main Window.
2026-02-09 13:40:34,990 - SpareERP - INFO - Initializing MainWindow...
2026-02-09 13:40:35,008 - SpareERP - INFO - AI Cache: 221 vehicle models, 360 part keywords
2026-02-09 13:40:35,109 - SpareERP - INFO - Initializing InventoryPage...
2026-02-09 13:40:35,132 - SpareERP - INFO - InventoryPage Initialized Successfully.
2026-02-09 13:40:35,631 - SpareERP - INFO - [Inventory] System initialized. Loaded 600 parts.
2026-02-09 13:43:39,274 - SpareERP - INFO - Application starting...
2026-02-09 13:43:41,158 - SpareERP - INFO - Database initialized at c:\Users\Admin\Desktop\spare_ERP\data\spareparts_pro.db
2026-02-09 13:43:42,045 - SpareERP - INFO - Launching Login Window...
2026-02-09 13:43:59,571 - SpareERP - INFO - User admin logged in successfully
2026-02-09 13:43:59,572 - SpareERP - INFO - Login success signal received. Role: ADMIN
2026-02-09 13:43:59,578 - SpareERP - INFO - User authenticated as ADMIN. Launching Main Window.
2026-02-09 13:43:59,580 - SpareERP - INFO - Initializing MainWindow...
2026-02-09 13:43:59,596 - SpareERP - INFO - AI Cache: 221 vehicle models, 360 part keywords
2026-02-09 13:43:59,708 - SpareERP - INFO - Initializing InventoryPage...
2026-02-09 13:43:59,731 - SpareERP - INFO - InventoryPage Initialized Successfully.
2026-02-09 13:44:00,198 - SpareERP - INFO - [Inventory] System initialized. Loaded 600 parts.
2026-02-09 14:35:40,035 - SpareERP - INFO - Application starting...
2026-02-09 14:35:41,829 - SpareERP - INFO - Database initialized at c:\Users\Admin\Desktop\spare_ERP\data\spareparts_pro.db
2026-02-09 14:35:42,738 - SpareERP - INFO - Launching Login Window...
2026-02-09 14:35:59,220 - SpareERP - INFO - User admin logged in successfully
2026-02-09 14:35:59,221 - SpareERP - INFO - Login success signal received. Role: ADMIN
2026-02-09 14:35:59,228 - SpareERP - INFO - User authenticated as ADMIN. Launching Main Window.
2026-02-09 14:35:59,231 - SpareERP - INFO - Initializing MainWindow...
2026-02-09 14:35:59,253 - SpareERP - INFO - AI Cache: 221 vehicle models, 360 part keywords
2026-02-09 14:35:59,396 - SpareERP - INFO - Initializing InventoryPage...
2026-02-09 14:35:59,426 - SpareERP - INFO - InventoryPage Initialized Successfully.
2026-02-09 14:35:59,847 - SpareERP - INFO - [Inventory] System initialized. Loaded 600 parts.
2026-02-09 15:09:45,147 - SpareERP - INFO - Application starting...
2026-02-09 15:09:46,922 - SpareERP - INFO - Database initialized at c:\Users\Admin\Desktop\spare_ERP\data\spareparts_pro.db
2026-02-09 15:09:47,820 - SpareERP - INFO - Launching Login Window...
2026-02-09 15:10:05,948 - SpareERP - INFO - User admin logged in successfully
2026-02-09 15:10:05,949 - SpareERP - INFO - Login success signal received. Role: ADMIN
2026-02-09 15:10:05,955 - SpareERP - INFO - User authenticated as ADMIN. Launching Main Window.
2026-02-09 15:10:05,957 - SpareERP - INFO - Initializing MainWindow...
2026-02-09 15:10:05,981 - SpareERP - INFO - AI Cache: 221 vehicle models, 360 part keywords
2026-02-09 15:10:06,086 - SpareERP - INFO - Initializing InventoryPage...
2026-02-09 15:10:06,108 - SpareERP - INFO - InventoryPage Initialized Successfully.
2026-02-09 15:10:06,176 - SpareERP - ERROR - Error getting top selling parts: no such table: invoice_items
2026-02-09 15:10:06,441 - SpareERP - INFO - [Inventory] System initialized. Loaded 600 parts.
2026-02-09 15:17:40,390 - SpareERP - ERROR - Error getting top selling parts: no such table: invoice_items
2026-02-09 15:18:24,417 - SpareERP - INFO - AI Query: xl 100 ki oil seal
2026-02-09 15:19:05,368 - SpareERP - INFO - AI Query: rtr ka chain sproket
2026-02-09 15:19:46,321 - SpareERP - INFO - AI Query: xl 100 ka spro
2026-02-09 15:19:46,331 - SpareERP - INFO - Fuzzy matched part 'SPRO' to 'SPROKET' (score: 0.80)
2026-02-09 15:31:54,592 - SpareERP - INFO - Application starting...
2026-02-09 15:31:56,405 - SpareERP - INFO - Database initialized at c:\Users\Admin\Desktop\spare_ERP\data\spareparts_pro.db
2026-02-09 15:31:57,322 - SpareERP - INFO - Launching Login Window...
2026-02-09 15:32:09,987 - SpareERP - INFO - User admin logged in successfully
2026-02-09 15:32:09,987 - SpareERP - INFO - Login success signal received. Role: ADMIN
2026-02-09 15:32:09,994 - SpareERP - INFO - User authenticated as ADMIN. Launching Main Window.
2026-02-09 15:32:09,996 - SpareERP - INFO - Initializing MainWindow...
2026-02-09 15:32:10,015 - SpareERP - INFO - AI Cache: 221 vehicle models, 360 part keywords
2026-02-09 15:32:10,121 - SpareERP - INFO - Initializing InventoryPage...
2026-02-09 15:32:10,143 - SpareERP - INFO - InventoryPage Initialized Successfully.
2026-02-09 15:32:10,203 - SpareERP - ERROR - Error getting top selling parts: no such table: invoice_items
2026-02-09 15:32:10,513 - SpareERP - INFO - [Inventory] System initialized. Loaded 600 parts.
2026-02-09 15:32:26,378 - SpareERP - ERROR - Error getting top selling parts: no such table: invoice_items
2026-02-09 15:32:27,914 - SpareERP - ERROR - Error getting top selling parts: no such table: invoice_items
2026-02-09 15:32:32,793 - SpareERP - ERROR - Error getting top selling parts: no such table: invoice_items
2026-02-09 15:32:34,860 - SpareERP - ERROR - Error getting top selling parts: no such table: invoice_items
2026-02-09 15:32:36,337 - SpareERP - ERROR - Error getting top selling parts: no such table: invoice_items
2026-02-09 15:32:37,029 - SpareERP - ERROR - Error getting top selling parts: no such table: invoice_items
2026-02-09 16:12:54,031 - SpareERP - INFO - Database initialized at c:\Users\Admin\Desktop\spare_ERP\data\spareparts_pro.db
2026-02-09 16:12:54,038 - SpareERP - INFO - Part added/updated: TEST-002
2026-02-09 16:12:54,046 - SpareERP - INFO - AI Cache: 222 vehicle models, 361 part keywords
2026-02-09 16:12:54,047 - SpareERP - INFO - AI Query: Namaste
2026-02-09 16:12:54,049 - SpareERP - INFO - AI Query: Hello
2026-02-09 16:12:54,050 - SpareERP - INFO - AI Query: Parts for Ronin
2026-02-09 16:12:54,055 - SpareERP - INFO - AI Query: Price of Ronin Chain Kit
2026-02-09 16:30:54,086 - SpareERP - INFO - Database initialized at c:\Users\Admin\Desktop\spare_ERP\data\spareparts_pro.db
2026-02-09 16:30:54,091 - SpareERP - INFO - Part added/updated: TEST-002
2026-02-09 16:30:54,099 - SpareERP - INFO - AI Cache: 222 vehicle models, 361 part keywords
2026-02-09 16:30:54,100 - SpareERP - INFO - AI Query: Namaste
2026-02-09 16:30:54,101 - SpareERP - INFO - AI Query: Hello
2026-02-09 16:30:54,102 - SpareERP - INFO - AI Query: Parts for Ronin
2026-02-09 16:30:54,106 - SpareERP - INFO - AI Query: Price of Ronin Chain Kit
2026-02-09 16:35:55,202 - SpareERP - INFO - Application starting...
2026-02-09 16:35:57,158 - SpareERP - INFO - Database initialized at c:\Users\Admin\Desktop\spare_ERP\data\spareparts_pro.db
2026-02-09 16:35:58,777 - SpareERP - INFO - Launching Login Window...
2026-02-09 16:36:16,099 - SpareERP - INFO - User admin logged in successfully
2026-02-09 16:36:16,100 - SpareERP - INFO - Login success signal received. Role: ADMIN
2026-02-09 16:36:16,105 - SpareERP - INFO - User authenticated as ADMIN. Launching Main Window.
2026-02-09 16:36:16,109 - SpareERP - INFO - Initializing MainWindow...
2026-02-09 16:36:16,133 - SpareERP - INFO - AI Cache: 222 vehicle models, 361 part keywords
2026-02-09 16:36:16,303 - SpareERP - INFO - Initializing InventoryPage...
2026-02-09 16:36:16,332 - SpareERP - INFO - InventoryPage Initialized Successfully.
2026-02-09 16:36:16,756 - SpareERP - INFO - [Inventory] System initialized. Loaded 601 parts.
2026-02-09 16:37:54,282 - SpareERP - INFO - AI Query: rtr 4v cylender gasket
2026-02-09 16:58:37,395 - SpareERP - INFO - Migrated schema: Added last_login to users table
2026-02-09 16:58:37,398 - SpareERP - INFO - Migrated schema: Added permissions to users table
2026-02-09 16:58:37,399 - SpareERP - INFO - Database initialized at c:\Users\Admin\Desktop\spare_ERP\data\spareparts_pro.db
2026-02-09 17:00:07,861 - SpareERP - INFO - Application starting...
2026-02-09 17:00:09,694 - SpareERP - INFO - Database initialized at c:\Users\Admin\Desktop\spare_ERP\data\spareparts_pro.db
2026-02-09 17:00:10,582 - SpareERP - INFO - Launching Login Window...
2026-02-09 17:00:18,598 - SpareERP - INFO - User admin logged in successfully
2026-02-09 17:00:23,644 - SpareERP - ERROR - Error logging activity: database is locked
2026-02-09 17:00:23,646 - SpareERP - INFO - Login success signal received. Role: ADMIN
2026-02-09 17:00:23,662 - SpareERP - INFO - User authenticated as ADMIN. Launching Main Window.
2026-02-09 17:00:23,667 - SpareERP - INFO - Initializing MainWindow...
2026-02-09 17:00:23,696 - SpareERP - INFO - AI Cache: 222 vehicle models, 361 part keywords
2026-02-09 17:00:23,795 - SpareERP - INFO - Initializing InventoryPage...
2026-02-09 17:00:23,816 - SpareERP - INFO - InventoryPage Initialized Successfully.
2026-02-09 17:00:24,165 - SpareERP - INFO - [Inventory] System initialized. Loaded 601 parts.
2026-02-09 17:08:59,955 - SpareERP - INFO - Database initialized at c:\Users\Admin\Desktop\spare_ERP\data\spareparts_pro.db
2026-02-09 17:08:59,972 - SpareERP - INFO - AI Cache: 222 vehicle models, 361 part keywords
2026-02-09 17:10:12,110 - SpareERP - INFO - Application starting...
2026-02-09 17:10:13,930 - SpareERP - INFO - Database initialized at c:\Users\Admin\Desktop\spare_ERP\data\spareparts_pro.db
2026-02-09 17:10:14,829 - SpareERP - INFO - Launching Login Window...
2026-02-09 17:10:22,194 - SpareERP - INFO - User admin logged in successfully
2026-02-09 17:10:27,244 - SpareERP - ERROR - Error logging activity: database is locked
2026-02-09 17:10:27,246 - SpareERP - INFO - Login success signal received. Role: ADMIN
2026-02-09 17:10:27,261 - SpareERP - INFO - User authenticated as ADMIN. Launching Main Window.
2026-02-09 17:10:27,265 - SpareERP - INFO - Initializing MainWindow...
2026-02-09 17:10:27,297 - SpareERP - INFO - AI Cache: 222 vehicle models, 361 part keywords
2026-02-09 17:10:27,422 - SpareERP - INFO - Initializing InventoryPage...
2026-02-09 17:10:27,444 - SpareERP - INFO - InventoryPage Initialized Successfully.
2026-02-09 17:10:27,557 - SpareERP - INFO - AI Cache: 222 vehicle models, 361 part keywords
2026-02-09 17:10:27,765 - SpareERP - INFO - [Inventory] System initialized. Loaded 601 parts.
2026-02-09 17:10:38,479 - SpareERP - INFO - Expense added: Tea, 15.0
2026-02-09 17:12:49,762 - SpareERP - INFO - Application starting...
2026-02-09 17:12:51,504 - SpareERP - INFO - Database initialized at c:\Users\Admin\Desktop\spare_ERP\data\spareparts_pro.db
2026-02-09 17:12:52,370 - SpareERP - INFO - Launching Login Window...
2026-02-09 17:13:00,081 - SpareERP - INFO - User admin logged in successfully
2026-02-09 17:13:05,128 - SpareERP - ERROR - Error logging activity: database is locked
2026-02-09 17:13:05,129 - SpareERP - INFO - Login success signal received. Role: ADMIN
2026-02-09 17:13:05,142 - SpareERP - INFO - User authenticated as ADMIN. Launching Main Window.
2026-02-09 17:13:05,145 - SpareERP - INFO - Initializing MainWindow...
2026-02-09 17:13:05,177 - SpareERP - INFO - AI Cache: 222 vehicle models, 361 part keywords
2026-02-09 17:13:05,354 - SpareERP - INFO - Initializing InventoryPage...
2026-02-09 17:13:05,383 - SpareERP - INFO - InventoryPage Initialized Successfully.
2026-02-09 17:13:05,512 - SpareERP - INFO - AI Cache: 222 vehicle models, 361 part keywords
2026-02-09 17:13:05,718 - SpareERP - INFO - [Inventory] System initialized. Loaded 601 parts.
2026-02-09 17:13:13,597 - SpareERP - INFO - Expense added: Tea, 15.0
2026-02-09 17:13:15,378 - SpareERP - INFO - Expense added: Tea, 15.0
2026-02-09 17:13:19,828 - SpareERP - INFO - Expense added: Tea, 15.0
2026-02-09 17:13:22,387 - SpareERP - INFO - Expense added: Tea, 15.0
2026-02-09 17:13:26,942 - SpareERP - INFO - Expense added: Shop Repair, 500.0
2026-02-09 17:13:28,214 - SpareERP - INFO - Expense added: Shop Repair, 500.0
2026-02-09 17:13:31,234 - SpareERP - INFO - Expense added: Petrol, 200.0
2026-02-09 17:13:32,675 - SpareERP - INFO - Expense added: Lunch, 120.0
2026-02-09 17:13:34,545 - SpareERP - INFO - Expense added: Lunch, 120.0
2026-02-09 17:13:36,052 - SpareERP - INFO - Expense added: Lunch, 120.0
2026-02-09 17:13:40,215 - SpareERP - INFO - Expense added: Tea, 15.0
2026-02-09 17:13:41,606 - SpareERP - INFO - Expense added: Tea, 15.0
2026-02-09 17:13:43,310 - SpareERP - INFO - Expense added: Tea, 15.0
2026-02-09 17:13:45,338 - SpareERP - INFO - Expense added: Lunch, 120.0
2026-02-09 17:14:01,888 - SpareERP - INFO - Expense added: Tea, 30.0
2026-02-09 17:14:51,513 - SpareERP - INFO - Expense added: Lunch, 30.0
2026-02-09 17:15:30,947 - SpareERP - INFO - User deleted: ID 2
2026-02-09 17:16:26,303 - SpareERP - INFO - AI Query: rtr clutch assy
2026-02-09 17:26:50,076 - SpareERP - INFO - Database initialized at c:\Users\Admin\Desktop\spare_ERP\data\spareparts_pro.db
2026-02-09 17:26:50,088 - SpareERP - INFO - AI Cache: 222 vehicle models, 361 part keywords
2026-02-09 17:30:55,287 - SpareERP - INFO - Application starting...
2026-02-09 17:30:57,023 - SpareERP - INFO - Database initialized at c:\Users\Admin\Desktop\spare_ERP\data\spareparts_pro.db
2026-02-09 17:30:58,456 - SpareERP - INFO - Launching Login Window...
2026-02-09 17:31:08,019 - SpareERP - INFO - User admin logged in successfully
2026-02-09 17:31:13,063 - SpareERP - ERROR - Error logging activity: database is locked
2026-02-09 17:31:13,065 - SpareERP - INFO - Login success signal received. Role: ADMIN
2026-02-09 17:31:13,078 - SpareERP - INFO - User authenticated as ADMIN. Launching Main Window.
2026-02-09 17:31:13,082 - SpareERP - INFO - Initializing MainWindow...
2026-02-09 17:31:13,113 - SpareERP - INFO - AI Cache: 222 vehicle models, 361 part keywords
2026-02-09 17:31:13,240 - SpareERP - INFO - Initializing InventoryPage...
2026-02-09 17:31:13,262 - SpareERP - INFO - InventoryPage Initialized Successfully.
2026-02-09 17:31:13,379 - SpareERP - INFO - AI Cache: 222 vehicle models, 361 part keywords
2026-02-09 17:31:13,616 - SpareERP - INFO - [Inventory] System initialized. Loaded 601 parts.
2026-02-09 17:33:02,635 - SpareERP - INFO - Database initialized at c:\Users\Admin\Desktop\spare_ERP\data\spareparts_pro.db
2026-02-09 17:33:02,647 - SpareERP - INFO - AI Cache: 222 vehicle models, 361 part keywords
2026-02-09 17:36:35,358 - SpareERP - INFO - Application starting...
2026-02-09 17:36:37,179 - SpareERP - INFO - Database initialized at c:\Users\Admin\Desktop\spare_ERP\data\spareparts_pro.db
2026-02-09 17:36:38,066 - SpareERP - INFO - Launching Login Window...
2026-02-09 17:36:47,689 - SpareERP - INFO - User admin logged in successfully
2026-02-09 17:36:52,730 - SpareERP - ERROR - Error logging activity: database is locked
2026-02-09 17:36:52,732 - SpareERP - INFO - Login success signal received. Role: ADMIN
2026-02-09 17:36:52,738 - SpareERP - INFO - User authenticated as ADMIN. Launching Main Window.
2026-02-09 17:36:52,740 - SpareERP - INFO - Initializing MainWindow...
2026-02-09 17:36:52,764 - SpareERP - INFO - AI Cache: 222 vehicle models, 361 part keywords
2026-02-09 17:36:52,885 - SpareERP - INFO - Initializing InventoryPage...
2026-02-09 17:36:52,907 - SpareERP - INFO - InventoryPage Initialized Successfully.
2026-02-09 17:36:53,021 - SpareERP - INFO - AI Cache: 222 vehicle models, 361 part keywords
2026-02-09 17:36:53,238 - SpareERP - INFO - [Inventory] System initialized. Loaded 601 parts.
2026-02-09 17:39:17,836 - SpareERP - INFO - Application starting...
2026-02-09 17:39:19,656 - SpareERP - INFO - Database initialized at c:\Users\Admin\Desktop\spare_ERP\data\spareparts_pro.db
2026-02-09 17:39:20,553 - SpareERP - INFO - Launching Login Window...
2026-02-09 17:39:30,800 - SpareERP - WARNING - Failed login attempt for user: admin
2026-02-09 17:39:40,528 - SpareERP - INFO - User admin logged in successfully
2026-02-09 17:39:45,574 - SpareERP - ERROR - Error logging activity: database is locked
2026-02-09 17:39:45,575 - SpareERP - INFO - Login success signal received. Role: ADMIN
2026-02-09 17:39:45,583 - SpareERP - INFO - User authenticated as ADMIN. Launching Main Window.
2026-02-09 17:39:45,585 - SpareERP - INFO - Initializing MainWindow...
2026-02-09 17:39:45,613 - SpareERP - INFO - AI Cache: 222 vehicle models, 361 part keywords
2026-02-09 17:39:45,751 - SpareERP - INFO - Initializing InventoryPage...
2026-02-09 17:39:45,774 - SpareERP - INFO - InventoryPage Initialized Successfully.
2026-02-09 17:39:45,888 - SpareERP - INFO - AI Cache: 222 vehicle models, 361 part keywords
2026-02-09 17:39:46,206 - SpareERP - INFO - [Inventory] System initialized. Loaded 601 parts.
2026-02-09 17:54:37,915 - SpareERP - INFO - Invoice saved: INV-1045
2026-02-09 17:54:37,915 - SpareERP - INFO - Invoice generated: INV-1045 for SATISH
2026-02-09 17:54:37,921 - SpareERP - INFO - Part sold: TR600030, Qty: 1, Inv: INV-1045
2026-02-09 17:54:37,928 - SpareERP - INFO - Part sold: TR600220, Qty: 1, Inv: INV-1045
2026-02-09 17:54:37,934 - SpareERP - INFO - Part sold: TR600080, Qty: 1, Inv: INV-1045
2026-02-09 17:54:37,941 - SpareERP - INFO - Part sold: M1080540, Qty: 1, Inv: INV-1045
2026-02-09 17:54:37,947 - SpareERP - INFO - Part sold: NF330201, Qty: 1, Inv: INV-1045
2026-02-09 17:54:39,250 - SpareERP - INFO - Sending WhatsApp for INV-1045 to 6392159704
2026-02-09 18:06:58,746 - SpareERP - INFO - Application starting...
2026-02-09 18:07:00,555 - SpareERP - INFO - Database initialized at c:\Users\Admin\Desktop\spare_ERP\data\spareparts_pro.db
2026-02-09 18:07:01,431 - SpareERP - INFO - Launching Login Window...
2026-02-09 18:07:18,126 - SpareERP - INFO - User admin logged in successfully
2026-02-09 18:07:23,171 - SpareERP - ERROR - Error logging activity: database is locked
2026-02-09 18:07:23,173 - SpareERP - INFO - Login success signal received. Role: ADMIN
2026-02-09 18:07:23,187 - SpareERP - INFO - User authenticated as ADMIN. Launching Main Window.
2026-02-09 18:07:23,190 - SpareERP - INFO - Initializing MainWindow...
2026-02-09 18:07:23,218 - SpareERP - INFO - AI Cache: 222 vehicle models, 361 part keywords
2026-02-09 18:07:23,345 - SpareERP - INFO - Initializing InventoryPage...
2026-02-09 18:07:23,366 - SpareERP - INFO - InventoryPage Initialized Successfully.
2026-02-09 18:07:23,488 - SpareERP - INFO - AI Cache: 222 vehicle models, 361 part keywords
2026-02-09 18:07:23,718 - SpareERP - INFO - [Inventory] System initialized. Loaded 601 parts.
2026-02-11 10:52:34,352 - SpareERP - INFO - Application starting...
2026-02-11 10:52:40,004 - SpareERP - INFO - Database initialized at c:\Users\Admin\Desktop\spare_ERP\data\spareparts_pro.db
2026-02-11 10:52:41,631 - SpareERP - INFO - Launching Login Window...
2026-02-11 10:52:53,637 - SpareERP - INFO - User admin logged in successfully
2026-02-11 10:52:58,677 - SpareERP - ERROR - Error logging activity: database is locked
2026-02-11 10:52:58,679 - SpareERP - INFO - Login success signal received. Role: ADMIN
2026-02-11 10:52:58,690 - SpareERP - INFO - User authenticated as ADMIN. Launching Main Window.
2026-02-11 10:52:58,697 - SpareERP - INFO - Initializing MainWindow...
2026-02-11 10:52:58,729 - SpareERP - INFO - AI Cache: 222 vehicle models, 361 part keywords
2026-02-11 10:52:58,911 - SpareERP - INFO - Initializing InventoryPage...
2026-02-11 10:52:58,937 - SpareERP - INFO - InventoryPage Initialized Successfully.
2026-02-11 10:52:59,066 - SpareERP - INFO - AI Cache: 222 vehicle models, 361 part keywords
2026-02-11 10:52:59,360 - SpareERP - INFO - [Inventory] System initialized. Loaded 601 parts.
2026-02-11 10:54:08,997 - SpareERP - INFO - AI Query: xl100 clutch
2026-02-11 10:54:31,296 - SpareERP - INFO - AI Query: rtr clutch
2026-02-11 10:57:35,255 - SpareERP - INFO - Application starting...
2026-02-11 10:57:36,975 - SpareERP - INFO - Database initialized at c:\Users\Admin\Desktop\spare_ERP\data\spareparts_pro.db
2026-02-11 10:57:37,838 - SpareERP - INFO - Launching Login Window...
2026-02-11 10:57:48,118 - SpareERP - INFO - User admin logged in successfully
2026-02-11 10:57:53,158 - SpareERP - ERROR - Error logging activity: database is locked
2026-02-11 10:57:53,159 - SpareERP - INFO - Login success signal received. Role: ADMIN
2026-02-11 10:57:53,172 - SpareERP - INFO - User authenticated as ADMIN. Launching Main Window.
2026-02-11 10:57:53,175 - SpareERP - INFO - Initializing MainWindow...
2026-02-11 10:57:53,205 - SpareERP - INFO - AI Cache: 222 vehicle models, 361 part keywords
2026-02-11 10:57:53,317 - SpareERP - INFO - Initializing InventoryPage...
2026-02-11 10:57:53,339 - SpareERP - INFO - InventoryPage Initialized Successfully.
2026-02-11 10:57:53,453 - SpareERP - INFO - AI Cache: 222 vehicle models, 361 part keywords
2026-02-11 10:57:53,721 - SpareERP - INFO - [Inventory] System initialized. Loaded 601 parts.
2026-02-11 11:03:35,769 - SpareERP - INFO - Application starting...
2026-02-11 11:03:37,512 - SpareERP - INFO - Database initialized at c:\Users\Admin\Desktop\spare_ERP\data\spareparts_pro.db
2026-02-11 11:03:38,407 - SpareERP - INFO - Launching Login Window...
2026-02-11 11:03:50,611 - SpareERP - INFO - User admin logged in successfully
2026-02-11 11:03:55,656 - SpareERP - ERROR - Error logging activity: database is locked
2026-02-11 11:03:55,658 - SpareERP - INFO - Login success signal received. Role: ADMIN
2026-02-11 11:03:55,673 - SpareERP - INFO - User authenticated as ADMIN. Launching Main Window.
2026-02-11 11:03:55,679 - SpareERP - INFO - Initializing MainWindow...
2026-02-11 11:03:55,703 - SpareERP - INFO - AI Cache: 222 vehicle models, 361 part keywords
2026-02-11 11:03:55,850 - SpareERP - INFO - Initializing InventoryPage...
2026-02-11 11:03:55,873 - SpareERP - INFO - InventoryPage Initialized Successfully.
2026-02-11 11:03:55,973 - SpareERP - INFO - AI Cache: 222 vehicle models, 361 part keywords
2026-02-11 11:03:56,189 - SpareERP - INFO - [Inventory] System initialized. Loaded 601 parts.
2026-02-11 11:05:44,472 - SpareERP - INFO - Application starting...
2026-02-11 11:05:46,226 - SpareERP - INFO - Database initialized at c:\Users\Admin\Desktop\spare_ERP\data\spareparts_pro.db
2026-02-11 11:05:47,087 - SpareERP - INFO - Launching Login Window...
2026-02-11 11:05:55,818 - SpareERP - INFO - User admin logged in successfully
2026-02-11 11:06:00,857 - SpareERP - ERROR - Error logging activity: database is locked
2026-02-11 11:06:00,859 - SpareERP - INFO - Login success signal received. Role: ADMIN
2026-02-11 11:06:00,872 - SpareERP - INFO - User authenticated as ADMIN. Launching Main Window.
2026-02-11 11:06:00,875 - SpareERP - INFO - Initializing MainWindow...
2026-02-11 11:06:00,908 - SpareERP - INFO - AI Cache: 222 vehicle models, 361 part keywords
2026-02-11 11:06:01,054 - SpareERP - INFO - Initializing InventoryPage...
2026-02-11 11:06:01,076 - SpareERP - INFO - InventoryPage Initialized Successfully.
2026-02-11 11:06:01,182 - SpareERP - INFO - AI Cache: 222 vehicle models, 361 part keywords
2026-02-11 11:06:01,399 - SpareERP - INFO - [Inventory] System initialized. Loaded 601 parts.
2026-02-11 11:22:49,501 - SpareERP - INFO - Application starting...
2026-02-11 11:22:55,033 - SpareERP - INFO - Database initialized at c:\Users\Admin\Desktop\spare_ERP\data\spareparts_pro.db
2026-02-11 11:22:56,602 - SpareERP - INFO - Launching Login Window...
2026-02-11 11:23:13,203 - SpareERP - INFO - User admin logged in successfully
2026-02-11 11:23:18,240 - SpareERP - ERROR - Error logging activity: database is locked
2026-02-11 11:23:18,243 - SpareERP - INFO - Login success signal received. Role: ADMIN
2026-02-11 11:23:18,263 - SpareERP - INFO - User authenticated as ADMIN. Launching Main Window.
2026-02-11 11:23:18,268 - SpareERP - INFO - Initializing MainWindow...
2026-02-11 11:23:18,300 - SpareERP - INFO - AI Cache: 222 vehicle models, 361 part keywords
2026-02-11 11:23:18,608 - SpareERP - INFO - Initializing InventoryPage...
2026-02-11 11:23:18,638 - SpareERP - INFO - InventoryPage Initialized Successfully.
2026-02-11 11:23:18,750 - SpareERP - INFO - AI Cache: 222 vehicle models, 361 part keywords
2026-02-11 11:23:19,042 - SpareERP - INFO - [Inventory] System initialized. Loaded 601 parts.
2026-02-11 11:32:15,785 - SpareERP - INFO - Database initialized at c:\Users\Admin\Desktop\spare_ERP\data\spareparts_pro.db
2026-02-11 11:32:15,791 - SpareERP - INFO - Custom billing field saved: Chassis No
2026-02-11 11:32:15,797 - SpareERP - INFO - Custom billing field saved: Insurance No
2026-02-11 11:32:15,803 - SpareERP - INFO - Custom billing field saved: Engine No
2026-02-11 11:32:15,807 - SpareERP - WARNING - Custom field 'Chassis No' already exists
2026-02-11 11:32:15,811 - SpareERP - INFO - Custom billing field removed: Engine No
2026-02-11 11:33:29,048 - SpareERP - INFO - Application starting...
2026-02-11 11:33:30,774 - SpareERP - INFO - Database initialized at c:\Users\Admin\Desktop\spare_ERP\data\spareparts_pro.db
2026-02-11 11:33:31,653 - SpareERP - INFO - Launching Login Window...
2026-02-11 11:33:40,145 - SpareERP - INFO - User admin logged in successfully
2026-02-11 11:33:45,189 - SpareERP - ERROR - Error logging activity: database is locked
2026-02-11 11:33:45,191 - SpareERP - INFO - Login success signal received. Role: ADMIN
2026-02-11 11:33:45,205 - SpareERP - INFO - User authenticated as ADMIN. Launching Main Window.
2026-02-11 11:33:45,208 - SpareERP - INFO - Initializing MainWindow...
2026-02-11 11:33:45,234 - SpareERP - INFO - AI Cache: 222 vehicle models, 361 part keywords
2026-02-11 11:33:45,380 - SpareERP - INFO - Initializing InventoryPage...
2026-02-11 11:33:45,403 - SpareERP - INFO - InventoryPage Initialized Successfully.
2026-02-11 11:33:45,520 - SpareERP - INFO - AI Cache: 222 vehicle models, 361 part keywords
2026-02-11 11:33:45,732 - SpareERP - INFO - [Inventory] System initialized. Loaded 601 parts.
2026-02-11 11:33:57,543 - SpareERP - INFO - Custom billing field removed: Insurance No
2026-02-11 11:34:14,972 - SpareERP - INFO - Custom billing field saved: Reading
2026-02-11 11:34:55,737 - SpareERP - INFO - Custom billing field saved: SERVICE  TYPE
2026-02-11 11:35:47,526 - SpareERP - INFO - Custom billing field saved: NEXT SERVIS reading
2026-02-11 11:38:09,412 - SpareERP - INFO - Invoice saved: INV-1046
2026-02-11 11:38:09,412 - SpareERP - INFO - Invoice generated: INV-1046 for Walk-in
2026-02-11 11:38:09,418 - SpareERP - INFO - Part sold: P6040070, Qty: 1, Inv: INV-1046
2026-02-11 11:38:09,424 - SpareERP - INFO - Part sold: N6030270, Qty: 1, Inv: INV-1046
2026-02-11 11:38:09,430 - SpareERP - INFO - Part sold: T41004400D, Qty: 1, Inv: INV-1046
2026-02-11 11:38:09,438 - SpareERP - INFO - Part sold: N6160580, Qty: 1, Inv: INV-1046
2026-02-11 11:38:09,444 - SpareERP - INFO - Part sold: M7080870, Qty: 1, Inv: INV-1046
2026-02-11 11:38:09,450 - SpareERP - INFO - Part sold: N4031120, Qty: 1, Inv: INV-1046
2026-02-11 11:38:09,456 - SpareERP - INFO - Part sold: N5121610, Qty: 2, Inv: INV-1046
2026-02-11 11:38:09,463 - SpareERP - INFO - Part sold: N9151220, Qty: 1, Inv: INV-1046
2026-02-11 11:38:09,469 - SpareERP - INFO - Part sold: N9123920, Qty: 1, Inv: INV-1046
2026-02-11 11:38:09,475 - SpareERP - INFO - Part sold: N6070180, Qty: 1, Inv: INV-1046
2026-02-11 11:38:09,480 - SpareERP - INFO - Part sold: N2070200, Qty: 1, Inv: INV-1046
2026-02-11 11:38:09,487 - SpareERP - INFO - Part sold: N5010470, Qty: 2, Inv: INV-1046
2026-02-11 11:38:09,493 - SpareERP - INFO - Part sold: N9160900, Qty: 1, Inv: INV-1046
2026-02-11 11:38:09,499 - SpareERP - INFO - Part sold: N2320640, Qty: 1, Inv: INV-1046
2026-02-11 11:38:09,505 - SpareERP - INFO - Part sold: N9152290, Qty: 1, Inv: INV-1046
2026-02-11 11:38:09,511 - SpareERP - INFO - Part sold: N3080250, Qty: 1, Inv: INV-1046
2026-02-11 11:38:09,518 - SpareERP - INFO - Part sold: N9090940, Qty: 1, Inv: INV-1046
2026-02-11 11:38:09,531 - SpareERP - INFO - Part sold: NF2257302FD, Qty: 1, Inv: INV-1046
2026-02-11 11:38:09,571 - SpareERP - INFO - Part sold: ND220620, Qty: 1, Inv: INV-1046
2026-02-11 11:38:09,579 - SpareERP - INFO - Part sold: N9111340, Qty: 1, Inv: INV-1046
2026-02-11 11:38:09,617 - SpareERP - INFO - Part sold: P7180080, Qty: 1, Inv: INV-1046
2026-02-11 11:44:02,990 - SpareERP - INFO - Application starting...
2026-02-11 11:44:04,744 - SpareERP - INFO - Database initialized at c:\Users\Admin\Desktop\spare_ERP\data\spareparts_pro.db
2026-02-11 11:44:05,628 - SpareERP - INFO - Launching Login Window...
2026-02-11 11:44:20,978 - SpareERP - INFO - User admin logged in successfully
2026-02-11 11:44:26,016 - SpareERP - ERROR - Error logging activity: database is locked
2026-02-11 11:44:26,017 - SpareERP - INFO - Login success signal received. Role: ADMIN
2026-02-11 11:44:26,025 - SpareERP - INFO - User authenticated as ADMIN. Launching Main Window.
2026-02-11 11:44:26,026 - SpareERP - INFO - Initializing MainWindow...
2026-02-11 11:44:26,051 - SpareERP - INFO - AI Cache: 222 vehicle models, 361 part keywords
2026-02-11 11:44:26,221 - SpareERP - INFO - Initializing InventoryPage...
2026-02-11 11:44:26,246 - SpareERP - INFO - InventoryPage Initialized Successfully.
2026-02-11 11:44:26,364 - SpareERP - INFO - AI Cache: 222 vehicle models, 361 part keywords
2026-02-11 11:44:26,594 - SpareERP - INFO - [Inventory] System initialized. Loaded 601 parts.
2026-02-11 11:52:52,245 - SpareERP - INFO - Invoice saved: INV-1047
2026-02-11 11:52:52,245 - SpareERP - INFO - Invoice generated: INV-1047 for Walk-in
2026-02-11 11:52:52,251 - SpareERP - INFO - Part sold: P6040070, Qty: 1, Inv: INV-1047
2026-02-11 11:52:52,257 - SpareERP - INFO - Part sold: N9220290, Qty: 2, Inv: INV-1047
2026-02-11 11:52:52,265 - SpareERP - INFO - Part sold: N9325500, Qty: 1, Inv: INV-1047
2026-02-11 11:52:52,272 - SpareERP - INFO - Part sold: N9325510, Qty: 2, Inv: INV-1047
2026-02-11 11:52:52,279 - SpareERP - INFO - Part sold: N6070180, Qty: 2, Inv: INV-1047
2026-02-11 11:52:52,284 - SpareERP - INFO - Part sold: ND220630, Qty: 1, Inv: INV-1047
2026-02-11 11:52:52,290 - SpareERP - INFO - Part sold: TR600080, Qty: 4, Inv: INV-1047
2026-02-11 11:52:52,297 - SpareERP - INFO - Part sold: N4030420, Qty: 4, Inv: INV-1047
2026-02-11 11:52:52,302 - SpareERP - INFO - Part sold: NF040370, Qty: 1, Inv: INV-1047
2026-02-11 11:52:52,309 - SpareERP - INFO - Part sold: N2320640, Qty: 2, Inv: INV-1047
2026-02-11 11:52:52,316 - SpareERP - INFO - Part sold: N9325190, Qty: 2, Inv: INV-1047
2026-02-11 11:52:52,322 - SpareERP - INFO - Part sold: M7080870, Qty: 2, Inv: INV-1047
2026-02-11 11:52:52,330 - SpareERP - INFO - Part sold: N9161390, Qty: 2, Inv: INV-1047
2026-02-11 11:52:52,337 - SpareERP - INFO - Part sold: N9161260, Qty: 2, Inv: INV-1047
2026-02-11 11:52:52,343 - SpareERP - INFO - Part sold: N9321790, Qty: 2, Inv: INV-1047
2026-02-11 11:52:52,349 - SpareERP - INFO - Part sold: N5010470, Qty: 1, Inv: INV-1047
2026-02-11 11:52:52,354 - SpareERP - INFO - Part sold: N9322840, Qty: 2, Inv: INV-1047
2026-02-11 11:52:52,361 - SpareERP - INFO - Part sold: N9221460, Qty: 2, Inv: INV-1047
2026-02-11 11:52:52,367 - SpareERP - INFO - Part sold: P6221860, Qty: 2, Inv: INV-1047
2026-02-11 11:52:52,373 - SpareERP - INFO - Part sold: N9111340, Qty: 1, Inv: INV-1047
2026-02-11 11:52:52,379 - SpareERP - INFO - Part sold: NF060370, Qty: 1, Inv: INV-1047
2026-02-11 11:52:52,384 - SpareERP - INFO - Part sold: N9323730, Qty: 1, Inv: INV-1047
2026-02-11 12:01:18,720 - SpareERP - INFO - Application starting...
2026-02-11 12:01:20,483 - SpareERP - INFO - Database initialized at c:\Users\Admin\Desktop\spare_ERP\data\spareparts_pro.db
2026-02-11 12:01:21,421 - SpareERP - INFO - Launching Login Window...
2026-02-11 12:01:31,112 - SpareERP - INFO - User admin logged in successfully
2026-02-11 12:01:36,154 - SpareERP - ERROR - Error logging activity: database is locked
2026-02-11 12:01:36,155 - SpareERP - INFO - Login success signal received. Role: ADMIN
2026-02-11 12:01:36,162 - SpareERP - INFO - User authenticated as ADMIN. Launching Main Window.
2026-02-11 12:01:36,164 - SpareERP - INFO - Initializing MainWindow...
2026-02-11 12:01:36,191 - SpareERP - INFO - AI Cache: 222 vehicle models, 361 part keywords
2026-02-11 12:01:36,446 - SpareERP - INFO - Initializing InventoryPage...
2026-02-11 12:01:36,466 - SpareERP - INFO - InventoryPage Initialized Successfully.
2026-02-11 12:01:36,592 - SpareERP - INFO - AI Cache: 222 vehicle models, 361 part keywords
2026-02-11 12:01:36,823 - SpareERP - INFO - [Inventory] System initialized. Loaded 601 parts.
2026-02-11 12:04:49,535 - SpareERP - INFO - Application starting...
2026-02-11 12:04:51,326 - SpareERP - INFO - Database initialized at c:\Users\Admin\Desktop\spare_ERP\data\spareparts_pro.db
2026-02-11 12:04:52,227 - SpareERP - INFO - Launching Login Window...
2026-02-11 12:05:01,781 - SpareERP - INFO - User admin logged in successfully
2026-02-11 12:05:06,822 - SpareERP - ERROR - Error logging activity: database is locked
2026-02-11 12:05:06,824 - SpareERP - INFO - Login success signal received. Role: ADMIN
2026-02-11 12:05:06,838 - SpareERP - INFO - User authenticated as ADMIN. Launching Main Window.
2026-02-11 12:05:06,841 - SpareERP - INFO - Initializing MainWindow...
2026-02-11 12:05:06,869 - SpareERP - INFO - AI Cache: 222 vehicle models, 361 part keywords
2026-02-11 12:05:07,067 - SpareERP - INFO - Initializing InventoryPage...
2026-02-11 12:05:07,121 - SpareERP - INFO - InventoryPage Initialized Successfully.
2026-02-11 12:05:07,240 - SpareERP - INFO - AI Cache: 222 vehicle models, 361 part keywords
2026-02-11 12:05:07,455 - SpareERP - INFO - [Inventory] System initialized. Loaded 601 parts.
2026-02-11 12:13:52,486 - SpareERP - INFO - Application starting...
2026-02-11 12:13:54,230 - SpareERP - INFO - Database initialized at c:\Users\Admin\Desktop\spare_ERP\data\spareparts_pro.db
2026-02-11 12:13:55,105 - SpareERP - INFO - Launching Login Window...
2026-02-11 12:14:04,312 - SpareERP - INFO - User admin logged in successfully
2026-02-11 12:14:09,363 - SpareERP - ERROR - Error logging activity: database is locked
2026-02-11 12:14:09,365 - SpareERP - INFO - Login success signal received. Role: ADMIN
2026-02-11 12:14:09,380 - SpareERP - INFO - User authenticated as ADMIN. Launching Main Window.
2026-02-11 12:14:09,382 - SpareERP - INFO - Initializing MainWindow...
2026-02-11 12:14:09,412 - SpareERP - INFO - AI Cache: 222 vehicle models, 361 part keywords
2026-02-11 12:14:09,652 - SpareERP - INFO - Initializing InventoryPage...
2026-02-11 12:14:09,675 - SpareERP - INFO - InventoryPage Initialized Successfully.
2026-02-11 12:14:09,789 - SpareERP - INFO - AI Cache: 222 vehicle models, 361 part keywords
2026-02-11 12:14:10,013 - SpareERP - INFO - [Inventory] System initialized. Loaded 601 parts.
2026-02-11 12:27:03,027 - SpareERP - INFO - Application starting...
2026-02-11 12:27:04,751 - SpareERP - INFO - Database initialized at c:\Users\Admin\Desktop\spare_ERP\data\spareparts_pro.db
2026-02-11 12:27:05,323 - SpareERP - INFO - Launching Login Window...
2026-02-11 12:27:13,864 - SpareERP - WARNING - Failed login attempt for user: admin
2026-02-11 12:27:20,255 - SpareERP - INFO - User admin logged in successfully
2026-02-11 12:27:25,294 - SpareERP - ERROR - Error logging activity: database is locked
2026-02-11 12:27:25,295 - SpareERP - INFO - Login success signal received. Role: ADMIN
2026-02-11 12:27:25,310 - SpareERP - INFO - User authenticated as ADMIN. Launching Main Window.
2026-02-11 12:27:25,313 - SpareERP - INFO - Initializing MainWindow...
2026-02-11 12:27:25,341 - SpareERP - INFO - AI Cache: 222 vehicle models, 361 part keywords
2026-02-11 12:27:25,499 - SpareERP - INFO - Initializing InventoryPage...
2026-02-11 12:27:25,520 - SpareERP - INFO - InventoryPage Initialized Successfully.
2026-02-11 12:27:25,635 - SpareERP - INFO - AI Cache: 222 vehicle models, 361 part keywords
2026-02-11 12:27:25,933 - SpareERP - INFO - [Inventory] System initialized. Loaded 601 parts.
2026-02-11 13:13:13,893 - SpareERP - INFO - Application starting...
2026-02-11 13:13:15,644 - SpareERP - INFO - Database initialized at c:\Users\Admin\Desktop\spare_ERP\data\spareparts_pro.db
2026-02-11 13:13:16,212 - SpareERP - INFO - Launching Login Window...
2026-02-11 13:13:29,267 - SpareERP - INFO - User admin logged in successfully
2026-02-11 13:13:34,310 - SpareERP - ERROR - Error logging activity: database is locked
2026-02-11 13:13:34,312 - SpareERP - INFO - Login success signal received. Role: ADMIN
2026-02-11 13:13:34,327 - SpareERP - INFO - User authenticated as ADMIN. Launching Main Window.
2026-02-11 13:13:34,330 - SpareERP - INFO - Initializing MainWindow...
2026-02-11 13:13:34,372 - SpareERP - INFO - AI Cache: 222 vehicle models, 361 part keywords
2026-02-11 13:13:34,540 - SpareERP - INFO - Initializing InventoryPage...
2026-02-11 13:13:34,562 - SpareERP - INFO - InventoryPage Initialized Successfully.
2026-02-11 13:13:34,664 - SpareERP - INFO - AI Cache: 222 vehicle models, 361 part keywords
2026-02-11 13:13:34,879 - SpareERP - INFO - [Inventory] System initialized. Loaded 601 parts.
2026-02-11 13:19:21,082 - SpareERP - INFO - Application starting...
2026-02-11 13:19:22,843 - SpareERP - INFO - Database initialized at c:\Users\Admin\Desktop\spare_ERP\data\spareparts_pro.db
2026-02-11 13:19:23,408 - SpareERP - INFO - Launching Login Window...
2026-02-11 13:19:31,911 - SpareERP - INFO - User admin logged in successfully
2026-02-11 13:19:36,947 - SpareERP - ERROR - Error logging activity: database is locked
2026-02-11 13:19:36,948 - SpareERP - INFO - Login success signal received. Role: ADMIN
2026-02-11 13:19:36,955 - SpareERP - INFO - User authenticated as ADMIN. Launching Main Window.
2026-02-11 13:19:36,956 - SpareERP - INFO - Initializing MainWindow...
2026-02-11 13:19:36,977 - SpareERP - INFO - Lazy loading page: Dashboard
2026-02-11 13:19:36,995 - SpareERP - INFO - AI Cache: 222 vehicle models, 361 part keywords
2026-02-11 13:19:45,671 - SpareERP - INFO - Application starting...
2026-02-11 13:19:47,383 - SpareERP - INFO - Database initialized at c:\Users\Admin\Desktop\spare_ERP\data\spareparts_pro.db
2026-02-11 13:19:47,939 - SpareERP - INFO - Launching Login Window...
2026-02-11 13:20:06,270 - SpareERP - INFO - User admin logged in successfully
2026-02-11 13:20:11,312 - SpareERP - ERROR - Error logging activity: database is locked
2026-02-11 13:20:11,314 - SpareERP - INFO - Login success signal received. Role: ADMIN
2026-02-11 13:20:11,329 - SpareERP - INFO - User authenticated as ADMIN. Launching Main Window.
2026-02-11 13:20:11,332 - SpareERP - INFO - Initializing MainWindow...
2026-02-11 13:20:11,363 - SpareERP - INFO - Lazy loading page: Dashboard
2026-02-11 13:20:11,387 - SpareERP - INFO - AI Cache: 222 vehicle models, 361 part keywords
2026-02-11 13:20:21,795 - SpareERP - INFO - Application starting...
2026-02-11 13:20:23,519 - SpareERP - INFO - Database initialized at c:\Users\Admin\Desktop\spare_ERP\data\spareparts_pro.db
2026-02-11 13:20:24,069 - SpareERP - INFO - Launching Login Window...
2026-02-11 13:20:33,142 - SpareERP - INFO - User admin logged in successfully
2026-02-11 13:20:38,181 - SpareERP - ERROR - Error logging activity: database is locked
2026-02-11 13:20:38,183 - SpareERP - INFO - Login success signal received. Role: ADMIN
2026-02-11 13:20:38,196 - SpareERP - INFO - User authenticated as ADMIN. Launching Main Window.
2026-02-11 13:20:38,200 - SpareERP - INFO - Initializing MainWindow...
2026-02-11 13:20:38,236 - SpareERP - INFO - Lazy loading page: Dashboard
2026-02-11 13:20:38,262 - SpareERP - INFO - AI Cache: 222 vehicle models, 361 part keywords
2026-02-11 13:20:46,442 - SpareERP - INFO - Lazy loading page: Billing
2026-02-11 13:20:55,683 - SpareERP - INFO - Lazy loading page: Inventory
2026-02-11 13:20:55,684 - SpareERP - INFO - Initializing InventoryPage...
2026-02-11 13:20:55,725 - SpareERP - INFO - InventoryPage Initialized Successfully.
2026-02-11 13:20:55,789 - SpareERP - INFO - [Inventory] System initialized. Loaded 601 parts.
2026-02-11 13:26:01,459 - SpareERP - WARNING - Duplicate part entry attempted: M1080540
2026-02-11 13:26:14,057 - SpareERP - INFO - Part updated: M1080540
2026-02-11 13:26:15,418 - SpareERP - INFO - [Inventory] System initialized. Loaded 601 parts.
2026-02-11 13:26:20,158 - SpareERP - INFO - Lazy loading page: Reports
2026-02-11 13:29:19,158 - SpareERP - INFO - Lazy loading page: Expenses
2026-02-11 13:29:19,174 - SpareERP - INFO - AI Cache: 222 vehicle models, 361 part keywords
2026-02-11 13:31:41,391 - SpareERP - INFO - Application starting...
2026-02-11 13:31:43,224 - SpareERP - INFO - Database initialized at c:\Users\Admin\Desktop\spare_ERP\data\spareparts_pro.db
2026-02-11 13:31:43,833 - SpareERP - INFO - Launching Login Window...
2026-02-11 13:31:57,959 - SpareERP - INFO - User admin logged in successfully
2026-02-11 13:32:03,002 - SpareERP - ERROR - Error logging activity: database is locked
2026-02-11 13:32:03,004 - SpareERP - INFO - Login success signal received. Role: ADMIN
2026-02-11 13:32:03,013 - SpareERP - INFO - User authenticated as ADMIN. Launching Main Window.
2026-02-11 13:32:03,015 - SpareERP - INFO - Initializing MainWindow...
2026-02-11 13:32:03,037 - SpareERP - INFO - Lazy loading page: Dashboard
2026-02-11 13:32:03,057 - SpareERP - INFO - AI Cache: 222 vehicle models, 361 part keywords
2026-02-11 13:32:07,907 - SpareERP - INFO - Lazy loading page: Billing
2026-02-11 13:32:17,068 - SpareERP - INFO - Lazy loading page: Inventory
2026-02-11 13:32:17,068 - SpareERP - INFO - Initializing InventoryPage...
2026-02-11 13:32:17,110 - SpareERP - INFO - InventoryPage Initialized Successfully.
2026-02-11 13:32:17,159 - SpareERP - INFO - [Inventory] System initialized. Loaded 601 parts.
2026-02-11 13:32:20,251 - SpareERP - INFO - [Inventory] System initialized. Loaded 601 parts.
2026-02-11 13:32:23,291 - SpareERP - INFO - [Inventory] System initialized. Loaded 601 parts.
2026-02-11 13:32:26,249 - SpareERP - INFO - Lazy loading page: Reports
2026-02-11 13:32:43,867 - SpareERP - INFO - Lazy loading page: Access
2026-02-11 13:32:49,691 - SpareERP - INFO - Lazy loading page: Expenses
2026-02-11 13:32:49,707 - SpareERP - INFO - AI Cache: 222 vehicle models, 361 part keywords
2026-02-11 13:37:58,873 - SpareERP - INFO - Application starting...
2026-02-11 13:38:00,651 - SpareERP - INFO - Database initialized at c:\Users\Admin\Desktop\spare_ERP\data\spareparts_pro.db
2026-02-11 13:38:01,237 - SpareERP - INFO - Launching Login Window...
2026-02-11 13:38:09,883 - SpareERP - INFO - User admin logged in successfully
2026-02-11 13:38:14,930 - SpareERP - ERROR - Error logging activity: database is locked
2026-02-11 13:38:14,931 - SpareERP - INFO - Login success signal received. Role: ADMIN
2026-02-11 13:38:14,945 - SpareERP - INFO - User authenticated as ADMIN. Launching Main Window.
2026-02-11 13:38:14,948 - SpareERP - INFO - Initializing MainWindow...
2026-02-11 13:38:14,985 - SpareERP - INFO - Lazy loading page: Dashboard
2026-02-11 13:38:15,009 - SpareERP - INFO - AI Cache: 222 vehicle models, 361 part keywords
2026-02-11 13:38:20,975 - SpareERP - WARNING - Current page (index 0) does not have a load_data method
2026-02-11 13:38:22,343 - SpareERP - WARNING - Current page (index 0) does not have a load_data method
2026-02-11 13:38:25,679 - SpareERP - INFO - Lazy loading page: Reports
2026-02-11 13:38:27,919 - SpareERP - INFO - Lazy loading page: Inventory
2026-02-11 13:38:27,919 - SpareERP - INFO - Initializing InventoryPage...
2026-02-11 13:38:27,940 - SpareERP - INFO - InventoryPage Initialized Successfully.
2026-02-11 13:38:27,994 - SpareERP - INFO - [Inventory] System initialized. Loaded 601 parts.
2026-02-11 13:44:06,836 - SpareERP - INFO - Lazy loading page: Expenses
2026-02-11 13:44:06,851 - SpareERP - INFO - AI Cache: 222 vehicle models, 361 part keywords
2026-02-11 13:44:07,658 - SpareERP - INFO - Lazy loading page: Access
2026-02-11 13:46:19,552 - SpareERP - INFO - Application starting...
2026-02-11 13:46:21,349 - SpareERP - INFO - Database initialized at c:\Users\Admin\Desktop\spare_ERP\data\spareparts_pro.db
2026-02-11 13:46:21,919 - SpareERP - INFO - Launching Login Window...
2026-02-11 13:46:29,126 - SpareERP - INFO - User admin logged in successfully
2026-02-11 13:46:34,172 - SpareERP - ERROR - Error logging activity: database is locked
2026-02-11 13:46:34,173 - SpareERP - INFO - Login success signal received. Role: ADMIN
2026-02-11 13:46:34,181 - SpareERP - INFO - User authenticated as ADMIN. Launching Main Window.
2026-02-11 13:46:34,182 - SpareERP - INFO - Initializing MainWindow...
2026-02-11 13:46:34,203 - SpareERP - INFO - Lazy loading page: Dashboard
2026-02-11 13:46:34,217 - SpareERP - INFO - AI Cache: 222 vehicle models, 361 part keywords
2026-02-11 13:46:36,938 - SpareERP - INFO - Lazy loading page: Expenses
2026-02-11 13:46:36,957 - SpareERP - INFO - AI Cache: 222 vehicle models, 361 part keywords
2026-02-11 13:47:27,825 - SpareERP - INFO - Application starting...
2026-02-11 13:47:29,619 - SpareERP - INFO - Database initialized at c:\Users\Admin\Desktop\spare_ERP\data\spareparts_pro.db
2026-02-11 13:47:30,217 - SpareERP - INFO - Launching Login Window...
2026-02-11 13:47:37,453 - SpareERP - INFO - User admin logged in successfully
2026-02-11 13:47:42,491 - SpareERP - ERROR - Error logging activity: database is locked
2026-02-11 13:47:42,493 - SpareERP - INFO - Login success signal received. Role: ADMIN
2026-02-11 13:47:42,506 - SpareERP - INFO - User authenticated as ADMIN. Launching Main Window.
2026-02-11 13:47:42,508 - SpareERP - INFO - Initializing MainWindow...
2026-02-11 13:47:42,535 - SpareERP - INFO - Lazy loading page: Dashboard
2026-02-11 13:47:42,560 - SpareERP - INFO - AI Cache: 222 vehicle models, 361 part keywords
2026-02-11 13:47:45,153 - SpareERP - INFO - Lazy loading page: Expenses
2026-02-11 13:47:45,174 - SpareERP - INFO - AI Cache: 222 vehicle models, 361 part keywords
2026-02-11 13:48:05,448 - SpareERP - INFO - Expense added: Lunch, 120.0
2026-02-11 13:48:37,897 - SpareERP - INFO - Refreshing page at index 4
2026-02-11 13:48:42,885 - SpareERP - INFO - Expense added: Tea, 15.0
2026-02-11 13:52:44,710 - SpareERP - INFO - Application starting...
2026-02-11 13:52:46,529 - SpareERP - INFO - Database initialized at c:\Users\Admin\Desktop\spare_ERP\data\spareparts_pro.db
2026-02-11 13:52:47,094 - SpareERP - INFO - Launching Login Window...
2026-02-11 13:52:54,490 - SpareERP - INFO - User admin logged in successfully
2026-02-11 13:52:59,534 - SpareERP - ERROR - Error logging activity: database is locked
2026-02-11 13:52:59,535 - SpareERP - INFO - Login success signal received. Role: ADMIN
2026-02-11 13:52:59,542 - SpareERP - INFO - User authenticated as ADMIN. Launching Main Window.
2026-02-11 13:52:59,544 - SpareERP - INFO - Initializing MainWindow...
2026-02-11 13:52:59,565 - SpareERP - INFO - Lazy loading page: Dashboard
2026-02-11 13:52:59,693 - SpareERP - INFO - AI Cache: 222 vehicle models, 361 part keywords
2026-02-11 13:53:01,678 - SpareERP - INFO - Lazy loading page: Expenses
2026-02-11 13:53:01,697 - SpareERP - INFO - AI Cache: 222 vehicle models, 361 part keywords
2026-02-11 14:49:39,797 - SpareERP - INFO - Application starting...
2026-02-11 14:49:41,600 - SpareERP - INFO - Database initialized at c:\Users\Admin\Desktop\spare_ERP\data\spareparts_pro.db
2026-02-11 14:49:42,188 - SpareERP - INFO - Launching Login Window...
2026-02-11 14:49:49,099 - SpareERP - INFO - User admin logged in successfully
2026-02-11 14:49:54,143 - SpareERP - ERROR - Error logging activity: database is locked
2026-02-11 14:49:54,145 - SpareERP - INFO - Login success signal received. Role: ADMIN
2026-02-11 14:49:54,158 - SpareERP - INFO - User authenticated as ADMIN. Launching Main Window.
2026-02-11 14:49:54,161 - SpareERP - INFO - Initializing MainWindow...
2026-02-11 14:49:54,191 - SpareERP - INFO - Lazy loading page: Dashboard
2026-02-11 14:49:54,208 - SpareERP - INFO - AI Cache: 222 vehicle models, 361 part keywords
2026-02-11 14:49:55,783 - SpareERP - INFO - Lazy loading page: Reports
2026-02-11 14:49:57,479 - SpareERP - INFO - Lazy loading page: Expenses
2026-02-11 14:49:57,486 - SpareERP - INFO - AI Cache: 222 vehicle models, 361 part keywords
2026-02-11 14:50:03,894 - SpareERP - INFO - Expense deleted: ID 1
2026-02-11 14:50:06,198 - SpareERP - INFO - Expense deleted: ID 1
2026-02-11 14:50:11,392 - SpareERP - INFO - Expense deleted: ID 2
2026-02-11 14:50:17,831 - SpareERP - INFO - Expense deleted: ID 9
2026-02-11 14:50:20,750 - SpareERP - INFO - Expense deleted: ID 8
2026-02-11 14:50:22,857 - SpareERP - INFO - Expense deleted: ID 9
2026-02-11 14:50:30,919 - SpareERP - INFO - Expense deleted: ID 11
2026-02-11 14:50:33,719 - SpareERP - INFO - Expense deleted: ID 13
2026-02-11 14:50:39,622 - SpareERP - INFO - Expense deleted: ID 18
2026-02-11 14:50:42,690 - SpareERP - INFO - Expense deleted: ID 17
2026-02-11 14:50:44,911 - SpareERP - INFO - Expense deleted: ID 15
2026-02-11 14:50:48,389 - SpareERP - INFO - Expense deleted: ID 16
2026-02-11 14:50:52,230 - SpareERP - INFO - Expense deleted: ID 7
2026-02-11 14:50:56,440 - SpareERP - INFO - Expense deleted: ID 12
2026-02-11 14:51:00,422 - SpareERP - INFO - Expense deleted: ID 10
2026-02-11 14:51:05,624 - SpareERP - INFO - Expense deleted: ID 6
2026-02-11 14:51:09,996 - SpareERP - INFO - Expense deleted: ID 14
2026-02-11 14:51:13,690 - SpareERP - INFO - Expense deleted: ID 5
2026-02-11 14:51:17,103 - SpareERP - INFO - Expense deleted: ID 4
2026-02-11 14:51:20,068 - SpareERP - INFO - Expense deleted: ID 3
2026-02-11 15:01:04,147 - SpareERP - INFO - Application starting...
2026-02-11 15:01:05,945 - SpareERP - INFO - Database initialized at c:\Users\Admin\Desktop\spare_ERP\data\spareparts_pro.db
2026-02-11 15:01:06,513 - SpareERP - INFO - Launching Login Window...
2026-02-11 15:01:15,268 - SpareERP - INFO - User admin logged in successfully
2026-02-11 15:01:20,312 - SpareERP - ERROR - Error logging activity: database is locked
2026-02-11 15:01:20,314 - SpareERP - INFO - Login success signal received. Role: ADMIN
2026-02-11 15:01:20,331 - SpareERP - INFO - User authenticated as ADMIN. Launching Main Window.
2026-02-11 15:01:20,334 - SpareERP - INFO - Initializing MainWindow...
2026-02-11 15:01:20,363 - SpareERP - INFO - Lazy loading page: Dashboard
2026-02-11 15:01:20,384 - SpareERP - INFO - AI Cache: 222 vehicle models, 361 part keywords
2026-02-11 15:01:22,529 - SpareERP - INFO - Lazy loading page: Expenses
2026-02-11 15:01:22,564 - SpareERP - INFO - AI Cache: 222 vehicle models, 361 part keywords
2026-02-11 15:01:24,303 - SpareERP - INFO - Expense added: Tea, 15.0
2026-02-11 15:01:30,126 - SpareERP - INFO - Refreshing page at index 4
2026-02-11 15:01:30,721 - SpareERP - INFO - Refreshing page at index 4
2026-02-11 15:01:32,278 - SpareERP - INFO - Expense added: Tea, 15.0
2026-02-11 15:01:33,614 - SpareERP - INFO - Expense added: Lunch, 120.0
2026-02-11 15:01:36,305 - SpareERP - INFO - Refreshing page at index 4
2026-02-11 15:01:36,536 - SpareERP - INFO - Refreshing page at index 4
2026-02-11 15:01:36,753 - SpareERP - INFO - Refreshing page at index 4
2026-02-11 15:02:19,848 - SpareERP - INFO - Lazy loading page: Access
2026-02-11 15:02:21,835 - SpareERP - INFO - Lazy loading page: Reports
2026-02-11 15:02:57,561 - SpareERP - INFO - Application starting...
2026-02-11 15:02:59,379 - SpareERP - INFO - Database initialized at c:\Users\Admin\Desktop\spare_ERP\data\spareparts_pro.db
2026-02-11 15:02:59,955 - SpareERP - INFO - Launching Login Window...
2026-02-11 15:03:07,867 - SpareERP - INFO - User admin logged in successfully
2026-02-11 15:03:12,908 - SpareERP - ERROR - Error logging activity: database is locked
2026-02-11 15:03:12,909 - SpareERP - INFO - Login success signal received. Role: ADMIN
2026-02-11 15:03:12,917 - SpareERP - INFO - User authenticated as ADMIN. Launching Main Window.
2026-02-11 15:03:12,920 - SpareERP - INFO - Initializing MainWindow...
2026-02-11 15:03:12,942 - SpareERP - INFO - Lazy loading page: Dashboard
2026-02-11 15:03:12,957 - SpareERP - INFO - AI Cache: 222 vehicle models, 361 part keywords
2026-02-11 15:03:14,589 - SpareERP - INFO - Lazy loading page: Expenses
2026-02-11 15:03:14,610 - SpareERP - INFO - AI Cache: 222 vehicle models, 361 part keywords
2026-02-11 15:04:09,794 - SpareERP - INFO - Application starting...
2026-02-11 15:04:11,603 - SpareERP - INFO - Database initialized at c:\Users\Admin\Desktop\spare_ERP\data\spareparts_pro.db
2026-02-11 15:04:12,278 - SpareERP - INFO - Launching Login Window...
2026-02-11 15:04:21,658 - SpareERP - INFO - User admin logged in successfully
2026-02-11 15:04:26,699 - SpareERP - ERROR - Error logging activity: database is locked
2026-02-11 15:04:26,700 - SpareERP - INFO - Login success signal received. Role: ADMIN
2026-02-11 15:04:26,705 - SpareERP - INFO - User authenticated as ADMIN. Launching Main Window.
2026-02-11 15:04:26,706 - SpareERP - INFO - Initializing MainWindow...
2026-02-11 15:04:26,722 - SpareERP - INFO - Lazy loading page: Dashboard
2026-02-11 15:04:26,738 - SpareERP - INFO - AI Cache: 222 vehicle models, 361 part keywords
2026-02-11 15:04:29,566 - SpareERP - INFO - Lazy loading page: Expenses
2026-02-11 15:04:29,597 - SpareERP - INFO - AI Cache: 222 vehicle models, 361 part keywords
2026-02-11 15:05:55,235 - SpareERP - INFO - Application starting...
2026-02-11 15:05:56,993 - SpareERP - INFO - Database initialized at c:\Users\Admin\Desktop\spare_ERP\data\spareparts_pro.db
2026-02-11 15:05:57,570 - SpareERP - INFO - Launching Login Window...
2026-02-11 15:06:07,393 - SpareERP - INFO - User admin logged in successfully
2026-02-11 15:06:12,429 - SpareERP - ERROR - Error logging activity: database is locked
2026-02-11 15:06:12,431 - SpareERP - INFO - Login success signal received. Role: ADMIN
2026-02-11 15:06:12,447 - SpareERP - INFO - User authenticated as ADMIN. Launching Main Window.
2026-02-11 15:06:12,450 - SpareERP - INFO - Initializing MainWindow...
2026-02-11 15:06:12,472 - SpareERP - INFO - Lazy loading page: Dashboard
2026-02-11 15:06:12,496 - SpareERP - INFO - AI Cache: 222 vehicle models, 361 part keywords
2026-02-11 15:06:15,196 - SpareERP - INFO - Lazy loading page: Expenses
2026-02-11 15:06:15,220 - SpareERP - INFO - AI Cache: 222 vehicle models, 361 part keywords
2026-02-11 15:06:15,229 - SpareERP - INFO - No expenses found in last 30 days
2026-02-11 15:06:18,339 - SpareERP - INFO - Expense added: Tea, 15.0
2026-02-11 15:06:18,342 - SpareERP - INFO - No expenses found in last 30 days
2026-02-11 15:06:19,827 - SpareERP - INFO - Expense added: Lunch, 120.0
2026-02-11 15:06:19,830 - SpareERP - INFO - No expenses found in last 30 days
2026-02-11 15:06:21,163 - SpareERP - INFO - Expense added: Petrol, 200.0
2026-02-11 15:06:21,166 - SpareERP - INFO - No expenses found in last 30 days
2026-02-11 15:06:22,618 - SpareERP - INFO - Expense added: Lunch, 120.0
2026-02-11 15:06:22,621 - SpareERP - INFO - No expenses found in last 30 days
2026-02-11 15:06:24,397 - SpareERP - INFO - Expense added: Lunch, 120.0
2026-02-11 15:06:24,400 - SpareERP - INFO - No expenses found in last 30 days
2026-02-11 15:06:24,659 - SpareERP - INFO - Expense added: Lunch, 120.0
2026-02-11 15:06:24,662 - SpareERP - INFO - No expenses found in last 30 days
2026-02-11 15:06:32,464 - SpareERP - INFO - Expense added: Lunch, 50.0
2026-02-11 15:06:32,467 - SpareERP - INFO - No expenses found in last 30 days
2026-02-11 15:07:45,673 - SpareERP - INFO - Application starting...
2026-02-11 15:07:47,538 - SpareERP - INFO - Database initialized at c:\Users\Admin\Desktop\spare_ERP\data\spareparts_pro.db
2026-02-11 15:07:48,164 - SpareERP - INFO - Launching Login Window...
2026-02-11 15:07:55,824 - SpareERP - INFO - User admin logged in successfully
2026-02-11 15:08:00,868 - SpareERP - ERROR - Error logging activity: database is locked
2026-02-11 15:08:00,870 - SpareERP - INFO - Login success signal received. Role: ADMIN
2026-02-11 15:08:00,879 - SpareERP - INFO - User authenticated as ADMIN. Launching Main Window.
2026-02-11 15:08:00,881 - SpareERP - INFO - Initializing MainWindow...
2026-02-11 15:08:00,906 - SpareERP - INFO - Lazy loading page: Dashboard
2026-02-11 15:08:00,928 - SpareERP - INFO - AI Cache: 222 vehicle models, 361 part keywords
2026-02-11 15:08:02,363 - SpareERP - INFO - Lazy loading page: Expenses
2026-02-11 15:08:02,385 - SpareERP - INFO - AI Cache: 222 vehicle models, 361 part keywords
2026-02-11 15:08:02,393 - SpareERP - INFO - Querying expenses from 2026-01-12 to 2026-02-11
2026-02-11 15:08:02,393 - SpareERP - INFO - Found 0 expense entries
2026-02-11 15:08:02,394 - SpareERP - INFO - No expenses found in last 30 days
2026-02-11 15:08:04,170 - SpareERP - INFO - Expense added: Lunch, 120.0
2026-02-11 15:08:04,173 - SpareERP - INFO - Querying expenses from 2026-01-12 to 2026-02-11
2026-02-11 15:08:04,173 - SpareERP - INFO - Found 0 expense entries
2026-02-11 15:08:04,174 - SpareERP - INFO - No expenses found in last 30 days
2026-02-11 15:08:05,569 - SpareERP - INFO - Expense added: Petrol, 200.0
2026-02-11 15:08:05,571 - SpareERP - INFO - Querying expenses from 2026-01-12 to 2026-02-11
2026-02-11 15:08:05,572 - SpareERP - INFO - Found 0 expense entries
2026-02-11 15:08:05,573 - SpareERP - INFO - No expenses found in last 30 days
2026-02-11 15:08:06,657 - SpareERP - INFO - Expense added: Shop Repair, 500.0
2026-02-11 15:08:06,660 - SpareERP - INFO - Querying expenses from 2026-01-12 to 2026-02-11
2026-02-11 15:08:06,660 - SpareERP - INFO - Found 0 expense entries
2026-02-11 15:08:06,661 - SpareERP - INFO - No expenses found in last 30 days
2026-02-11 15:08:08,436 - SpareERP - INFO - Lazy loading page: Inventory
2026-02-11 15:08:08,436 - SpareERP - INFO - Initializing InventoryPage...
2026-02-11 15:08:08,471 - SpareERP - INFO - InventoryPage Initialized Successfully.
2026-02-11 15:08:08,517 - SpareERP - INFO - [Inventory] System initialized. Loaded 601 parts.
2026-02-11 15:08:11,205 - SpareERP - INFO - Refreshing page at index 2
2026-02-11 15:08:11,209 - SpareERP - INFO - Refreshing page at index 2
2026-02-11 15:08:11,599 - SpareERP - INFO - [Inventory] System initialized. Loaded 601 parts.
2026-02-11 15:10:31,298 - SpareERP - INFO - Application starting...
2026-02-11 15:10:33,075 - SpareERP - INFO - Database initialized at c:\Users\Admin\Desktop\spare_ERP\data\spareparts_pro.db
2026-02-11 15:10:33,631 - SpareERP - INFO - Launching Login Window...
2026-02-11 15:10:41,078 - SpareERP - INFO - User admin logged in successfully
2026-02-11 15:10:46,122 - SpareERP - ERROR - Error logging activity: database is locked
2026-02-11 15:10:46,124 - SpareERP - INFO - Login success signal received. Role: ADMIN
2026-02-11 15:10:46,138 - SpareERP - INFO - User authenticated as ADMIN. Launching Main Window.
2026-02-11 15:10:46,142 - SpareERP - INFO - Initializing MainWindow...
2026-02-11 15:10:46,167 - SpareERP - INFO - Lazy loading page: Dashboard
2026-02-11 15:10:46,187 - SpareERP - INFO - AI Cache: 222 vehicle models, 361 part keywords
2026-02-11 15:10:47,898 - SpareERP - INFO - Lazy loading page: Expenses
2026-02-11 15:10:47,930 - SpareERP - INFO - AI Cache: 222 vehicle models, 361 part keywords
2026-02-11 15:10:47,939 - SpareERP - INFO - Query expenses between 2026-01-12 and 2026-02-11: 0 found
2026-02-11 15:10:47,939 - SpareERP - INFO - Querying expenses from 2026-01-12 to 2026-02-11
2026-02-11 15:10:47,940 - SpareERP - INFO - Found 0 expense entries
2026-02-11 15:10:47,940 - SpareERP - INFO - No expenses found in last 30 days
2026-02-11 15:10:52,074 - SpareERP - INFO - Refreshing page at index 4
2026-02-11 15:10:52,075 - SpareERP - INFO - Query expenses between 2026-01-12 and 2026-02-11: 0 found
2026-02-11 15:10:52,075 - SpareERP - INFO - Querying expenses from 2026-01-12 to 2026-02-11
2026-02-11 15:10:52,076 - SpareERP - INFO - Found 0 expense entries
2026-02-11 15:10:52,076 - SpareERP - INFO - No expenses found in last 30 days
2026-02-11 15:11:21,224 - SpareERP - INFO - Expense added: Tea, 15.0
2026-02-11 15:11:21,230 - SpareERP - INFO - Query expenses between 2026-01-12 and 2026-02-11: 0 found
2026-02-11 15:11:21,230 - SpareERP - INFO - Querying expenses from 2026-01-12 to 2026-02-11
2026-02-11 15:11:21,230 - SpareERP - INFO - Found 0 expense entries
2026-02-11 15:11:21,231 - SpareERP - INFO - No expenses found in last 30 days
2026-02-11 15:11:22,223 - SpareERP - INFO - Expense added: Lunch, 120.0
2026-02-11 15:11:22,226 - SpareERP - INFO - Query expenses between 2026-01-12 and 2026-02-11: 0 found
2026-02-11 15:11:22,226 - SpareERP - INFO - Querying expenses from 2026-01-12 to 2026-02-11
2026-02-11 15:11:22,226 - SpareERP - INFO - Found 0 expense entries
2026-02-11 15:11:22,227 - SpareERP - INFO - No expenses found in last 30 days
2026-02-11 15:11:23,177 - SpareERP - INFO - Expense added: Petrol, 200.0
2026-02-11 15:11:23,180 - SpareERP - INFO - Query expenses between 2026-01-12 and 2026-02-11: 0 found
2026-02-11 15:11:23,180 - SpareERP - INFO - Querying expenses from 2026-01-12 to 2026-02-11
2026-02-11 15:11:23,180 - SpareERP - INFO - Found 0 expense entries
2026-02-11 15:11:23,181 - SpareERP - INFO - No expenses found in last 30 days
2026-02-11 15:11:23,865 - SpareERP - INFO - Expense added: Shop Repair, 500.0
2026-02-11 15:11:23,868 - SpareERP - INFO - Query expenses between 2026-01-12 and 2026-02-11: 0 found
2026-02-11 15:11:23,868 - SpareERP - INFO - Querying expenses from 2026-01-12 to 2026-02-11
2026-02-11 15:11:23,868 - SpareERP - INFO - Found 0 expense entries
2026-02-11 15:11:23,869 - SpareERP - INFO - No expenses found in last 30 days
2026-02-11 15:11:24,593 - SpareERP - INFO - Expense added: Petrol, 200.0
2026-02-11 15:11:24,595 - SpareERP - INFO - Query expenses between 2026-01-12 and 2026-02-11: 0 found
2026-02-11 15:11:24,596 - SpareERP - INFO - Querying expenses from 2026-01-12 to 2026-02-11
2026-02-11 15:11:24,596 - SpareERP - INFO - Found 0 expense entries
2026-02-11 15:11:24,597 - SpareERP - INFO - No expenses found in last 30 days
2026-02-11 15:11:25,298 - SpareERP - INFO - Expense added: Petrol, 200.0
2026-02-11 15:11:25,300 - SpareERP - INFO - Query expenses between 2026-01-12 and 2026-02-11: 0 found
2026-02-11 15:11:25,300 - SpareERP - INFO - Querying expenses from 2026-01-12 to 2026-02-11
2026-02-11 15:11:25,300 - SpareERP - INFO - Found 0 expense entries
2026-02-11 15:11:25,301 - SpareERP - INFO - No expenses found in last 30 days
2026-02-11 15:11:26,038 - SpareERP - INFO - Expense added: Lunch, 120.0
2026-02-11 15:11:26,040 - SpareERP - INFO - Query expenses between 2026-01-12 and 2026-02-11: 0 found
2026-02-11 15:11:26,041 - SpareERP - INFO - Querying expenses from 2026-01-12 to 2026-02-11
2026-02-11 15:11:26,041 - SpareERP - INFO - Found 0 expense entries
2026-02-11 15:11:26,042 - SpareERP - INFO - No expenses found in last 30 days
2026-02-11 15:11:26,632 - SpareERP - INFO - Expense added: Petrol, 200.0
2026-02-11 15:11:26,634 - SpareERP - INFO - Query expenses between 2026-01-12 and 2026-02-11: 0 found
2026-02-11 15:11:26,634 - SpareERP - INFO - Querying expenses from 2026-01-12 to 2026-02-11
2026-02-11 15:11:26,634 - SpareERP - INFO - Found 0 expense entries
2026-02-11 15:11:26,635 - SpareERP - INFO - No expenses found in last 30 days
2026-02-11 15:11:27,257 - SpareERP - INFO - Expense added: Shop Repair, 500.0
2026-02-11 15:11:27,260 - SpareERP - INFO - Query expenses between 2026-01-12 and 2026-02-11: 0 found
2026-02-11 15:11:27,260 - SpareERP - INFO - Querying expenses from 2026-01-12 to 2026-02-11
2026-02-11 15:11:27,260 - SpareERP - INFO - Found 0 expense entries
2026-02-11 15:11:27,261 - SpareERP - INFO - No expenses found in last 30 days
2026-02-11 15:11:27,874 - SpareERP - INFO - Expense added: Petrol, 200.0
2026-02-11 15:11:27,876 - SpareERP - INFO - Query expenses between 2026-01-12 and 2026-02-11: 0 found
2026-02-11 15:11:27,876 - SpareERP - INFO - Querying expenses from 2026-01-12 to 2026-02-11
2026-02-11 15:11:27,876 - SpareERP - INFO - Found 0 expense entries
2026-02-11 15:11:27,877 - SpareERP - INFO - No expenses found in last 30 days
2026-02-11 15:11:28,527 - SpareERP - INFO - Expense added: Lunch, 120.0
2026-02-11 15:11:28,529 - SpareERP - INFO - Query expenses between 2026-01-12 and 2026-02-11: 0 found
2026-02-11 15:11:28,529 - SpareERP - INFO - Querying expenses from 2026-01-12 to 2026-02-11
2026-02-11 15:11:28,529 - SpareERP - INFO - Found 0 expense entries
2026-02-11 15:11:28,530 - SpareERP - INFO - No expenses found in last 30 days
2026-02-11 15:11:29,090 - SpareERP - INFO - Expense added: Petrol, 200.0
2026-02-11 15:11:29,092 - SpareERP - INFO - Query expenses between 2026-01-12 and 2026-02-11: 0 found
2026-02-11 15:11:29,092 - SpareERP - INFO - Querying expenses from 2026-01-12 to 2026-02-11
2026-02-11 15:11:29,093 - SpareERP - INFO - Found 0 expense entries
2026-02-11 15:11:29,093 - SpareERP - INFO - No expenses found in last 30 days
2026-02-11 15:11:29,785 - SpareERP - INFO - Expense added: Shop Repair, 500.0
2026-02-11 15:11:29,788 - SpareERP - INFO - Query expenses between 2026-01-12 and 2026-02-11: 0 found
2026-02-11 15:11:29,788 - SpareERP - INFO - Querying expenses from 2026-01-12 to 2026-02-11
2026-02-11 15:11:29,788 - SpareERP - INFO - Found 0 expense entries
2026-02-11 15:11:29,789 - SpareERP - INFO - No expenses found in last 30 days
2026-02-11 15:11:30,416 - SpareERP - INFO - Expense added: Petrol, 200.0
2026-02-11 15:11:30,418 - SpareERP - INFO - Query expenses between 2026-01-12 and 2026-02-11: 0 found
2026-02-11 15:11:30,418 - SpareERP - INFO - Querying expenses from 2026-01-12 to 2026-02-11
2026-02-11 15:11:30,418 - SpareERP - INFO - Found 0 expense entries
2026-02-11 15:11:30,419 - SpareERP - INFO - No expenses found in last 30 days
2026-02-11 15:11:31,913 - SpareERP - INFO - Expense added: Petrol, 200.0
2026-02-11 15:11:31,915 - SpareERP - INFO - Query expenses between 2026-01-12 and 2026-02-11: 0 found
2026-02-11 15:11:31,915 - SpareERP - INFO - Querying expenses from 2026-01-12 to 2026-02-11
2026-02-11 15:11:31,916 - SpareERP - INFO - Found 0 expense entries
2026-02-11 15:11:31,916 - SpareERP - INFO - No expenses found in last 30 days
2026-02-11 15:11:32,975 - SpareERP - INFO - Expense added: Shop Repair, 500.0
2026-02-11 15:11:32,977 - SpareERP - INFO - Query expenses between 2026-01-12 and 2026-02-11: 0 found
2026-02-11 15:11:32,978 - SpareERP - INFO - Querying expenses from 2026-01-12 to 2026-02-11
2026-02-11 15:11:32,978 - SpareERP - INFO - Found 0 expense entries
2026-02-11 15:11:32,978 - SpareERP - INFO - No expenses found in last 30 days
2026-02-11 15:11:33,984 - SpareERP - INFO - Expense added: Lunch, 120.0
2026-02-11 15:11:33,986 - SpareERP - INFO - Query expenses between 2026-01-12 and 2026-02-11: 0 found
2026-02-11 15:11:33,986 - SpareERP - INFO - Querying expenses from 2026-01-12 to 2026-02-11
2026-02-11 15:11:33,986 - SpareERP - INFO - Found 0 expense entries
2026-02-11 15:11:33,987 - SpareERP - INFO - No expenses found in last 30 days
2026-02-11 15:11:34,480 - SpareERP - INFO - Expense added: Tea, 15.0
2026-02-11 15:11:34,482 - SpareERP - INFO - Query expenses between 2026-01-12 and 2026-02-11: 0 found
2026-02-11 15:11:34,482 - SpareERP - INFO - Querying expenses from 2026-01-12 to 2026-02-11
2026-02-11 15:11:34,483 - SpareERP - INFO - Found 0 expense entries
2026-02-11 15:11:34,483 - SpareERP - INFO - No expenses found in last 30 days
2026-02-11 15:11:35,831 - SpareERP - INFO - Refreshing page at index 4
2026-02-11 15:11:35,832 - SpareERP - INFO - Query expenses between 2026-01-12 and 2026-02-11: 0 found
2026-02-11 15:11:35,832 - SpareERP - INFO - Querying expenses from 2026-01-12 to 2026-02-11
2026-02-11 15:11:35,833 - SpareERP - INFO - Found 0 expense entries
2026-02-11 15:11:35,833 - SpareERP - INFO - No expenses found in last 30 days
2026-02-11 15:11:36,588 - SpareERP - INFO - Refreshing page at index 4
2026-02-11 15:11:36,589 - SpareERP - INFO - Query expenses between 2026-01-12 and 2026-02-11: 0 found
2026-02-11 15:11:36,590 - SpareERP - INFO - Querying expenses from 2026-01-12 to 2026-02-11
2026-02-11 15:11:36,590 - SpareERP - INFO - Found 0 expense entries
2026-02-11 15:11:36,591 - SpareERP - INFO - No expenses found in last 30 days
2026-02-11 15:11:38,233 - SpareERP - INFO - Refreshing page at index 4
2026-02-11 15:11:38,234 - SpareERP - INFO - Query expenses between 2026-01-12 and 2026-02-11: 0 found
2026-02-11 15:11:38,235 - SpareERP - INFO - Querying expenses from 2026-01-12 to 2026-02-11
2026-02-11 15:11:38,235 - SpareERP - INFO - Found 0 expense entries
2026-02-11 15:11:38,236 - SpareERP - INFO - No expenses found in last 30 days
2026-02-11 15:11:39,024 - SpareERP - INFO - Refreshing page at index 4
2026-02-11 15:11:39,025 - SpareERP - INFO - Query expenses between 2026-01-12 and 2026-02-11: 0 found
2026-02-11 15:11:39,025 - SpareERP - INFO - Querying expenses from 2026-01-12 to 2026-02-11
2026-02-11 15:11:39,025 - SpareERP - INFO - Found 0 expense entries
2026-02-11 15:11:39,026 - SpareERP - INFO - No expenses found in last 30 days
2026-02-11 15:40:58,074 - SpareERP - INFO - Application starting...
2026-02-11 15:40:59,828 - SpareERP - INFO - Database initialized at c:\Users\Admin\Desktop\spare_ERP\data\spareparts_pro.db
2026-02-11 15:41:00,409 - SpareERP - INFO - Launching Login Window...
2026-02-11 15:41:16,491 - SpareERP - INFO - User admin logged in successfully
2026-02-11 15:41:21,540 - SpareERP - ERROR - Error logging activity: database is locked
2026-02-11 15:41:21,542 - SpareERP - INFO - Login success signal received. Role: ADMIN
2026-02-11 15:41:21,557 - SpareERP - INFO - User authenticated as ADMIN. Launching Main Window.
2026-02-11 15:41:21,561 - SpareERP - INFO - Initializing MainWindow...
2026-02-11 15:41:21,589 - SpareERP - INFO - Lazy loading page: Dashboard
2026-02-11 15:41:21,619 - SpareERP - INFO - AI Cache: 222 vehicle models, 361 part keywords
2026-02-11 15:41:23,137 - SpareERP - INFO - Lazy loading page: Expenses
2026-02-11 15:41:23,153 - SpareERP - INFO - AI Cache: 222 vehicle models, 361 part keywords
2026-02-11 15:41:23,169 - SpareERP - INFO - Query all expenses: 33 found
2026-02-11 15:41:23,170 - SpareERP - INFO - Querying ALL expenses
2026-02-11 15:41:23,171 - SpareERP - INFO - Found 33 expense entries
2026-02-11 15:41:23,171 - SpareERP - INFO - Loading 33 expenses
2026-02-11 15:41:47,848 - SpareERP - INFO - Lazy loading page: Inventory
2026-02-11 15:41:47,849 - SpareERP - INFO - Initializing InventoryPage...
2026-02-11 15:41:47,873 - SpareERP - INFO - InventoryPage Initialized Successfully.
2026-02-11 15:41:47,924 - SpareERP - INFO - [Inventory] System initialized. Loaded 601 parts.
2026-02-11 15:41:52,342 - SpareERP - INFO - Refreshing page at index 2
2026-02-11 15:41:52,349 - SpareERP - INFO - [Inventory] System initialized. Loaded 601 parts.
2026-02-11 15:48:04,028 - SpareERP - INFO - Application starting...
2026-02-11 15:48:05,830 - SpareERP - INFO - Migrated schema: Added added_by to parts table
2026-02-11 15:48:05,830 - SpareERP - INFO - Database initialized at c:\Users\Admin\Desktop\spare_ERP\data\spareparts_pro.db
2026-02-11 15:48:06,442 - SpareERP - INFO - Launching Login Window...
2026-02-11 15:48:14,744 - SpareERP - INFO - User admin logged in successfully
2026-02-11 15:48:19,791 - SpareERP - ERROR - Error logging activity: database is locked
2026-02-11 15:48:19,793 - SpareERP - INFO - Login success signal received. Role: ADMIN
2026-02-11 15:48:19,807 - SpareERP - INFO - User authenticated as ADMIN. Launching Main Window.
2026-02-11 15:48:19,811 - SpareERP - INFO - Initializing MainWindow...
2026-02-11 15:48:19,844 - SpareERP - INFO - Lazy loading page: Dashboard
2026-02-11 15:48:19,860 - SpareERP - INFO - AI Cache: 222 vehicle models, 361 part keywords
2026-02-11 15:48:23,934 - SpareERP - INFO - Lazy loading page: Inventory
2026-02-11 15:48:23,934 - SpareERP - INFO - Initializing InventoryPage...
2026-02-11 15:48:23,994 - SpareERP - INFO - InventoryPage Initialized Successfully.
2026-02-11 15:48:24,053 - SpareERP - INFO - [Inventory] System initialized. Loaded 601 parts.
2026-02-11 15:48:27,451 - SpareERP - INFO - Refreshing page at index 2
2026-02-11 15:48:27,822 - SpareERP - INFO - [Inventory] System initialized. Loaded 601 parts.
2026-02-11 15:59:55,681 - SpareERP - INFO - Refreshing page at index 2
2026-02-11 15:59:55,690 - SpareERP - INFO - [Inventory] System initialized. Loaded 601 parts.
2026-02-11 16:05:18,622 - SpareERP - INFO - Application starting...
2026-02-11 16:05:23,885 - SpareERP - INFO - Database initialized at c:\Users\Admin\Desktop\spare_ERP\data\spareparts_pro.db
2026-02-11 16:05:25,185 - SpareERP - INFO - Launching Login Window...
2026-02-11 16:05:34,752 - SpareERP - INFO - User admin logged in successfully
2026-02-11 16:05:39,797 - SpareERP - ERROR - Error logging activity: database is locked
2026-02-11 16:05:39,799 - SpareERP - INFO - Login success signal received. Role: ADMIN
2026-02-11 16:05:39,813 - SpareERP - INFO - User authenticated as ADMIN. Launching Main Window.
2026-02-11 16:05:39,820 - SpareERP - INFO - Initializing MainWindow...
2026-02-11 16:05:39,845 - SpareERP - INFO - Lazy loading page: Dashboard
2026-02-11 16:05:39,884 - SpareERP - INFO - AI Cache: 222 vehicle models, 361 part keywords
2026-02-11 16:05:43,696 - SpareERP - INFO - Lazy loading page: Expenses
2026-02-11 16:05:43,703 - SpareERP - INFO - AI Cache: 222 vehicle models, 361 part keywords
2026-02-11 16:05:43,710 - SpareERP - INFO - Query all expenses: 33 found
2026-02-11 16:05:43,711 - SpareERP - INFO - Querying ALL expenses
2026-02-11 16:05:43,711 - SpareERP - INFO - Found 33 expense entries
2026-02-11 16:05:43,712 - SpareERP - INFO - Loading 33 expenses
2026-02-11 16:05:46,235 - SpareERP - INFO - Lazy loading page: Inventory
2026-02-11 16:05:46,236 - SpareERP - INFO - Initializing InventoryPage...
2026-02-11 16:05:46,301 - SpareERP - INFO - InventoryPage Initialized Successfully.
2026-02-11 16:05:46,383 - SpareERP - INFO - [Inventory] System initialized. Loaded 601 parts.
2026-02-11 16:44:43,006 - SpareERP - INFO - Application starting...
2026-02-11 16:44:47,075 - SpareERP - INFO - Database initialized at c:\Users\Admin\Desktop\spare_ERP\data\spareparts_pro.db
2026-02-11 16:44:48,053 - SpareERP - INFO - Launching Login Window...
2026-02-11 16:44:55,066 - SpareERP - INFO - User admin logged in successfully
2026-02-11 16:45:00,108 - SpareERP - ERROR - Error logging activity: database is locked
2026-02-11 16:45:00,110 - SpareERP - INFO - Login success signal received. Role: ADMIN
2026-02-11 16:45:00,124 - SpareERP - INFO - User authenticated as ADMIN. Launching Main Window.
2026-02-11 16:45:00,126 - SpareERP - INFO - Initializing MainWindow...
2026-02-11 16:45:00,163 - SpareERP - INFO - Lazy loading page: Dashboard
2026-02-11 16:45:00,215 - SpareERP - INFO - AI Cache: 222 vehicle models, 361 part keywords
2026-02-11 16:45:02,494 - SpareERP - INFO - Lazy loading page: Inventory
2026-02-11 16:45:02,494 - SpareERP - INFO - Initializing InventoryPage...
2026-02-11 16:45:02,520 - SpareERP - INFO - InventoryPage Initialized Successfully.
2026-02-11 16:45:02,581 - SpareERP - INFO - [Inventory] System initialized. Loaded 601 parts.
2026-02-11 16:45:06,460 - SpareERP - INFO - Refreshing page at index 2
2026-02-11 16:45:06,529 - SpareERP - INFO - [Inventory] System initialized. Loaded 601 parts.
2026-02-11 16:49:57,580 - SpareERP - INFO - Application starting...
2026-02-11 16:49:59,351 - SpareERP - INFO - Database initialized at c:\Users\Admin\Desktop\spare_ERP\data\spareparts_pro.db
2026-02-11 16:49:59,934 - SpareERP - INFO - Launching Login Window...
2026-02-11 16:50:09,184 - SpareERP - INFO - User admin logged in successfully
2026-02-11 16:50:14,230 - SpareERP - ERROR - Error logging activity: database is locked
2026-02-11 16:50:14,232 - SpareERP - INFO - Login success signal received. Role: ADMIN
2026-02-11 16:50:14,248 - SpareERP - INFO - User authenticated as ADMIN. Launching Main Window.
2026-02-11 16:50:14,251 - SpareERP - INFO - Initializing MainWindow...
2026-02-11 16:50:14,274 - SpareERP - INFO - Lazy loading page: Dashboard
2026-02-11 16:50:14,306 - SpareERP - INFO - AI Cache: 222 vehicle models, 361 part keywords
2026-02-11 16:50:15,768 - SpareERP - INFO - Lazy loading page: Reports
2026-02-11 16:50:16,676 - SpareERP - INFO - Lazy loading page: Inventory
2026-02-11 16:50:16,676 - SpareERP - INFO - Initializing InventoryPage...
2026-02-11 16:50:16,706 - SpareERP - INFO - InventoryPage Initialized Successfully.
2026-02-11 16:50:16,784 - SpareERP - INFO - [Inventory] System initialized. Loaded 601 parts.
2026-02-11 16:50:20,707 - SpareERP - INFO - Refreshing page at index 2
2026-02-11 16:50:20,785 - SpareERP - INFO - [Inventory] System initialized. Loaded 601 parts.
2026-02-11 16:57:23,820 - SpareERP - INFO - Application starting...
2026-02-11 16:57:25,580 - SpareERP - INFO - Database initialized at c:\Users\Admin\Desktop\spare_ERP\data\spareparts_pro.db
2026-02-11 16:57:26,177 - SpareERP - INFO - Launching Login Window...
2026-02-11 16:57:33,124 - SpareERP - INFO - User admin logged in successfully
2026-02-11 16:57:38,167 - SpareERP - ERROR - Error logging activity: database is locked
2026-02-11 16:57:38,169 - SpareERP - INFO - Login success signal received. Role: ADMIN
2026-02-11 16:57:38,175 - SpareERP - INFO - User authenticated as ADMIN. Launching Main Window.
2026-02-11 16:57:38,177 - SpareERP - INFO - Initializing MainWindow...
2026-02-11 16:57:38,196 - SpareERP - INFO - Lazy loading page: Dashboard
2026-02-11 16:57:38,236 - SpareERP - INFO - AI Cache: 222 vehicle models, 361 part keywords
2026-02-11 16:57:41,280 - SpareERP - INFO - Lazy loading page: Reports
2026-02-11 16:57:42,425 - SpareERP - INFO - Lazy loading page: Inventory
2026-02-11 16:57:42,426 - SpareERP - INFO - Initializing InventoryPage...
2026-02-11 16:57:42,472 - SpareERP - INFO - InventoryPage Initialized Successfully.
2026-02-11 16:57:42,533 - SpareERP - INFO - [Inventory] System initialized. Loaded 601 parts.
2026-02-11 16:57:46,076 - SpareERP - INFO - Refreshing page at index 2
2026-02-11 16:57:46,496 - SpareERP - INFO - [Inventory] System initialized. Loaded 601 parts.
2026-02-11 17:14:52,184 - SpareERP - INFO - Application starting...
2026-02-11 17:14:53,950 - SpareERP - INFO - Database initialized at c:\Users\Admin\Desktop\spare_ERP\data\spareparts_pro.db
2026-02-11 17:14:54,532 - SpareERP - INFO - Launching Login Window...
2026-02-11 17:21:20,618 - SpareERP - INFO - User admin logged in successfully
2026-02-11 17:21:25,668 - SpareERP - ERROR - Error logging activity: database is locked
2026-02-11 17:21:25,669 - SpareERP - INFO - Login success signal received. Role: ADMIN
2026-02-11 17:21:25,678 - SpareERP - INFO - User authenticated as ADMIN. Launching Main Window.
2026-02-11 17:21:25,687 - SpareERP - INFO - Initializing MainWindow...
2026-02-11 17:21:25,728 - SpareERP - INFO - Lazy loading page: Dashboard
2026-02-11 17:21:25,789 - SpareERP - INFO - AI Cache: 222 vehicle models, 361 part keywords
2026-02-11 17:21:33,029 - SpareERP - INFO - Lazy loading page: Reports
2026-02-11 17:21:34,054 - SpareERP - INFO - Lazy loading page: Inventory
2026-02-11 17:21:34,054 - SpareERP - INFO - Initializing InventoryPage...
2026-02-11 17:21:34,075 - SpareERP - INFO - InventoryPage Initialized Successfully.
2026-02-11 17:21:34,134 - SpareERP - INFO - [Inventory] System initialized. Loaded 601 parts.
2026-02-11 17:21:38,605 - SpareERP - INFO - Refreshing page at index 2
2026-02-11 17:21:38,786 - SpareERP - INFO - [Inventory] System initialized. Loaded 601 parts.
2026-02-11 17:33:33,622 - SpareERP - INFO - Application starting...
2026-02-11 17:33:35,378 - SpareERP - INFO - Database initialized at c:\Users\Admin\Desktop\spare_ERP\data\spareparts_pro.db
2026-02-11 17:33:35,942 - SpareERP - INFO - Launching Login Window...
2026-02-11 17:33:43,284 - SpareERP - INFO - User admin logged in successfully
2026-02-11 17:33:48,330 - SpareERP - ERROR - Error logging activity: database is locked
2026-02-11 17:33:48,332 - SpareERP - INFO - Login success signal received. Role: ADMIN
2026-02-11 17:33:48,348 - SpareERP - INFO - User authenticated as ADMIN. Launching Main Window.
2026-02-11 17:33:48,351 - SpareERP - INFO - Initializing MainWindow...
2026-02-11 17:33:48,381 - SpareERP - INFO - Lazy loading page: Dashboard
2026-02-11 17:33:48,421 - SpareERP - INFO - AI Cache: 222 vehicle models, 361 part keywords
2026-02-11 17:33:49,896 - SpareERP - INFO - Lazy loading page: Reports
2026-02-11 17:33:50,624 - SpareERP - INFO - Lazy loading page: Expenses
2026-02-11 17:33:50,632 - SpareERP - INFO - AI Cache: 222 vehicle models, 361 part keywords
2026-02-11 17:33:50,640 - SpareERP - INFO - Query all expenses: 33 found
2026-02-11 17:33:50,640 - SpareERP - INFO - Querying ALL expenses
2026-02-11 17:33:50,640 - SpareERP - INFO - Found 33 expense entries
2026-02-11 17:33:50,641 - SpareERP - INFO - Loading 33 expenses
2026-02-11 17:33:52,192 - SpareERP - INFO - Lazy loading page: Inventory
2026-02-11 17:33:52,192 - SpareERP - INFO - Initializing InventoryPage...
2026-02-11 17:33:52,213 - SpareERP - INFO - InventoryPage Initialized Successfully.
2026-02-11 17:33:52,264 - SpareERP - INFO - [Inventory] System initialized. Loaded 601 parts.
2026-02-11 17:33:56,670 - SpareERP - INFO - Refreshing page at index 2
2026-02-11 17:33:56,754 - SpareERP - INFO - [Inventory] System initialized. Loaded 601 parts.
2026-02-11 17:34:39,983 - SpareERP - WARNING - Duplicate part entry attempted: TEST-002
2026-02-11 17:34:41,202 - SpareERP - ERROR - Error adding part: tuple indices must be integers or slices, not str
2026-02-11 17:35:02,951 - SpareERP - INFO - Refreshing page at index 2
2026-02-11 17:35:02,959 - SpareERP - INFO - [Inventory] System initialized. Loaded 601 parts.
2026-02-11 17:35:32,294 - SpareERP - WARNING - Duplicate part entry attempted: P6040070
2026-02-11 17:35:33,529 - SpareERP - ERROR - Error adding part: tuple indices must be integers or slices, not str
2026-02-11 17:35:39,140 - SpareERP - INFO - Refreshing page at index 2
2026-02-11 17:35:39,149 - SpareERP - INFO - [Inventory] System initialized. Loaded 601 parts.
2026-02-11 17:35:43,609 - SpareERP - INFO - Refreshing page at index 2
2026-02-11 17:35:43,702 - SpareERP - INFO - [Inventory] System initialized. Loaded 601 parts.
2026-02-11 17:37:19,590 - SpareERP - INFO - Refreshing page at index 2
2026-02-11 17:37:19,598 - SpareERP - INFO - [Inventory] System initialized. Loaded 601 parts.
2026-02-11 17:37:34,915 - SpareERP - WARNING - Duplicate part entry attempted: P6040070
2026-02-11 17:37:36,268 - SpareERP - ERROR - Error adding part: tuple indices must be integers or slices, not str
2026-02-11 17:37:46,015 - SpareERP - INFO - Refreshing page at index 2
2026-02-11 17:37:46,022 - SpareERP - INFO - [Inventory] System initialized. Loaded 601 parts.
2026-02-11 17:37:50,377 - SpareERP - INFO - Refreshing page at index 2
2026-02-11 17:37:50,505 - SpareERP - INFO - [Inventory] System initialized. Loaded 601 parts.
2026-02-11 17:38:30,808 - SpareERP - INFO - Refreshing page at index 2
2026-02-11 17:38:30,824 - SpareERP - INFO - [Inventory] System initialized. Loaded 601 parts.
2026-02-11 17:38:35,366 - SpareERP - INFO - Refreshing page at index 2
2026-02-11 17:38:35,407 - SpareERP - INFO - [Inventory] System initialized. Loaded 601 parts.
2026-02-11 17:39:24,711 - SpareERP - INFO - Refreshing page at index 2
2026-02-11 17:39:24,832 - SpareERP - INFO - [Inventory] System initialized. Loaded 601 parts.
2026-02-11 17:39:48,813 - SpareERP - WARNING - Duplicate part entry attempted: P6040070
2026-02-11 17:39:50,244 - SpareERP - ERROR - Error adding part: tuple indices must be integers or slices, not str
2026-02-11 17:40:35,214 - SpareERP - INFO - Refreshing page at index 2
2026-02-11 17:40:35,228 - SpareERP - INFO - [Inventory] System initialized. Loaded 601 parts.
2026-02-12 13:57:31,759 - SpareERP - INFO - Application starting...
2026-02-12 13:57:36,748 - SpareERP - INFO - Database initialized at c:\Users\Admin\Desktop\spare_ERP\data\spareparts_pro.db
2026-02-12 13:57:36,753 - SpareERP - INFO - Launching Login Window...
2026-02-12 13:58:42,992 - SpareERP - INFO - User admin logged in successfully
2026-02-12 13:58:48,029 - SpareERP - ERROR - Error logging activity: database is locked
2026-02-12 13:58:48,031 - SpareERP - INFO - Login success signal received. Role: ADMIN
2026-02-12 13:58:48,045 - SpareERP - INFO - User authenticated as ADMIN. Launching Main Window.
2026-02-12 13:58:48,055 - SpareERP - INFO - Initializing MainWindow...
2026-02-12 13:58:48,179 - SpareERP - INFO - Lazy loading page: Dashboard
2026-02-12 13:58:48,767 - SpareERP - INFO - AI Cache: 222 vehicle models, 361 part keywords
2026-02-12 13:58:52,553 - SpareERP - INFO - Lazy loading page: Inventory
2026-02-12 13:58:52,977 - SpareERP - INFO - Initializing InventoryPage...
2026-02-12 13:58:53,023 - SpareERP - INFO - InventoryPage Initialized Successfully.
2026-02-12 13:58:53,106 - SpareERP - INFO - [Inventory] System initialized. Loaded 601 parts.
2026-02-12 13:58:57,299 - SpareERP - INFO - Refreshing page at index 2
2026-02-12 13:58:57,810 - SpareERP - INFO - [Inventory] System initialized. Loaded 601 parts.
2026-02-12 14:00:15,388 - SpareERP - INFO - Application starting...
2026-02-12 14:00:17,146 - SpareERP - INFO - Database initialized at c:\Users\Admin\Desktop\spare_ERP\data\spareparts_pro.db
2026-02-12 14:00:17,151 - SpareERP - INFO - Launching Login Window...
2026-02-12 14:00:26,372 - SpareERP - INFO - User admin logged in successfully
2026-02-12 14:00:31,414 - SpareERP - ERROR - Error logging activity: database is locked
2026-02-12 14:00:31,416 - SpareERP - INFO - Login success signal received. Role: ADMIN
2026-02-12 14:00:31,430 - SpareERP - INFO - User authenticated as ADMIN. Launching Main Window.
2026-02-12 14:00:31,432 - SpareERP - INFO - Initializing MainWindow...
2026-02-12 14:00:31,530 - SpareERP - INFO - Lazy loading page: Dashboard
2026-02-12 14:00:31,625 - SpareERP - INFO - AI Cache: 222 vehicle models, 361 part keywords
2026-02-12 14:53:09,214 - SpareERP - INFO - Application starting...
2026-02-12 14:53:10,942 - SpareERP - INFO - Database initialized at c:\Users\Admin\Desktop\spare_ERP\data\spareparts_pro.db
2026-02-12 14:53:10,947 - SpareERP - INFO - Launching Login Window...
2026-02-12 14:53:26,917 - SpareERP - INFO - User admin logged in successfully
2026-02-12 14:53:31,961 - SpareERP - ERROR - Error logging activity: database is locked
2026-02-12 14:53:31,963 - SpareERP - INFO - Login success signal received. Role: ADMIN
2026-02-12 14:53:31,971 - SpareERP - INFO - User authenticated as ADMIN. Launching Main Window.
2026-02-12 14:53:31,973 - SpareERP - INFO - Initializing MainWindow...
2026-02-12 14:53:32,072 - SpareERP - INFO - Lazy loading page: Dashboard
2026-02-12 14:53:32,169 - SpareERP - INFO - AI Cache: 222 vehicle models, 361 part keywords
2026-02-12 14:53:33,474 - SpareERP - INFO - Lazy loading page: Reports
2026-02-12 14:53:34,313 - SpareERP - INFO - Lazy loading page: Expenses
2026-02-12 14:53:34,327 - SpareERP - INFO - AI Cache: 222 vehicle models, 361 part keywords
2026-02-12 14:53:34,337 - SpareERP - INFO - Query all expenses: 33 found
2026-02-12 14:53:34,338 - SpareERP - INFO - Querying ALL expenses
2026-02-12 14:53:34,338 - SpareERP - INFO - Found 33 expense entries
2026-02-12 14:53:34,338 - SpareERP - INFO - Loading 33 expenses
2026-02-12 14:53:36,609 - SpareERP - INFO - Lazy loading page: Inventory
2026-02-12 14:53:36,894 - SpareERP - INFO - Initializing InventoryPage...
2026-02-12 14:53:36,916 - SpareERP - INFO - InventoryPage Initialized Successfully.
2026-02-12 14:53:36,970 - SpareERP - INFO - [Inventory] System initialized. Loaded 601 parts.
2026-02-12 14:54:21,617 - SpareERP - INFO - Lazy loading page: Access
2026-02-12 14:54:33,450 - SpareERP - INFO - Lazy loading page: Billing
2026-02-12 14:54:39,930 - SpareERP - INFO - Custom billing field removed: NEXT SERVIS reading
2026-02-12 14:54:42,874 - SpareERP - INFO - Custom billing field removed: SERVICE  TYPE
2026-02-12 14:54:44,976 - SpareERP - INFO - Custom billing field removed: Reading
2026-02-12 14:57:48,539 - SpareERP - INFO - Invoice saved: INV-1048
2026-02-12 14:57:48,540 - SpareERP - INFO - Invoice generated: INV-1048 for GYANI
2026-02-12 14:57:48,545 - SpareERP - INFO - Part sold: M1080540, Qty: 1, Inv: INV-1048
2026-02-12 14:57:48,551 - SpareERP - INFO - Part sold: NF040370, Qty: 1, Inv: INV-1048
2026-02-12 14:57:48,557 - SpareERP - INFO - Part sold: TR600080, Qty: 1, Inv: INV-1048
2026-02-12 14:57:48,564 - SpareERP - INFO - Part sold: N4031120, Qty: 1, Inv: INV-1048
2026-02-12 14:57:48,570 - SpareERP - INFO - Part sold: N9325190, Qty: 1, Inv: INV-1048
2026-02-12 14:57:48,575 - SpareERP - INFO - Part sold: TEST-002, Qty: 1, Inv: INV-1048
2026-02-12 14:57:48,581 - SpareERP - INFO - Part sold: N3080250, Qty: 1, Inv: INV-1048
2026-02-12 14:57:48,588 - SpareERP - INFO - Part sold: N3011370, Qty: 1, Inv: INV-1048
2026-02-12 14:57:48,594 - SpareERP - INFO - Part sold: M7011370, Qty: 1, Inv: INV-1048
2026-02-12 14:57:48,601 - SpareERP - INFO - Part sold: M7080870, Qty: 1, Inv: INV-1048
2026-02-12 14:57:48,606 - SpareERP - INFO - Part sold: N2070200, Qty: 1, Inv: INV-1048
2026-02-12 14:57:48,613 - SpareERP - INFO - Part sold: N6321450, Qty: 1, Inv: INV-1048
2026-02-12 14:57:48,619 - SpareERP - INFO - Part sold: K6320590, Qty: 1, Inv: INV-1048
2026-02-12 14:57:48,625 - SpareERP - INFO - Part sold: N9225760, Qty: 1, Inv: INV-1048
2026-02-12 14:57:48,631 - SpareERP - INFO - Part sold: N3102420, Qty: 1, Inv: INV-1048
2026-02-12 14:57:48,636 - SpareERP - INFO - Part sold: N9325510, Qty: 1, Inv: INV-1048
2026-02-12 14:57:48,643 - SpareERP - INFO - Part sold: TRU4PR001, Qty: 1, Inv: INV-1048
2026-02-12 14:57:48,650 - SpareERP - INFO - Part sold: P160460, Qty: 1, Inv: INV-1048
2026-02-12 14:57:48,656 - SpareERP - INFO - Part sold: P7170060, Qty: 1, Inv: INV-1048
2026-02-12 14:57:48,662 - SpareERP - INFO - Part sold: N2320640, Qty: 1, Inv: INV-1048
2026-02-12 14:57:48,668 - SpareERP - INFO - Part sold: N6121890, Qty: 1, Inv: INV-1048
2026-02-12 14:57:49,798 - SpareERP - INFO - Sending WhatsApp for INV-1048 to 9335668077
2026-02-12 15:10:05,071 - SpareERP - INFO - Application starting...
2026-02-12 15:10:06,848 - SpareERP - INFO - Database initialized at c:\Users\Admin\Desktop\spare_ERP\data\spareparts_pro.db
2026-02-12 15:10:06,853 - SpareERP - INFO - Launching Login Window...
2026-02-12 15:10:16,870 - SpareERP - INFO - User admin logged in successfully
2026-02-12 15:10:21,907 - SpareERP - ERROR - Error logging activity: database is locked
2026-02-12 15:10:21,909 - SpareERP - INFO - Login success signal received. Role: ADMIN
2026-02-12 15:10:21,923 - SpareERP - INFO - User authenticated as ADMIN. Launching Main Window.
2026-02-12 15:10:21,926 - SpareERP - INFO - Initializing MainWindow...
2026-02-12 15:10:22,022 - SpareERP - INFO - Lazy loading page: Dashboard
2026-02-12 15:10:22,126 - SpareERP - INFO - AI Cache: 222 vehicle models, 361 part keywords
2026-02-12 15:10:56,673 - SpareERP - INFO - Lazy loading page: Reports
2026-02-12 15:10:57,377 - SpareERP - INFO - Lazy loading page: Expenses
2026-02-12 15:10:57,386 - SpareERP - INFO - AI Cache: 222 vehicle models, 361 part keywords
2026-02-12 15:10:57,394 - SpareERP - INFO - Query all expenses: 33 found
2026-02-12 15:10:57,395 - SpareERP - INFO - Querying ALL expenses
2026-02-12 15:10:57,395 - SpareERP - INFO - Found 33 expense entries
2026-02-12 15:10:57,395 - SpareERP - INFO - Loading 33 expenses
2026-02-12 15:10:58,217 - SpareERP - INFO - Lazy loading page: Inventory
2026-02-12 15:10:58,482 - SpareERP - INFO - Initializing InventoryPage...
2026-02-12 15:10:58,503 - SpareERP - INFO - InventoryPage Initialized Successfully.
2026-02-12 15:10:58,560 - SpareERP - INFO - [Inventory] System initialized. Loaded 601 parts.
2026-02-12 15:11:01,891 - SpareERP - INFO - Refreshing page at index 2
2026-02-12 15:11:01,948 - SpareERP - INFO - [Inventory] System initialized. Loaded 601 parts.
2026-02-12 15:11:05,752 - SpareERP - INFO - Lazy loading page: Billing
2026-02-12 15:14:39,216 - SpareERP - INFO - Invoice saved: INV-1049
2026-02-12 15:14:39,217 - SpareERP - INFO - Invoice generated: INV-1049 for GYANI
2026-02-12 15:14:39,222 - SpareERP - INFO - Part sold: M1080540, Qty: 1, Inv: INV-1049
2026-02-12 15:14:39,228 - SpareERP - INFO - Part sold: N9325190, Qty: 1, Inv: INV-1049
2026-02-12 15:14:39,234 - SpareERP - INFO - Part sold: N9321790, Qty: 1, Inv: INV-1049
2026-02-12 15:14:39,241 - SpareERP - INFO - Part sold: NF040510, Qty: 1, Inv: INV-1049
2026-02-12 15:14:39,248 - SpareERP - INFO - Part sold: N4031120, Qty: 1, Inv: INV-1049
2026-02-12 15:14:39,253 - SpareERP - INFO - Part sold: M7011370, Qty: 1, Inv: INV-1049
2026-02-12 15:14:39,260 - SpareERP - INFO - Part sold: N3011370, Qty: 1, Inv: INV-1049
2026-02-12 15:14:39,266 - SpareERP - INFO - Part sold: N9010450, Qty: 1, Inv: INV-1049
2026-02-12 15:14:39,272 - SpareERP - INFO - Part sold: N3150220, Qty: 1, Inv: INV-1049
2026-02-12 15:14:39,278 - SpareERP - INFO - Part sold: NA010030, Qty: 1, Inv: INV-1049
2026-02-12 15:14:39,284 - SpareERP - INFO - Part sold: N9161260, Qty: 1, Inv: INV-1049
2026-02-12 15:14:39,291 - SpareERP - INFO - Part sold: NF1502105D, Qty: 1, Inv: INV-1049
2026-02-12 15:14:39,296 - SpareERP - INFO - Part sold: N2320640, Qty: 1, Inv: INV-1049
2026-02-12 15:14:39,302 - SpareERP - INFO - Part sold: N9151220, Qty: 1, Inv: INV-1049
2026-02-12 15:14:39,308 - SpareERP - INFO - Part sold: N6121890, Qty: 1, Inv: INV-1049
2026-02-12 15:14:39,314 - SpareERP - INFO - Part sold: M1080570, Qty: 1, Inv: INV-1049
2026-02-12 15:14:39,320 - SpareERP - INFO - Part sold: P7150280, Qty: 1, Inv: INV-1049
2026-02-12 15:14:39,327 - SpareERP - INFO - Part sold: P3210010, Qty: 1, Inv: INV-1049
2026-02-12 15:14:39,332 - SpareERP - INFO - Part sold: N9151910, Qty: 1, Inv: INV-1049
2026-02-12 15:14:39,338 - SpareERP - INFO - Part sold: N8170320, Qty: 1, Inv: INV-1049
2026-02-12 15:14:39,344 - SpareERP - INFO - Part sold: N9326260, Qty: 1, Inv: INV-1049
2026-02-12 15:14:39,350 - SpareERP - INFO - Part sold: P6320140, Qty: 1, Inv: INV-1049
2026-02-12 15:14:40,556 - SpareERP - INFO - Sending WhatsApp for INV-1049 to 9335668077
2026-02-12 15:24:29,905 - SpareERP - INFO - Application starting...
2026-02-12 15:24:31,726 - SpareERP - INFO - Database initialized at c:\Users\Admin\Desktop\spare_ERP\data\spareparts_pro.db
2026-02-12 15:24:31,731 - SpareERP - INFO - Launching Login Window...
2026-02-12 15:24:42,368 - SpareERP - WARNING - Failed login attempt for user: ADMIN
2026-02-12 15:24:53,127 - SpareERP - INFO - User admin logged in successfully
2026-02-12 15:24:58,172 - SpareERP - ERROR - Error logging activity: database is locked
2026-02-12 15:24:58,174 - SpareERP - INFO - Login success signal received. Role: ADMIN
2026-02-12 15:24:58,183 - SpareERP - INFO - User authenticated as ADMIN. Launching Main Window.
2026-02-12 15:24:58,185 - SpareERP - INFO - Initializing MainWindow...
2026-02-12 15:24:58,281 - SpareERP - INFO - Lazy loading page: Dashboard
2026-02-12 15:24:58,381 - SpareERP - INFO - AI Cache: 222 vehicle models, 361 part keywords
2026-02-12 15:25:01,051 - SpareERP - INFO - Lazy loading page: Billing
2026-02-12 15:26:43,980 - SpareERP - INFO - Invoice saved: INV-1050
2026-02-12 15:26:43,981 - SpareERP - INFO - Invoice generated: INV-1050 for GYANI
2026-02-12 15:26:43,986 - SpareERP - INFO - Part sold: M1080540, Qty: 1, Inv: INV-1050
2026-02-12 15:26:43,993 - SpareERP - INFO - Part sold: N9325190, Qty: 1, Inv: INV-1050
2026-02-12 15:26:43,999 - SpareERP - INFO - Part sold: N9321790, Qty: 1, Inv: INV-1050
2026-02-12 15:26:44,005 - SpareERP - INFO - Part sold: N4031120, Qty: 1, Inv: INV-1050
2026-02-12 15:26:44,011 - SpareERP - INFO - Part sold: NF040510, Qty: 1, Inv: INV-1050
2026-02-12 15:26:44,018 - SpareERP - INFO - Part sold: M7011370, Qty: 1, Inv: INV-1050
2026-02-12 15:26:44,025 - SpareERP - INFO - Part sold: N3011370, Qty: 1, Inv: INV-1050
2026-02-12 15:26:44,031 - SpareERP - INFO - Part sold: K130190, Qty: 1, Inv: INV-1050
2026-02-12 15:26:44,037 - SpareERP - INFO - Part sold: P6010150, Qty: 1, Inv: INV-1050
2026-02-12 15:26:44,043 - SpareERP - INFO - Part sold: N9010450, Qty: 1, Inv: INV-1050
2026-02-12 15:26:44,049 - SpareERP - INFO - Part sold: NA010030, Qty: 1, Inv: INV-1050
2026-02-12 15:26:44,056 - SpareERP - INFO - Part sold: N9161260, Qty: 1, Inv: INV-1050
2026-02-12 15:26:44,062 - SpareERP - INFO - Part sold: N33225103C, Qty: 1, Inv: INV-1050
2026-02-12 15:26:44,068 - SpareERP - INFO - Part sold: NF150210, Qty: 1, Inv: INV-1050
2026-02-12 15:26:44,074 - SpareERP - INFO - Part sold: N5150150, Qty: 1, Inv: INV-1050
2026-02-12 15:26:44,080 - SpareERP - INFO - Part sold: NF1502105D, Qty: 1, Inv: INV-1050
2026-02-12 15:26:44,086 - SpareERP - INFO - Part sold: N3102420, Qty: 1, Inv: INV-1050
2026-02-12 15:26:44,093 - SpareERP - INFO - Part sold: N5121610, Qty: 1, Inv: INV-1050
2026-02-12 15:26:44,099 - SpareERP - INFO - Part sold: N3012100, Qty: 1, Inv: INV-1050
2026-02-12 15:26:44,105 - SpareERP - INFO - Part sold: N2180040, Qty: 1, Inv: INV-1050
2026-02-12 15:26:44,112 - SpareERP - INFO - Part sold: P6030170, Qty: 1, Inv: INV-1050
2026-02-12 15:26:44,118 - SpareERP - INFO - Part sold: N6070180, Qty: 1, Inv: INV-1050
2026-02-12 15:26:45,335 - SpareERP - INFO - Sending WhatsApp for INV-1050 to 9335668077
2026-02-12 15:34:03,695 - SpareERP - INFO - Application starting...
2026-02-12 15:34:05,475 - SpareERP - INFO - Database initialized at c:\Users\Admin\Desktop\spare_ERP\data\spareparts_pro.db
2026-02-12 15:34:05,481 - SpareERP - INFO - Launching Login Window...
2026-02-12 15:34:14,307 - SpareERP - INFO - User admin logged in successfully
2026-02-12 15:34:19,350 - SpareERP - ERROR - Error logging activity: database is locked
2026-02-12 15:34:19,352 - SpareERP - INFO - Login success signal received. Role: ADMIN
2026-02-12 15:34:19,368 - SpareERP - INFO - User authenticated as ADMIN. Launching Main Window.
2026-02-12 15:34:19,371 - SpareERP - INFO - Initializing MainWindow...
2026-02-12 15:34:19,456 - SpareERP - INFO - Lazy loading page: Dashboard
2026-02-12 15:34:19,563 - SpareERP - INFO - AI Cache: 222 vehicle models, 361 part keywords
2026-02-12 15:34:21,171 - SpareERP - INFO - Lazy loading page: Inventory
2026-02-12 15:34:21,444 - SpareERP - INFO - Initializing InventoryPage...
2026-02-12 15:34:21,467 - SpareERP - INFO - InventoryPage Initialized Successfully.
2026-02-12 15:34:21,515 - SpareERP - INFO - [Inventory] System initialized. Loaded 601 parts.
2026-02-12 15:34:24,717 - SpareERP - INFO - Lazy loading page: Billing
2026-02-12 15:36:09,136 - SpareERP - INFO - Invoice saved: INV-1051
2026-02-12 15:36:09,137 - SpareERP - INFO - Invoice generated: INV-1051 for GYANI
2026-02-12 15:36:09,143 - SpareERP - INFO - Part sold: M1080540, Qty: 1, Inv: INV-1051
2026-02-12 15:36:09,149 - SpareERP - INFO - Part sold: N9325190, Qty: 1, Inv: INV-1051
2026-02-12 15:36:09,155 - SpareERP - INFO - Part sold: N4031120, Qty: 1, Inv: INV-1051
2026-02-12 15:36:09,162 - SpareERP - INFO - Part sold: M7011370, Qty: 1, Inv: INV-1051
2026-02-12 15:36:09,168 - SpareERP - INFO - Part sold: N3011370, Qty: 1, Inv: INV-1051
2026-02-12 15:36:09,174 - SpareERP - INFO - Part sold: K130190, Qty: 1, Inv: INV-1051
2026-02-12 15:36:09,180 - SpareERP - INFO - Part sold: P6010150, Qty: 1, Inv: INV-1051
2026-02-12 15:36:09,187 - SpareERP - INFO - Part sold: N9010450, Qty: 1, Inv: INV-1051
2026-02-12 15:36:09,194 - SpareERP - INFO - Part sold: NA010030, Qty: 1, Inv: INV-1051
2026-02-12 15:36:09,200 - SpareERP - INFO - Part sold: N9161260, Qty: 1, Inv: INV-1051
2026-02-12 15:36:09,206 - SpareERP - INFO - Part sold: N33225103C, Qty: 1, Inv: INV-1051
2026-02-12 15:36:09,212 - SpareERP - INFO - Part sold: NF150210, Qty: 1, Inv: INV-1051
2026-02-12 15:36:09,218 - SpareERP - INFO - Part sold: NF1502105D, Qty: 1, Inv: INV-1051
2026-02-12 15:36:09,225 - SpareERP - INFO - Part sold: N3102420, Qty: 1, Inv: INV-1051
2026-02-12 15:36:09,230 - SpareERP - INFO - Part sold: N3012100, Qty: 1, Inv: INV-1051
2026-02-12 15:36:09,236 - SpareERP - INFO - Part sold: N9151220, Qty: 1, Inv: INV-1051
2026-02-12 15:36:09,242 - SpareERP - INFO - Part sold: N9152290, Qty: 1, Inv: INV-1051
2026-02-12 15:36:09,248 - SpareERP - INFO - Part sold: P6030170, Qty: 1, Inv: INV-1051
2026-02-12 15:36:09,254 - SpareERP - INFO - Part sold: N6121880, Qty: 1, Inv: INV-1051
2026-02-12 15:36:09,260 - SpareERP - INFO - Part sold: N9325510, Qty: 1, Inv: INV-1051
2026-02-12 15:36:09,266 - SpareERP - INFO - Part sold: M1080570, Qty: 1, Inv: INV-1051
2026-02-12 15:36:09,273 - SpareERP - INFO - Part sold: P6150310, Qty: 1, Inv: INV-1051
2026-02-12 15:36:09,279 - SpareERP - INFO - Part sold: N9161390, Qty: 1, Inv: INV-1051
2026-02-12 15:36:09,284 - SpareERP - INFO - Part sold: B1160080, Qty: 1, Inv: INV-1051
2026-02-12 15:36:09,291 - SpareERP - INFO - Part sold: M7160190, Qty: 1, Inv: INV-1051
2026-02-12 15:36:10,473 - SpareERP - INFO - Sending WhatsApp for INV-1051 to 9335668077
2026-02-12 15:38:17,453 - SpareERP - INFO - Lazy loading page: Expenses
2026-02-12 15:38:17,465 - SpareERP - INFO - AI Cache: 222 vehicle models, 361 part keywords
2026-02-12 15:38:17,480 - SpareERP - INFO - Query all expenses: 33 found
2026-02-12 15:38:17,481 - SpareERP - INFO - Querying ALL expenses
2026-02-12 15:38:17,481 - SpareERP - INFO - Found 33 expense entries
2026-02-12 15:38:17,481 - SpareERP - INFO - Loading 33 expenses
2026-02-12 15:38:18,205 - SpareERP - INFO - Lazy loading page: Reports
2026-02-12 15:57:38,472 - SpareERP - INFO - Application starting...
2026-02-12 15:57:40,297 - SpareERP - INFO - Database initialized at c:\Users\Admin\Desktop\spare_ERP\data\spareparts_pro.db
2026-02-12 15:57:40,307 - SpareERP - INFO - Launching Login Window...
2026-02-12 15:58:09,240 - SpareERP - INFO - User admin logged in successfully
2026-02-12 15:58:14,288 - SpareERP - ERROR - Error logging activity: database is locked
2026-02-12 15:58:14,289 - SpareERP - INFO - Login success signal received. Role: ADMIN
2026-02-12 15:58:14,297 - SpareERP - INFO - User authenticated as ADMIN. Launching Main Window.
2026-02-12 15:58:14,299 - SpareERP - INFO - Initializing MainWindow...
2026-02-12 15:58:14,392 - SpareERP - INFO - Lazy loading page: Dashboard
2026-02-12 15:58:14,493 - SpareERP - INFO - AI Cache: 222 vehicle models, 361 part keywords
2026-02-12 15:58:15,973 - SpareERP - INFO - Lazy loading page: Inventory
2026-02-12 15:58:16,249 - SpareERP - INFO - Initializing InventoryPage...
2026-02-12 15:58:16,272 - SpareERP - INFO - InventoryPage Initialized Successfully.
2026-02-12 15:58:16,393 - SpareERP - INFO - [Inventory] System initialized. Loaded 601 parts.
2026-02-12 15:58:21,100 - SpareERP - INFO - Lazy loading page: Billing
2026-02-12 15:58:52,694 - SpareERP - INFO - Invoice saved: INV-1052
2026-02-12 15:58:52,695 - SpareERP - INFO - Invoice generated: INV-1052 for GYANI
2026-02-12 15:58:52,700 - SpareERP - INFO - Part sold: NF040510, Qty: 1, Inv: INV-1052
2026-02-12 15:58:52,706 - SpareERP - INFO - Part sold: N4031120, Qty: 1, Inv: INV-1052
2026-02-12 15:58:52,713 - SpareERP - INFO - Part sold: M7011370, Qty: 1, Inv: INV-1052
2026-02-12 15:58:52,719 - SpareERP - INFO - Part sold: N3011370, Qty: 1, Inv: INV-1052
2026-02-12 15:58:52,725 - SpareERP - INFO - Part sold: NF150210, Qty: 1, Inv: INV-1052
2026-02-12 15:58:52,731 - SpareERP - INFO - Part sold: N3012100, Qty: 1, Inv: INV-1052
2026-02-12 15:58:53,892 - SpareERP - INFO - Sending WhatsApp for INV-1052 to 9335668077
2026-02-12 16:18:53,885 - SpareERP - INFO - Database initialized at data/spareparts_pro.db
2026-02-12 16:18:53,895 - SpareERP - INFO - Generated new Invoice ID: INV-1053
2026-02-12 16:18:53,904 - SpareERP - INFO - Setting updated: invoice_sequence
2026-02-12 16:18:53,915 - SpareERP - INFO - Generated new Invoice ID: INV-8888
2026-02-12 16:24:00,978 - SpareERP - INFO - Application starting...
2026-02-12 16:24:05,872 - SpareERP - INFO - Database initialized at c:\Users\Admin\Desktop\spare_ERP\data\spareparts_pro.db
2026-02-12 16:24:05,879 - SpareERP - INFO - Launching Login Window...
2026-02-12 16:24:20,051 - SpareERP - INFO - Database initialized at data/spareparts_pro.db
2026-02-12 16:24:20,056 - SpareERP - INFO - Setting updated: invoice_sequence
2026-02-12 16:25:27,670 - SpareERP - INFO - Database initialized at data/spareparts_pro.db
2026-02-12 16:25:27,674 - SpareERP - INFO - Setting updated: invoice_sequence
2026-02-12 16:29:10,554 - SpareERP - INFO - Application starting...
2026-02-12 16:29:12,434 - SpareERP - INFO - Database initialized at c:\Users\Admin\Desktop\spare_ERP\data\spareparts_pro.db
2026-02-12 16:29:12,439 - SpareERP - INFO - Launching Login Window...
2026-02-12 16:29:27,203 - SpareERP - INFO - User admin logged in successfully
2026-02-12 16:29:32,250 - SpareERP - ERROR - Error logging activity: database is locked
2026-02-12 16:29:32,251 - SpareERP - INFO - Login success signal received. Role: ADMIN
2026-02-12 16:29:32,258 - SpareERP - INFO - User authenticated as ADMIN. Launching Main Window.
2026-02-12 16:29:32,266 - SpareERP - INFO - Initializing MainWindow...
2026-02-12 16:29:32,372 - SpareERP - INFO - Lazy loading page: Dashboard
2026-02-12 16:29:32,981 - SpareERP - INFO - AI Cache: 222 vehicle models, 361 part keywords
2026-02-12 16:29:52,070 - SpareERP - INFO - Lazy loading page: Reports
2026-02-12 16:30:58,676 - SpareERP - INFO - Lazy loading page: Billing
2026-02-12 16:31:05,566 - SpareERP - INFO - Lazy loading page: Inventory
2026-02-12 16:31:05,983 - SpareERP - INFO - Initializing InventoryPage...
2026-02-12 16:31:06,010 - SpareERP - INFO - InventoryPage Initialized Successfully.
2026-02-12 16:31:06,077 - SpareERP - INFO - [Inventory] System initialized. Loaded 601 parts.
2026-02-12 16:33:11,228 - SpareERP - INFO - Lazy loading page: Expenses
2026-02-12 16:33:11,242 - SpareERP - INFO - AI Cache: 222 vehicle models, 361 part keywords
2026-02-12 16:33:11,250 - SpareERP - INFO - Query all expenses: 33 found
2026-02-12 16:33:11,251 - SpareERP - INFO - Querying ALL expenses
2026-02-12 16:33:11,251 - SpareERP - INFO - Found 33 expense entries
2026-02-12 16:33:11,251 - SpareERP - INFO - Loading 33 expenses
2026-02-12 16:33:12,845 - SpareERP - INFO - Lazy loading page: Access
2026-02-12 16:33:41,145 - SpareERP - INFO - Setting updated: invoice_sequence
2026-02-12 16:45:30,458 - SpareERP - INFO - Application starting...
2026-02-12 16:45:32,283 - SpareERP - INFO - Database initialized at c:\Users\Admin\Desktop\spare_ERP\data\spareparts_pro.db
2026-02-12 16:45:32,288 - SpareERP - INFO - Launching Login Window...
2026-02-12 16:45:41,643 - SpareERP - INFO - User admin logged in successfully
2026-02-12 16:45:46,689 - SpareERP - ERROR - Error logging activity: database is locked
2026-02-12 16:45:46,690 - SpareERP - INFO - Login success signal received. Role: ADMIN
2026-02-12 16:45:46,698 - SpareERP - INFO - User authenticated as ADMIN. Launching Main Window.
2026-02-12 16:45:46,700 - SpareERP - INFO - Initializing MainWindow...
2026-02-12 16:45:46,786 - SpareERP - INFO - Lazy loading page: Dashboard
2026-02-12 16:45:46,899 - SpareERP - INFO - AI Cache: 222 vehicle models, 361 part keywords
2026-02-12 16:45:49,204 - SpareERP - INFO - Lazy loading page: Inventory
2026-02-12 16:45:49,487 - SpareERP - INFO - Initializing InventoryPage...
2026-02-12 16:45:49,511 - SpareERP - INFO - InventoryPage Initialized Successfully.
2026-02-12 16:45:49,568 - SpareERP - INFO - [Inventory] System initialized. Loaded 601 parts.
2026-02-12 16:45:56,461 - SpareERP - INFO - Lazy loading page: Expenses
2026-02-12 16:45:56,470 - SpareERP - INFO - AI Cache: 222 vehicle models, 361 part keywords
2026-02-12 16:45:56,479 - SpareERP - INFO - Query all expenses: 33 found
2026-02-12 16:45:56,479 - SpareERP - INFO - Querying ALL expenses
2026-02-12 16:45:56,479 - SpareERP - INFO - Found 33 expense entries
2026-02-12 16:45:56,479 - SpareERP - INFO - Loading 33 expenses
2026-02-12 16:50:34,100 - SpareERP - INFO - Lazy loading page: Access
2026-02-12 16:50:50,893 - SpareERP - INFO - Lazy loading page: Billing
2026-02-12 16:51:25,543 - SpareERP - INFO - Generated new Invoice ID: INV-1000
2026-02-12 16:51:25,548 - SpareERP - INFO - Invoice saved: INV-1000
2026-02-12 16:51:25,549 - SpareERP - INFO - Invoice generated: INV-1000 for GYANI
2026-02-12 16:51:25,555 - SpareERP - INFO - Part sold: N4031120, Qty: 1, Inv: INV-1000
2026-02-12 16:51:25,561 - SpareERP - INFO - Part sold: R1011010, Qty: 1, Inv: INV-1000
2026-02-12 16:51:25,568 - SpareERP - INFO - Part sold: M7011370, Qty: 1, Inv: INV-1000
2026-02-12 16:52:01,692 - SpareERP - INFO - Application starting...
2026-02-12 16:52:03,481 - SpareERP - INFO - Database initialized at c:\Users\Admin\Desktop\spare_ERP\data\spareparts_pro.db
2026-02-12 16:52:03,487 - SpareERP - INFO - Launching Login Window...
2026-02-12 16:52:09,944 - SpareERP - INFO - User admin logged in successfully
2026-02-12 16:52:14,993 - SpareERP - ERROR - Error logging activity: database is locked
2026-02-12 16:52:14,994 - SpareERP - INFO - Login success signal received. Role: ADMIN
2026-02-12 16:52:15,010 - SpareERP - INFO - User authenticated as ADMIN. Launching Main Window.
2026-02-12 16:52:15,013 - SpareERP - INFO - Initializing MainWindow...
2026-02-12 16:52:15,122 - SpareERP - INFO - Lazy loading page: Dashboard
2026-02-12 16:52:15,238 - SpareERP - INFO - AI Cache: 222 vehicle models, 361 part keywords
2026-02-12 16:52:17,007 - SpareERP - INFO - Lazy loading page: Expenses
2026-02-12 16:52:17,025 - SpareERP - INFO - AI Cache: 222 vehicle models, 361 part keywords
2026-02-12 16:52:17,033 - SpareERP - INFO - Query all expenses: 33 found
2026-02-12 16:52:17,034 - SpareERP - INFO - Querying ALL expenses
2026-02-12 16:52:17,034 - SpareERP - INFO - Found 33 expense entries
2026-02-12 16:52:17,034 - SpareERP - INFO - Loading 33 expenses
2026-02-12 16:52:26,337 - SpareERP - INFO - Refreshing page at index 4
2026-02-12 16:52:26,339 - SpareERP - INFO - Query all expenses: 33 found
2026-02-12 16:52:26,339 - SpareERP - INFO - Querying ALL expenses
2026-02-12 16:52:26,339 - SpareERP - INFO - Found 33 expense entries
2026-02-12 16:52:26,379 - SpareERP - INFO - Loading 33 expenses
2026-02-12 16:52:26,937 - SpareERP - INFO - Refreshing page at index 4
2026-02-12 16:52:26,939 - SpareERP - INFO - Query all expenses: 33 found
2026-02-12 16:52:26,939 - SpareERP - INFO - Querying ALL expenses
2026-02-12 16:52:26,939 - SpareERP - INFO - Found 33 expense entries
2026-02-12 16:52:26,998 - SpareERP - INFO - Loading 33 expenses
2026-02-12 16:52:27,273 - SpareERP - INFO - Refreshing page at index 4
2026-02-12 16:52:27,275 - SpareERP - INFO - Query all expenses: 33 found
2026-02-12 16:52:27,275 - SpareERP - INFO - Querying ALL expenses
2026-02-12 16:52:27,275 - SpareERP - INFO - Found 33 expense entries
2026-02-12 16:52:27,316 - SpareERP - INFO - Loading 33 expenses
2026-02-12 16:52:37,664 - SpareERP - INFO - Expense added: Tea, 15.0
2026-02-12 16:52:37,666 - SpareERP - INFO - Query all expenses: 34 found
2026-02-12 16:52:37,667 - SpareERP - INFO - Querying ALL expenses
2026-02-12 16:52:37,667 - SpareERP - INFO - Found 34 expense entries
2026-02-12 16:52:37,707 - SpareERP - INFO - Loading 34 expenses
2026-02-12 16:53:41,284 - SpareERP - INFO - Application starting...
2026-02-12 16:53:43,066 - SpareERP - INFO - Database initialized at c:\Users\Admin\Desktop\spare_ERP\data\spareparts_pro.db
2026-02-12 16:53:43,074 - SpareERP - INFO - Launching Login Window...
2026-02-12 16:53:52,599 - SpareERP - INFO - User admin logged in successfully
2026-02-12 16:53:57,651 - SpareERP - ERROR - Error logging activity: database is locked
2026-02-12 16:53:57,653 - SpareERP - INFO - Login success signal received. Role: ADMIN
2026-02-12 16:53:57,662 - SpareERP - INFO - User authenticated as ADMIN. Launching Main Window.
2026-02-12 16:53:57,664 - SpareERP - INFO - Initializing MainWindow...
2026-02-12 16:53:57,747 - SpareERP - INFO - Lazy loading page: Dashboard
2026-02-12 16:53:57,852 - SpareERP - INFO - AI Cache: 222 vehicle models, 361 part keywords
2026-02-12 16:53:59,203 - SpareERP - INFO - Lazy loading page: Expenses
2026-02-12 16:53:59,231 - SpareERP - INFO - AI Cache: 222 vehicle models, 361 part keywords
2026-02-12 16:53:59,241 - SpareERP - INFO - Query all expenses: 34 found
2026-02-12 16:53:59,242 - SpareERP - INFO - Querying ALL expenses
2026-02-12 16:53:59,242 - SpareERP - INFO - Found 34 expense entries
2026-02-12 16:53:59,243 - SpareERP - INFO - Loading 34 expenses
2026-02-12 16:54:00,817 - SpareERP - INFO - Delete clicked for ID: 19
2026-02-12 16:54:03,699 - SpareERP - INFO - Delete clicked for ID: 19
2026-02-12 16:54:05,641 - SpareERP - INFO - Delete clicked for ID: 19
2026-02-12 16:54:08,435 - SpareERP - INFO - Delete clicked for ID: 19
2026-02-12 16:54:10,555 - SpareERP - INFO - Edit clicked for ID: 19
2026-02-12 16:54:10,555 - SpareERP - INFO - Opening edit dialog for: (19, 'Lunch', 120.0, 'Refreshment', '2026-02-11 13:48:05')
2026-02-12 16:54:20,243 - SpareERP - INFO - Refreshing page at index 4
2026-02-12 16:54:20,244 - SpareERP - INFO - Query all expenses: 34 found
2026-02-12 16:54:20,245 - SpareERP - INFO - Querying ALL expenses
2026-02-12 16:54:20,245 - SpareERP - INFO - Found 34 expense entries
2026-02-12 16:54:20,290 - SpareERP - INFO - Loading 34 expenses
2026-02-12 16:58:08,231 - SpareERP - INFO - Application starting...
2026-02-12 16:58:10,046 - SpareERP - INFO - Database initialized at c:\Users\Admin\Desktop\spare_ERP\data\spareparts_pro.db
2026-02-12 16:58:10,052 - SpareERP - INFO - Launching Login Window...
2026-02-12 16:58:17,789 - SpareERP - INFO - User admin logged in successfully
2026-02-12 16:58:22,833 - SpareERP - ERROR - Error logging activity: database is locked
2026-02-12 16:58:22,835 - SpareERP - INFO - Login success signal received. Role: ADMIN
2026-02-12 16:58:22,842 - SpareERP - INFO - User authenticated as ADMIN. Launching Main Window.
2026-02-12 16:58:22,843 - SpareERP - INFO - Initializing MainWindow...
2026-02-12 16:58:22,932 - SpareERP - INFO - Lazy loading page: Dashboard
2026-02-12 16:58:23,051 - SpareERP - INFO - AI Cache: 222 vehicle models, 361 part keywords
2026-02-12 16:58:25,143 - SpareERP - INFO - Lazy loading page: Expenses
2026-02-12 16:58:25,163 - SpareERP - INFO - AI Cache: 222 vehicle models, 361 part keywords
2026-02-12 16:58:25,170 - SpareERP - INFO - Query all expenses: 34 found
2026-02-12 16:58:25,171 - SpareERP - INFO - Querying ALL expenses
2026-02-12 16:58:25,171 - SpareERP - INFO - Found 34 expense entries
2026-02-12 16:58:25,171 - SpareERP - INFO - Loading 34 expenses
2026-02-12 16:58:27,797 - SpareERP - INFO - Delete clicked for ID: 19
2026-02-12 16:58:31,980 - SpareERP - INFO - Delete clicked for ID: 19
2026-02-12 16:58:37,972 - SpareERP - INFO - Delete clicked for ID: 19
2026-02-12 16:58:43,275 - SpareERP - INFO - Delete clicked for ID: 19
2026-02-12 16:58:51,812 - SpareERP - INFO - Delete clicked for ID: 19
2026-02-12 16:59:18,533 - SpareERP - INFO - Delete clicked for ID: 19
2026-02-12 17:00:26,212 - SpareERP - INFO - Application starting...
2026-02-12 17:00:28,039 - SpareERP - INFO - Database initialized at c:\Users\Admin\Desktop\spare_ERP\data\spareparts_pro.db
2026-02-12 17:00:28,044 - SpareERP - INFO - Launching Login Window...
2026-02-12 17:00:36,739 - SpareERP - INFO - User admin logged in successfully
2026-02-12 17:00:41,788 - SpareERP - ERROR - Error logging activity: database is locked
2026-02-12 17:00:41,792 - SpareERP - INFO - Login success signal received. Role: ADMIN
2026-02-12 17:00:41,800 - SpareERP - INFO - User authenticated as ADMIN. Launching Main Window.
2026-02-12 17:00:41,802 - SpareERP - INFO - Initializing MainWindow...
2026-02-12 17:00:41,894 - SpareERP - INFO - Lazy loading page: Dashboard
2026-02-12 17:00:42,002 - SpareERP - INFO - AI Cache: 222 vehicle models, 361 part keywords
2026-02-12 17:00:43,053 - SpareERP - INFO - Lazy loading page: Expenses
2026-02-12 17:00:43,079 - SpareERP - INFO - AI Cache: 222 vehicle models, 361 part keywords
2026-02-12 17:00:43,087 - SpareERP - INFO - Query all expenses: 34 found
2026-02-12 17:00:43,087 - SpareERP - INFO - Querying ALL expenses
2026-02-12 17:00:43,087 - SpareERP - INFO - Found 34 expense entries
2026-02-12 17:00:43,088 - SpareERP - INFO - Loading 34 expenses
2026-02-12 17:00:44,607 - SpareERP - INFO - Delete clicked for ID: 19
2026-02-12 17:00:50,199 - SpareERP - INFO - Delete clicked for ID: 19
2026-02-12 17:00:52,776 - SpareERP - INFO - Delete clicked for ID: 19
2026-02-12 17:00:55,461 - SpareERP - INFO - Delete clicked for ID: 20
2026-02-12 17:00:57,462 - SpareERP - INFO - Delete clicked for ID: 21
2026-02-12 17:01:00,095 - SpareERP - INFO - Delete clicked for ID: 22
2026-02-12 17:01:03,175 - SpareERP - INFO - Delete clicked for ID: 23
2026-02-12 17:02:27,449 - SpareERP - INFO - Database initialized at data/spareparts_pro.db
2026-02-12 17:02:27,450 - SpareERP - INFO - Query all expenses: 34 found
2026-02-12 17:03:45,975 - SpareERP - INFO - Application starting...
2026-02-12 17:03:47,796 - SpareERP - INFO - Database initialized at c:\Users\Admin\Desktop\spare_ERP\data\spareparts_pro.db
2026-02-12 17:03:47,803 - SpareERP - INFO - Launching Login Window...
2026-02-12 17:03:55,458 - SpareERP - INFO - User admin logged in successfully
2026-02-12 17:04:00,506 - SpareERP - ERROR - Error logging activity: database is locked
2026-02-12 17:04:00,508 - SpareERP - INFO - Login success signal received. Role: ADMIN
2026-02-12 17:04:00,515 - SpareERP - INFO - User authenticated as ADMIN. Launching Main Window.
2026-02-12 17:04:00,517 - SpareERP - INFO - Initializing MainWindow...
2026-02-12 17:04:00,620 - SpareERP - INFO - Lazy loading page: Dashboard
2026-02-12 17:04:00,718 - SpareERP - INFO - AI Cache: 222 vehicle models, 361 part keywords
2026-02-12 17:04:02,708 - SpareERP - INFO - Lazy loading page: Expenses
2026-02-12 17:04:02,727 - SpareERP - INFO - AI Cache: 222 vehicle models, 361 part keywords
2026-02-12 17:04:02,734 - SpareERP - INFO - Query all expenses: 34 found
2026-02-12 17:04:02,735 - SpareERP - INFO - Querying ALL expenses
2026-02-12 17:04:02,735 - SpareERP - INFO - Found 34 expense entries
2026-02-12 17:04:02,736 - SpareERP - INFO - Loading 34 expenses
2026-02-12 17:04:02,736 - SpareERP - INFO - Init Block: ID 52 | Self: 2787792770128
2026-02-12 17:04:02,739 - SpareERP - INFO - Init Block: ID 51 | Self: 2787792771408
2026-02-12 17:04:02,742 - SpareERP - INFO - Init Block: ID 50 | Self: 2787792772688
2026-02-12 17:04:02,745 - SpareERP - INFO - Init Block: ID 49 | Self: 2787792773968
2026-02-12 17:04:02,748 - SpareERP - INFO - Init Block: ID 48 | Self: 2787792775248
2026-02-12 17:04:02,754 - SpareERP - INFO - Init Block: ID 47 | Self: 2787792776528
2026-02-12 17:04:02,758 - SpareERP - INFO - Init Block: ID 46 | Self: 2787792777808
2026-02-12 17:04:02,761 - SpareERP - INFO - Init Block: ID 45 | Self: 2787792779088
2026-02-12 17:04:02,764 - SpareERP - INFO - Init Block: ID 44 | Self: 2787792780368
2026-02-12 17:04:02,766 - SpareERP - INFO - Init Block: ID 43 | Self: 2787886023056
2026-02-12 17:04:02,770 - SpareERP - INFO - Init Block: ID 42 | Self: 2787886024336
2026-02-12 17:04:02,774 - SpareERP - INFO - Init Block: ID 41 | Self: 2787886025616
2026-02-12 17:04:02,777 - SpareERP - INFO - Init Block: ID 40 | Self: 2787886026896
2026-02-12 17:04:02,779 - SpareERP - INFO - Init Block: ID 39 | Self: 2787886028176
2026-02-12 17:04:02,782 - SpareERP - INFO - Init Block: ID 38 | Self: 2787886029456
2026-02-12 17:04:02,786 - SpareERP - INFO - Init Block: ID 37 | Self: 2787886030736
2026-02-12 17:04:02,789 - SpareERP - INFO - Init Block: ID 36 | Self: 2787886032016
2026-02-12 17:04:02,792 - SpareERP - INFO - Init Block: ID 35 | Self: 2787886033296
2026-02-12 17:04:02,795 - SpareERP - INFO - Init Block: ID 34 | Self: 2787886034576
2026-02-12 17:04:02,798 - SpareERP - INFO - Init Block: ID 33 | Self: 2787886035856
2026-02-12 17:04:02,800 - SpareERP - INFO - Init Block: ID 32 | Self: 2787886037136
2026-02-12 17:04:02,804 - SpareERP - INFO - Init Block: ID 31 | Self: 2787886038416
2026-02-12 17:04:02,807 - SpareERP - INFO - Init Block: ID 30 | Self: 2787885957840
2026-02-12 17:04:02,810 - SpareERP - INFO - Init Block: ID 29 | Self: 2787885959120
2026-02-12 17:04:02,813 - SpareERP - INFO - Init Block: ID 28 | Self: 2787885960400
2026-02-12 17:04:02,816 - SpareERP - INFO - Init Block: ID 27 | Self: 2787885961680
2026-02-12 17:04:02,819 - SpareERP - INFO - Init Block: ID 26 | Self: 2787885962960
2026-02-12 17:04:02,823 - SpareERP - INFO - Init Block: ID 25 | Self: 2787885964240
2026-02-12 17:04:02,826 - SpareERP - INFO - Init Block: ID 24 | Self: 2787885965520
2026-02-12 17:04:02,829 - SpareERP - INFO - Init Block: ID 23 | Self: 2787885966800
2026-02-12 17:04:02,832 - SpareERP - INFO - Init Block: ID 22 | Self: 2787885968080
2026-02-12 17:04:02,835 - SpareERP - INFO - Init Block: ID 21 | Self: 2787885969360
2026-02-12 17:04:02,839 - SpareERP - INFO - Init Block: ID 20 | Self: 2787885970640
2026-02-12 17:04:02,842 - SpareERP - INFO - Init Block: ID 19 | Self: 2787885971920
2026-02-12 17:04:04,086 - SpareERP - INFO - Delete clicked for ID: 19 | Instance: 2787885971920
2026-02-12 17:04:07,877 - SpareERP - INFO - Delete clicked for ID: 19 | Instance: 2787885971920
2026-02-12 17:04:10,518 - SpareERP - INFO - Delete clicked for ID: 19 | Instance: 2787885971920
2026-02-12 17:04:12,949 - SpareERP - INFO - Delete clicked for ID: 19 | Instance: 2787885971920
2026-02-12 17:04:15,645 - SpareERP - INFO - Delete clicked for ID: 20 | Instance: 2787885970640
2026-02-12 17:04:18,189 - SpareERP - INFO - Delete clicked for ID: 21 | Instance: 2787885969360
2026-02-12 17:04:20,077 - SpareERP - INFO - Delete clicked for ID: 22 | Instance: 2787885968080
2026-02-12 17:04:22,261 - SpareERP - INFO - Delete clicked for ID: 23 | Instance: 2787885966800
2026-02-12 17:04:24,179 - SpareERP - INFO - Delete clicked for ID: 24 | Instance: 2787885965520
2026-02-12 17:04:26,341 - SpareERP - INFO - Delete clicked for ID: 25 | Instance: 2787885964240
2026-02-12 17:04:31,513 - SpareERP - INFO - Delete clicked for ID: 26 | Instance: 2787885962960
2026-02-12 17:04:33,568 - SpareERP - INFO - Delete clicked for ID: 27 | Instance: 2787885961680
2026-02-12 17:04:36,189 - SpareERP - INFO - Delete clicked for ID: 28 | Instance: 2787885960400
2026-02-12 17:04:38,568 - SpareERP - INFO - Delete clicked for ID: 29 | Instance: 2787885959120
2026-02-12 17:04:41,608 - SpareERP - INFO - Delete clicked for ID: 30 | Instance: 2787885957840
2026-02-12 17:04:43,341 - SpareERP - INFO - Delete clicked for ID: 31 | Instance: 2787886038416
2026-02-12 17:06:43,480 - SpareERP - INFO - Application starting...
2026-02-12 17:06:45,340 - SpareERP - INFO - Database initialized at c:\Users\Admin\Desktop\spare_ERP\data\spareparts_pro.db
2026-02-12 17:06:45,345 - SpareERP - INFO - Launching Login Window...
2026-02-12 17:06:54,560 - SpareERP - INFO - User admin logged in successfully
2026-02-12 17:06:59,606 - SpareERP - ERROR - Error logging activity: database is locked
2026-02-12 17:06:59,609 - SpareERP - INFO - Login success signal received. Role: ADMIN
2026-02-12 17:06:59,626 - SpareERP - INFO - User authenticated as ADMIN. Launching Main Window.
2026-02-12 17:06:59,629 - SpareERP - INFO - Initializing MainWindow...
2026-02-12 17:06:59,721 - SpareERP - INFO - Lazy loading page: Dashboard
2026-02-12 17:06:59,834 - SpareERP - INFO - AI Cache: 222 vehicle models, 361 part keywords
2026-02-12 17:07:02,570 - SpareERP - INFO - Lazy loading page: Expenses
2026-02-12 17:07:02,594 - SpareERP - INFO - AI Cache: 222 vehicle models, 361 part keywords
2026-02-12 17:07:02,605 - SpareERP - INFO - Query all expenses: 34 found
2026-02-12 17:07:02,605 - SpareERP - INFO - Querying ALL expenses
2026-02-12 17:07:02,605 - SpareERP - INFO - Found 34 expense entries
2026-02-12 17:07:02,606 - SpareERP - INFO - Loading 34 expenses
2026-02-12 17:07:02,606 - SpareERP - INFO - Init Block: ID 52 | Self: 2086264493136
2026-02-12 17:07:02,610 - SpareERP - INFO - Init Block: ID 51 | Self: 2086264494416
2026-02-12 17:07:02,614 - SpareERP - INFO - Init Block: ID 50 | Self: 2086264495696
2026-02-12 17:07:02,618 - SpareERP - INFO - Init Block: ID 49 | Self: 2086264496976
2026-02-12 17:07:02,622 - SpareERP - INFO - Init Block: ID 48 | Self: 2086264498256
2026-02-12 17:07:02,626 - SpareERP - INFO - Init Block: ID 47 | Self: 2086264499536
2026-02-12 17:07:02,630 - SpareERP - INFO - Init Block: ID 46 | Self: 2086264500816
2026-02-12 17:07:02,634 - SpareERP - INFO - Init Block: ID 45 | Self: 2086264502096
2026-02-12 17:07:02,638 - SpareERP - INFO - Init Block: ID 44 | Self: 2086264503376
2026-02-12 17:07:02,641 - SpareERP - INFO - Init Block: ID 43 | Self: 2086355648912
2026-02-12 17:07:02,645 - SpareERP - INFO - Init Block: ID 42 | Self: 2086355650192
2026-02-12 17:07:02,648 - SpareERP - INFO - Init Block: ID 41 | Self: 2086355651472
2026-02-12 17:07:02,651 - SpareERP - INFO - Init Block: ID 40 | Self: 2086355652752
2026-02-12 17:07:02,654 - SpareERP - INFO - Init Block: ID 39 | Self: 2086355654032
2026-02-12 17:07:02,656 - SpareERP - INFO - Init Block: ID 38 | Self: 2086355655312
2026-02-12 17:07:02,660 - SpareERP - INFO - Init Block: ID 37 | Self: 2086355656592
2026-02-12 17:07:02,663 - SpareERP - INFO - Init Block: ID 36 | Self: 2086355657872
2026-02-12 17:07:02,666 - SpareERP - INFO - Init Block: ID 35 | Self: 2086355659152
2026-02-12 17:07:02,670 - SpareERP - INFO - Init Block: ID 34 | Self: 2086355660432
2026-02-12 17:07:02,673 - SpareERP - INFO - Init Block: ID 33 | Self: 2086355661712
2026-02-12 17:07:02,676 - SpareERP - INFO - Init Block: ID 32 | Self: 2086355662992
2026-02-12 17:07:02,680 - SpareERP - INFO - Init Block: ID 31 | Self: 2086355664272
2026-02-12 17:07:02,683 - SpareERP - INFO - Init Block: ID 30 | Self: 2086355583696
2026-02-12 17:07:02,686 - SpareERP - INFO - Init Block: ID 29 | Self: 2086355584976
2026-02-12 17:07:02,688 - SpareERP - INFO - Init Block: ID 28 | Self: 2086355586256
2026-02-12 17:07:02,692 - SpareERP - INFO - Init Block: ID 27 | Self: 2086355587536
2026-02-12 17:07:02,695 - SpareERP - INFO - Init Block: ID 26 | Self: 2086355588816
2026-02-12 17:07:02,698 - SpareERP - INFO - Init Block: ID 25 | Self: 2086355590096
2026-02-12 17:07:02,701 - SpareERP - INFO - Init Block: ID 24 | Self: 2086355591376
2026-02-12 17:07:02,704 - SpareERP - INFO - Init Block: ID 23 | Self: 2086355592656
2026-02-12 17:07:02,707 - SpareERP - INFO - Init Block: ID 22 | Self: 2086355593936
2026-02-12 17:07:02,711 - SpareERP - INFO - Init Block: ID 21 | Self: 2086355595216
2026-02-12 17:07:02,714 - SpareERP - INFO - Init Block: ID 20 | Self: 2086355596496
2026-02-12 17:07:02,717 - SpareERP - INFO - Init Block: ID 19 | Self: 2086355597776
2026-02-12 17:07:03,900 - SpareERP - INFO - Delete clicked for ID: 19 | Instance: 2086355597776
2026-02-12 17:07:05,417 - SpareERP - INFO - Expense deleted: ID 19
2026-02-12 17:07:05,419 - SpareERP - INFO - Query all expenses: 33 found
2026-02-12 17:07:05,419 - SpareERP - INFO - Querying ALL expenses
2026-02-12 17:07:05,420 - SpareERP - INFO - Found 33 expense entries
2026-02-12 17:07:05,458 - SpareERP - INFO - Loading 33 expenses
2026-02-12 17:07:05,459 - SpareERP - INFO - Init Block: ID 52 | Self: 2086355550608
2026-02-12 17:07:05,462 - SpareERP - INFO - Init Block: ID 51 | Self: 2086355551888
2026-02-12 17:07:05,465 - SpareERP - INFO - Init Block: ID 50 | Self: 2086355553168
2026-02-12 17:07:05,469 - SpareERP - INFO - Init Block: ID 49 | Self: 2086355554448
2026-02-12 17:07:05,471 - SpareERP - INFO - Init Block: ID 48 | Self: 2086355555728
2026-02-12 17:07:05,475 - SpareERP - INFO - Init Block: ID 47 | Self: 2086355557008
2026-02-12 17:07:05,479 - SpareERP - INFO - Init Block: ID 46 | Self: 2086355558288
2026-02-12 17:07:05,482 - SpareERP - INFO - Init Block: ID 45 | Self: 2086355559568
2026-02-12 17:07:05,485 - SpareERP - INFO - Init Block: ID 44 | Self: 2086355560848
2026-02-12 17:07:05,488 - SpareERP - INFO - Init Block: ID 43 | Self: 2086355562128
2026-02-12 17:07:05,491 - SpareERP - INFO - Init Block: ID 42 | Self: 2086355563408
2026-02-12 17:07:05,495 - SpareERP - INFO - Init Block: ID 41 | Self: 2086355564688
2026-02-12 17:07:05,498 - SpareERP - INFO - Init Block: ID 40 | Self: 2086355565968
2026-02-12 17:07:05,501 - SpareERP - INFO - Init Block: ID 39 | Self: 2086355534544
2026-02-12 17:07:05,504 - SpareERP - INFO - Init Block: ID 38 | Self: 2086355535824
2026-02-12 17:07:05,507 - SpareERP - INFO - Init Block: ID 37 | Self: 2086355537104
2026-02-12 17:07:05,512 - SpareERP - INFO - Init Block: ID 36 | Self: 2086355538384
2026-02-12 17:07:05,515 - SpareERP - INFO - Init Block: ID 35 | Self: 2086355539664
2026-02-12 17:07:05,519 - SpareERP - INFO - Init Block: ID 34 | Self: 2086355540944
2026-02-12 17:07:05,522 - SpareERP - INFO - Init Block: ID 33 | Self: 2086355542224
2026-02-12 17:07:05,525 - SpareERP - INFO - Init Block: ID 32 | Self: 2086355543504
2026-02-12 17:07:05,529 - SpareERP - INFO - Init Block: ID 31 | Self: 2086355544784
2026-02-12 17:07:05,532 - SpareERP - INFO - Init Block: ID 30 | Self: 2086355546064
2026-02-12 17:07:05,535 - SpareERP - INFO - Init Block: ID 29 | Self: 2086355547344
2026-02-12 17:07:05,538 - SpareERP - INFO - Init Block: ID 28 | Self: 2086355548624
2026-02-12 17:07:05,541 - SpareERP - INFO - Init Block: ID 27 | Self: 2086355549904
2026-02-12 17:07:05,545 - SpareERP - INFO - Init Block: ID 26 | Self: 2086355518480
2026-02-12 17:07:05,548 - SpareERP - INFO - Init Block: ID 25 | Self: 2086355519760
2026-02-12 17:07:05,551 - SpareERP - INFO - Init Block: ID 24 | Self: 2086355521040
2026-02-12 17:07:05,554 - SpareERP - INFO - Init Block: ID 23 | Self: 2086355522320
2026-02-12 17:07:05,557 - SpareERP - INFO - Init Block: ID 22 | Self: 2086355523600
2026-02-12 17:07:05,561 - SpareERP - INFO - Init Block: ID 21 | Self: 2086355524880
2026-02-12 17:07:05,564 - SpareERP - INFO - Init Block: ID 20 | Self: 2086355526160
2026-02-12 17:07:07,113 - SpareERP - INFO - Delete clicked for ID: 20 | Instance: 2086355526160
2026-02-12 17:07:08,791 - SpareERP - INFO - Expense deleted: ID 20
2026-02-12 17:07:08,793 - SpareERP - INFO - Query all expenses: 32 found
2026-02-12 17:07:08,794 - SpareERP - INFO - Querying ALL expenses
2026-02-12 17:07:08,794 - SpareERP - INFO - Found 32 expense entries
2026-02-12 17:07:08,829 - SpareERP - INFO - Loading 32 expenses
2026-02-12 17:07:08,830 - SpareERP - INFO - Init Block: ID 52 | Self: 2086355550288
2026-02-12 17:07:08,832 - SpareERP - INFO - Init Block: ID 51 | Self: 2086355528880
2026-02-12 17:07:08,835 - SpareERP - INFO - Init Block: ID 50 | Self: 2086355530160
2026-02-12 17:07:08,838 - SpareERP - INFO - Init Block: ID 49 | Self: 2086355531440
2026-02-12 17:07:08,841 - SpareERP - INFO - Init Block: ID 48 | Self: 2086355532720
2026-02-12 17:07:08,846 - SpareERP - INFO - Init Block: ID 47 | Self: 2086355484912
2026-02-12 17:07:08,849 - SpareERP - INFO - Init Block: ID 46 | Self: 2086355486192
2026-02-12 17:07:08,852 - SpareERP - INFO - Init Block: ID 45 | Self: 2086355487472
2026-02-12 17:07:08,855 - SpareERP - INFO - Init Block: ID 44 | Self: 2086355488752
2026-02-12 17:07:08,858 - SpareERP - INFO - Init Block: ID 43 | Self: 2086355490032
2026-02-12 17:07:08,861 - SpareERP - INFO - Init Block: ID 42 | Self: 2086355491312
2026-02-12 17:07:08,864 - SpareERP - INFO - Init Block: ID 41 | Self: 2086355492592
2026-02-12 17:07:08,868 - SpareERP - INFO - Init Block: ID 40 | Self: 2086355493872
2026-02-12 17:07:08,871 - SpareERP - INFO - Init Block: ID 39 | Self: 2086355495152
2026-02-12 17:07:08,874 - SpareERP - INFO - Init Block: ID 38 | Self: 2086355496432
2026-02-12 17:07:08,877 - SpareERP - INFO - Init Block: ID 37 | Self: 2086355497712
2026-02-12 17:07:08,880 - SpareERP - INFO - Init Block: ID 36 | Self: 2086355498992
2026-02-12 17:07:08,883 - SpareERP - INFO - Init Block: ID 35 | Self: 2086355500272
2026-02-12 17:07:08,886 - SpareERP - INFO - Init Block: ID 34 | Self: 2086355468848
2026-02-12 17:07:08,889 - SpareERP - INFO - Init Block: ID 33 | Self: 2086355470128
2026-02-12 17:07:08,892 - SpareERP - INFO - Init Block: ID 32 | Self: 2086355471408
2026-02-12 17:07:08,896 - SpareERP - INFO - Init Block: ID 31 | Self: 2086355472688
2026-02-12 17:07:08,899 - SpareERP - INFO - Init Block: ID 30 | Self: 2086355473968
2026-02-12 17:07:08,902 - SpareERP - INFO - Init Block: ID 29 | Self: 2086355475248
2026-02-12 17:07:08,904 - SpareERP - INFO - Init Block: ID 28 | Self: 2086355476528
2026-02-12 17:07:08,907 - SpareERP - INFO - Init Block: ID 27 | Self: 2086355477808
2026-02-12 17:07:08,910 - SpareERP - INFO - Init Block: ID 26 | Self: 2086355479088
2026-02-12 17:07:08,914 - SpareERP - INFO - Init Block: ID 25 | Self: 2086355480368
2026-02-12 17:07:08,917 - SpareERP - INFO - Init Block: ID 24 | Self: 2086355481648
2026-02-12 17:07:08,919 - SpareERP - INFO - Init Block: ID 23 | Self: 2086355482928
2026-02-12 17:07:08,922 - SpareERP - INFO - Init Block: ID 22 | Self: 2086355484208
2026-02-12 17:07:08,925 - SpareERP - INFO - Init Block: ID 21 | Self: 2086355452784
2026-02-12 17:07:10,618 - SpareERP - INFO - Delete clicked for ID: 21 | Instance: 2086355452784
2026-02-12 17:07:12,079 - SpareERP - INFO - Expense deleted: ID 21
2026-02-12 17:07:12,082 - SpareERP - INFO - Query all expenses: 31 found
2026-02-12 17:07:12,082 - SpareERP - INFO - Querying ALL expenses
2026-02-12 17:07:12,082 - SpareERP - INFO - Found 31 expense entries
2026-02-12 17:07:12,116 - SpareERP - INFO - Loading 31 expenses
2026-02-12 17:07:12,117 - SpareERP - INFO - Init Block: ID 52 | Self: 2086355528240
2026-02-12 17:07:12,120 - SpareERP - INFO - Init Block: ID 51 | Self: 2086355455504
2026-02-12 17:07:12,122 - SpareERP - INFO - Init Block: ID 50 | Self: 2086355456784
2026-02-12 17:07:12,125 - SpareERP - INFO - Init Block: ID 49 | Self: 2086355458064
2026-02-12 17:07:12,128 - SpareERP - INFO - Init Block: ID 48 | Self: 2086355459344
2026-02-12 17:07:12,131 - SpareERP - INFO - Init Block: ID 47 | Self: 2086355460624
2026-02-12 17:07:12,133 - SpareERP - INFO - Init Block: ID 46 | Self: 2086355461904
2026-02-12 17:07:12,137 - SpareERP - INFO - Init Block: ID 45 | Self: 2086355463184
2026-02-12 17:07:12,139 - SpareERP - INFO - Init Block: ID 44 | Self: 2086355464464
2026-02-12 17:07:12,142 - SpareERP - INFO - Init Block: ID 43 | Self: 2086355465744
2026-02-12 17:07:12,145 - SpareERP - INFO - Init Block: ID 42 | Self: 2086355467024
2026-02-12 17:07:12,148 - SpareERP - INFO - Init Block: ID 41 | Self: 2086355353680
2026-02-12 17:07:12,151 - SpareERP - INFO - Init Block: ID 40 | Self: 2086355354960
2026-02-12 17:07:12,154 - SpareERP - INFO - Init Block: ID 39 | Self: 2086355356240
2026-02-12 17:07:12,158 - SpareERP - INFO - Init Block: ID 38 | Self: 2086355357520
2026-02-12 17:07:12,160 - SpareERP - INFO - Init Block: ID 37 | Self: 2086355358800
2026-02-12 17:07:12,163 - SpareERP - INFO - Init Block: ID 36 | Self: 2086355360080
2026-02-12 17:07:12,166 - SpareERP - INFO - Init Block: ID 35 | Self: 2086355361360
2026-02-12 17:07:12,170 - SpareERP - INFO - Init Block: ID 34 | Self: 2086355362640
2026-02-12 17:07:12,173 - SpareERP - INFO - Init Block: ID 33 | Self: 2086355363920
2026-02-12 17:07:12,176 - SpareERP - INFO - Init Block: ID 32 | Self: 2086355365200
2026-02-12 17:07:12,179 - SpareERP - INFO - Init Block: ID 31 | Self: 2086355366480
2026-02-12 17:07:12,182 - SpareERP - INFO - Init Block: ID 30 | Self: 2086355367760
2026-02-12 17:07:12,185 - SpareERP - INFO - Init Block: ID 29 | Self: 2086355369040
2026-02-12 17:07:12,188 - SpareERP - INFO - Init Block: ID 28 | Self: 2086355321232
2026-02-12 17:07:12,191 - SpareERP - INFO - Init Block: ID 27 | Self: 2086355322512
2026-02-12 17:07:12,194 - SpareERP - INFO - Init Block: ID 26 | Self: 2086355323792
2026-02-12 17:07:12,196 - SpareERP - INFO - Init Block: ID 25 | Self: 2086355325072
2026-02-12 17:07:12,199 - SpareERP - INFO - Init Block: ID 24 | Self: 2086355326352
2026-02-12 17:07:12,202 - SpareERP - INFO - Init Block: ID 23 | Self: 2086355327632
2026-02-12 17:07:12,206 - SpareERP - INFO - Init Block: ID 22 | Self: 2086355328912
2026-02-12 17:07:15,396 - SpareERP - INFO - Delete clicked for ID: 22 | Instance: 2086355328912
2026-02-12 17:07:16,961 - SpareERP - INFO - Expense deleted: ID 22
2026-02-12 17:07:16,963 - SpareERP - INFO - Query all expenses: 30 found
2026-02-12 17:07:16,964 - SpareERP - INFO - Querying ALL expenses
2026-02-12 17:07:16,964 - SpareERP - INFO - Found 30 expense entries
2026-02-12 17:07:16,997 - SpareERP - INFO - Loading 30 expenses
2026-02-12 17:07:16,998 - SpareERP - INFO - Init Block: ID 52 | Self: 2086355454864
2026-02-12 17:07:17,001 - SpareERP - INFO - Init Block: ID 51 | Self: 2086355331632
2026-02-12 17:07:17,004 - SpareERP - INFO - Init Block: ID 50 | Self: 2086355332912
2026-02-12 17:07:17,008 - SpareERP - INFO - Init Block: ID 49 | Self: 2086355334192
2026-02-12 17:07:17,011 - SpareERP - INFO - Init Block: ID 48 | Self: 2086355335472
2026-02-12 17:07:17,014 - SpareERP - INFO - Init Block: ID 47 | Self: 2086355336752
2026-02-12 17:07:17,017 - SpareERP - INFO - Init Block: ID 46 | Self: 2086355305328
2026-02-12 17:07:17,020 - SpareERP - INFO - Init Block: ID 45 | Self: 2086355306608
2026-02-12 17:07:17,023 - SpareERP - INFO - Init Block: ID 44 | Self: 2086355307888
2026-02-12 17:07:17,026 - SpareERP - INFO - Init Block: ID 43 | Self: 2086355309168
2026-02-12 17:07:17,029 - SpareERP - INFO - Init Block: ID 42 | Self: 2086355310448
2026-02-12 17:07:17,032 - SpareERP - INFO - Init Block: ID 41 | Self: 2086355311728
2026-02-12 17:07:17,035 - SpareERP - INFO - Init Block: ID 40 | Self: 2086355313008
2026-02-12 17:07:17,038 - SpareERP - INFO - Init Block: ID 39 | Self: 2086355314288
2026-02-12 17:07:17,041 - SpareERP - INFO - Init Block: ID 38 | Self: 2086355315568
2026-02-12 17:07:17,044 - SpareERP - INFO - Init Block: ID 37 | Self: 2086355316848
2026-02-12 17:07:17,047 - SpareERP - INFO - Init Block: ID 36 | Self: 2086355318128
2026-02-12 17:07:17,050 - SpareERP - INFO - Init Block: ID 35 | Self: 2086355319408
2026-02-12 17:07:17,052 - SpareERP - INFO - Init Block: ID 34 | Self: 2086355320688
2026-02-12 17:07:17,056 - SpareERP - INFO - Init Block: ID 33 | Self: 2086355289264
2026-02-12 17:07:17,058 - SpareERP - INFO - Init Block: ID 32 | Self: 2086355290544
2026-02-12 17:07:17,061 - SpareERP - INFO - Init Block: ID 31 | Self: 2086355291824
2026-02-12 17:07:17,064 - SpareERP - INFO - Init Block: ID 30 | Self: 2086355293104
2026-02-12 17:07:17,067 - SpareERP - INFO - Init Block: ID 29 | Self: 2086355294384
2026-02-12 17:07:17,070 - SpareERP - INFO - Init Block: ID 28 | Self: 2086355295664
2026-02-12 17:07:17,073 - SpareERP - INFO - Init Block: ID 27 | Self: 2086355296944
2026-02-12 17:07:17,076 - SpareERP - INFO - Init Block: ID 26 | Self: 2086355298224
2026-02-12 17:07:17,079 - SpareERP - INFO - Init Block: ID 25 | Self: 2086355299504
2026-02-12 17:07:17,082 - SpareERP - INFO - Init Block: ID 24 | Self: 2086355300784
2026-02-12 17:07:17,085 - SpareERP - INFO - Init Block: ID 23 | Self: 2086355302064
2026-02-12 17:07:18,382 - SpareERP - INFO - Delete clicked for ID: 25 | Instance: 2086355299504
2026-02-12 17:07:19,608 - SpareERP - INFO - Expense deleted: ID 25
2026-02-12 17:07:19,611 - SpareERP - INFO - Query all expenses: 29 found
2026-02-12 17:07:19,611 - SpareERP - INFO - Querying ALL expenses
2026-02-12 17:07:19,611 - SpareERP - INFO - Found 29 expense entries
2026-02-12 17:07:19,650 - SpareERP - INFO - Loading 29 expenses
2026-02-12 17:07:19,650 - SpareERP - INFO - Init Block: ID 52 | Self: 2086355330992
2026-02-12 17:07:19,653 - SpareERP - INFO - Init Block: ID 51 | Self: 2086355255696
2026-02-12 17:07:19,656 - SpareERP - INFO - Init Block: ID 50 | Self: 2086355256976
2026-02-12 17:07:19,659 - SpareERP - INFO - Init Block: ID 49 | Self: 2086355258256
2026-02-12 17:07:19,662 - SpareERP - INFO - Init Block: ID 48 | Self: 2086355259536
2026-02-12 17:07:19,665 - SpareERP - INFO - Init Block: ID 47 | Self: 2086355260816
2026-02-12 17:07:19,668 - SpareERP - INFO - Init Block: ID 46 | Self: 2086355262096
2026-02-12 17:07:19,671 - SpareERP - INFO - Init Block: ID 45 | Self: 2086355263376
2026-02-12 17:07:19,674 - SpareERP - INFO - Init Block: ID 44 | Self: 2086355264656
2026-02-12 17:07:19,677 - SpareERP - INFO - Init Block: ID 43 | Self: 2086355265936
2026-02-12 17:07:19,680 - SpareERP - INFO - Init Block: ID 42 | Self: 2086355267216
2026-02-12 17:07:19,685 - SpareERP - INFO - Init Block: ID 41 | Self: 2086355268496
2026-02-12 17:07:19,689 - SpareERP - INFO - Init Block: ID 40 | Self: 2086355269776
2026-02-12 17:07:19,692 - SpareERP - INFO - Init Block: ID 39 | Self: 2086355271056
2026-02-12 17:07:19,695 - SpareERP - INFO - Init Block: ID 38 | Self: 2086355190480
2026-02-12 17:07:19,698 - SpareERP - INFO - Init Block: ID 37 | Self: 2086355191760
2026-02-12 17:07:19,701 - SpareERP - INFO - Init Block: ID 36 | Self: 2086355193040
2026-02-12 17:07:19,704 - SpareERP - INFO - Init Block: ID 35 | Self: 2086355194320
2026-02-12 17:07:19,707 - SpareERP - INFO - Init Block: ID 34 | Self: 2086355195600
2026-02-12 17:07:19,710 - SpareERP - INFO - Init Block: ID 33 | Self: 2086355196880
2026-02-12 17:07:19,713 - SpareERP - INFO - Init Block: ID 32 | Self: 2086355198160
2026-02-12 17:07:19,716 - SpareERP - INFO - Init Block: ID 31 | Self: 2086355199440
2026-02-12 17:07:19,719 - SpareERP - INFO - Init Block: ID 30 | Self: 2086355200720
2026-02-12 17:07:19,722 - SpareERP - INFO - Init Block: ID 29 | Self: 2086355202000
2026-02-12 17:07:19,725 - SpareERP - INFO - Init Block: ID 28 | Self: 2086355203280
2026-02-12 17:07:19,728 - SpareERP - INFO - Init Block: ID 27 | Self: 2086355204560
2026-02-12 17:07:19,731 - SpareERP - INFO - Init Block: ID 26 | Self: 2086355205840
2026-02-12 17:07:19,734 - SpareERP - INFO - Init Block: ID 24 | Self: 2086355174416
2026-02-12 17:07:19,737 - SpareERP - INFO - Init Block: ID 23 | Self: 2086355175696
2026-02-12 17:07:22,038 - SpareERP - INFO - Delete clicked for ID: 33 | Instance: 2086355196880
2026-02-12 17:07:23,301 - SpareERP - INFO - Expense deleted: ID 33
2026-02-12 17:07:23,303 - SpareERP - INFO - Query all expenses: 28 found
2026-02-12 17:07:23,303 - SpareERP - INFO - Querying ALL expenses
2026-02-12 17:07:23,303 - SpareERP - INFO - Found 28 expense entries
2026-02-12 17:07:23,334 - SpareERP - INFO - Loading 28 expenses
2026-02-12 17:07:23,335 - SpareERP - INFO - Init Block: ID 52 | Self: 2086355304144
2026-02-12 17:07:23,338 - SpareERP - INFO - Init Block: ID 51 | Self: 2086355178416
2026-02-12 17:07:23,341 - SpareERP - INFO - Init Block: ID 50 | Self: 2086355179696
2026-02-12 17:07:23,344 - SpareERP - INFO - Init Block: ID 49 | Self: 2086355180976
2026-02-12 17:07:23,347 - SpareERP - INFO - Init Block: ID 48 | Self: 2086355182256
2026-02-12 17:07:23,350 - SpareERP - INFO - Init Block: ID 47 | Self: 2086355183536
2026-02-12 17:07:23,353 - SpareERP - INFO - Init Block: ID 46 | Self: 2086355184816
2026-02-12 17:07:23,356 - SpareERP - INFO - Init Block: ID 45 | Self: 2086355186096
2026-02-12 17:07:23,359 - SpareERP - INFO - Init Block: ID 44 | Self: 2086355187376
2026-02-12 17:07:23,362 - SpareERP - INFO - Init Block: ID 43 | Self: 2086355188656
2026-02-12 17:07:23,365 - SpareERP - INFO - Init Block: ID 42 | Self: 2086355681520
2026-02-12 17:07:23,368 - SpareERP - INFO - Init Block: ID 41 | Self: 2086355682800
2026-02-12 17:07:23,371 - SpareERP - INFO - Init Block: ID 40 | Self: 2086355684080
2026-02-12 17:07:23,374 - SpareERP - INFO - Init Block: ID 39 | Self: 2086355685360
2026-02-12 17:07:23,377 - SpareERP - INFO - Init Block: ID 38 | Self: 2086355686640
2026-02-12 17:07:23,380 - SpareERP - INFO - Init Block: ID 37 | Self: 2086355687920
2026-02-12 17:07:23,383 - SpareERP - INFO - Init Block: ID 36 | Self: 2086355689200
2026-02-12 17:07:23,386 - SpareERP - INFO - Init Block: ID 35 | Self: 2086355690480
2026-02-12 17:07:23,390 - SpareERP - INFO - Init Block: ID 34 | Self: 2086355691760
2026-02-12 17:07:23,393 - SpareERP - INFO - Init Block: ID 32 | Self: 2086355693040
2026-02-12 17:07:23,395 - SpareERP - INFO - Init Block: ID 31 | Self: 2086355694320
2026-02-12 17:07:23,398 - SpareERP - INFO - Init Block: ID 30 | Self: 2086355695600
2026-02-12 17:07:23,401 - SpareERP - INFO - Init Block: ID 29 | Self: 2086355696880
2026-02-12 17:07:23,405 - SpareERP - INFO - Init Block: ID 28 | Self: 2086355698224
2026-02-12 17:07:23,408 - SpareERP - INFO - Init Block: ID 27 | Self: 2086355699504
2026-02-12 17:07:23,411 - SpareERP - INFO - Init Block: ID 26 | Self: 2086355700784
2026-02-12 17:07:23,413 - SpareERP - INFO - Init Block: ID 24 | Self: 2086355702064
2026-02-12 17:07:23,416 - SpareERP - INFO - Init Block: ID 23 | Self: 2086355703344
2026-02-12 17:07:24,508 - SpareERP - INFO - Delete clicked for ID: 31 | Instance: 2086355694320
2026-02-12 17:07:26,050 - SpareERP - INFO - Expense deleted: ID 31
2026-02-12 17:07:26,053 - SpareERP - INFO - Query all expenses: 27 found
2026-02-12 17:07:26,053 - SpareERP - INFO - Querying ALL expenses
2026-02-12 17:07:26,054 - SpareERP - INFO - Found 27 expense entries
2026-02-12 17:07:26,094 - SpareERP - INFO - Loading 27 expenses
2026-02-12 17:07:26,095 - SpareERP - INFO - Init Block: ID 52 | Self: 2086355177776
2026-02-12 17:07:26,098 - SpareERP - INFO - Init Block: ID 51 | Self: 2086355706064
2026-02-12 17:07:26,101 - SpareERP - INFO - Init Block: ID 50 | Self: 2086355707344
2026-02-12 17:07:26,104 - SpareERP - INFO - Init Block: ID 49 | Self: 2086355708624
2026-02-12 17:07:26,107 - SpareERP - INFO - Init Block: ID 48 | Self: 2086355709904
2026-02-12 17:07:26,109 - SpareERP - INFO - Init Block: ID 47 | Self: 2086355711184
2026-02-12 17:07:26,112 - SpareERP - INFO - Init Block: ID 46 | Self: 2086355712464
2026-02-12 17:07:26,115 - SpareERP - INFO - Init Block: ID 45 | Self: 2086355713744
2026-02-12 17:07:26,118 - SpareERP - INFO - Init Block: ID 44 | Self: 2086355715088
2026-02-12 17:07:26,121 - SpareERP - INFO - Init Block: ID 43 | Self: 2086355716368
2026-02-12 17:07:26,124 - SpareERP - INFO - Init Block: ID 42 | Self: 2086355717648
2026-02-12 17:07:26,127 - SpareERP - INFO - Init Block: ID 41 | Self: 2086355718928
2026-02-12 17:07:26,130 - SpareERP - INFO - Init Block: ID 40 | Self: 2086355720208
2026-02-12 17:07:26,133 - SpareERP - INFO - Init Block: ID 39 | Self: 2086355721488
2026-02-12 17:07:26,137 - SpareERP - INFO - Init Block: ID 38 | Self: 2086355722768
2026-02-12 17:07:26,139 - SpareERP - INFO - Init Block: ID 37 | Self: 2086355724048
2026-02-12 17:07:26,142 - SpareERP - INFO - Init Block: ID 36 | Self: 2086355725328
2026-02-12 17:07:26,145 - SpareERP - INFO - Init Block: ID 35 | Self: 2086355726608
2026-02-12 17:07:26,148 - SpareERP - INFO - Init Block: ID 34 | Self: 2086355727888
2026-02-12 17:07:26,153 - SpareERP - INFO - Init Block: ID 32 | Self: 2086355729168
2026-02-12 17:07:26,157 - SpareERP - INFO - Init Block: ID 30 | Self: 2086355730512
2026-02-12 17:07:26,160 - SpareERP - INFO - Init Block: ID 29 | Self: 2086355731792
2026-02-12 17:07:26,162 - SpareERP - INFO - Init Block: ID 28 | Self: 2086355733072
2026-02-12 17:07:26,166 - SpareERP - INFO - Init Block: ID 27 | Self: 2086355734352
2026-02-12 17:07:26,169 - SpareERP - INFO - Init Block: ID 26 | Self: 2086355735632
2026-02-12 17:07:26,172 - SpareERP - INFO - Init Block: ID 24 | Self: 2086355736912
2026-02-12 17:07:26,175 - SpareERP - INFO - Init Block: ID 23 | Self: 2086355738192
2026-02-12 17:07:26,796 - SpareERP - INFO - Delete clicked for ID: 30 | Instance: 2086355730512
2026-02-12 17:07:28,115 - SpareERP - INFO - Expense deleted: ID 30
2026-02-12 17:07:28,117 - SpareERP - INFO - Query all expenses: 26 found
2026-02-12 17:07:28,117 - SpareERP - INFO - Querying ALL expenses
2026-02-12 17:07:28,117 - SpareERP - INFO - Found 26 expense entries
2026-02-12 17:07:28,147 - SpareERP - INFO - Loading 26 expenses
2026-02-12 17:07:28,147 - SpareERP - INFO - Init Block: ID 52 | Self: 2086355705424
2026-02-12 17:07:28,150 - SpareERP - INFO - Init Block: ID 51 | Self: 2086355740912
2026-02-12 17:07:28,153 - SpareERP - INFO - Init Block: ID 50 | Self: 2086355742192
2026-02-12 17:07:28,156 - SpareERP - INFO - Init Block: ID 49 | Self: 2086355743472
2026-02-12 17:07:28,159 - SpareERP - INFO - Init Block: ID 48 | Self: 2086355744752
2026-02-12 17:07:28,162 - SpareERP - INFO - Init Block: ID 47 | Self: 2086355746032
2026-02-12 17:07:28,165 - SpareERP - INFO - Init Block: ID 46 | Self: 2086355780144
2026-02-12 17:07:28,168 - SpareERP - INFO - Init Block: ID 45 | Self: 2086355781424
2026-02-12 17:07:28,171 - SpareERP - INFO - Init Block: ID 44 | Self: 2086355782704
2026-02-12 17:07:28,174 - SpareERP - INFO - Init Block: ID 43 | Self: 2086355783984
2026-02-12 17:07:28,177 - SpareERP - INFO - Init Block: ID 42 | Self: 2086355785264
2026-02-12 17:07:28,180 - SpareERP - INFO - Init Block: ID 41 | Self: 2086355786544
2026-02-12 17:07:28,183 - SpareERP - INFO - Init Block: ID 40 | Self: 2086355787824
2026-02-12 17:07:28,187 - SpareERP - INFO - Init Block: ID 39 | Self: 2086355789104
2026-02-12 17:07:28,189 - SpareERP - INFO - Init Block: ID 38 | Self: 2086355790384
2026-02-12 17:07:28,192 - SpareERP - INFO - Init Block: ID 37 | Self: 2086355791664
2026-02-12 17:07:28,195 - SpareERP - INFO - Init Block: ID 36 | Self: 2086355792944
2026-02-12 17:07:28,198 - SpareERP - INFO - Init Block: ID 35 | Self: 2086355794224
2026-02-12 17:07:28,202 - SpareERP - INFO - Init Block: ID 34 | Self: 2086355795504
2026-02-12 17:07:28,205 - SpareERP - INFO - Init Block: ID 32 | Self: 2086355796848
2026-02-12 17:07:28,208 - SpareERP - INFO - Init Block: ID 29 | Self: 2086355798128
2026-02-12 17:07:28,210 - SpareERP - INFO - Init Block: ID 28 | Self: 2086355799408
2026-02-12 17:07:28,213 - SpareERP - INFO - Init Block: ID 27 | Self: 2086355800688
2026-02-12 17:07:28,217 - SpareERP - INFO - Init Block: ID 26 | Self: 2086355801968
2026-02-12 17:07:28,220 - SpareERP - INFO - Init Block: ID 24 | Self: 2086355803248
2026-02-12 17:07:28,223 - SpareERP - INFO - Init Block: ID 23 | Self: 2086355804528
2026-02-12 17:07:28,678 - SpareERP - INFO - Delete clicked for ID: 29 | Instance: 2086355798128
2026-02-12 17:07:29,839 - SpareERP - INFO - Expense deleted: ID 29
2026-02-12 17:07:29,841 - SpareERP - INFO - Query all expenses: 25 found
2026-02-12 17:07:29,842 - SpareERP - INFO - Querying ALL expenses
2026-02-12 17:07:29,842 - SpareERP - INFO - Found 25 expense entries
2026-02-12 17:07:29,870 - SpareERP - INFO - Loading 25 expenses
2026-02-12 17:07:29,870 - SpareERP - INFO - Init Block: ID 52 | Self: 2086355740272
2026-02-12 17:07:29,873 - SpareERP - INFO - Init Block: ID 51 | Self: 2086355807248
2026-02-12 17:07:29,876 - SpareERP - INFO - Init Block: ID 50 | Self: 2086355808528
2026-02-12 17:07:29,878 - SpareERP - INFO - Init Block: ID 49 | Self: 2086355809808
2026-02-12 17:07:29,881 - SpareERP - INFO - Init Block: ID 48 | Self: 2086355811088
2026-02-12 17:07:29,884 - SpareERP - INFO - Init Block: ID 47 | Self: 2086355845200
2026-02-12 17:07:29,887 - SpareERP - INFO - Init Block: ID 46 | Self: 2086355846480
2026-02-12 17:07:29,891 - SpareERP - INFO - Init Block: ID 45 | Self: 2086355847760
2026-02-12 17:07:29,895 - SpareERP - INFO - Init Block: ID 44 | Self: 2086355849040
2026-02-12 17:07:29,899 - SpareERP - INFO - Init Block: ID 43 | Self: 2086355850320
2026-02-12 17:07:29,902 - SpareERP - INFO - Init Block: ID 42 | Self: 2086355851600
2026-02-12 17:07:29,905 - SpareERP - INFO - Init Block: ID 41 | Self: 2086355852880
2026-02-12 17:07:29,909 - SpareERP - INFO - Init Block: ID 40 | Self: 2086355854160
2026-02-12 17:07:29,913 - SpareERP - INFO - Init Block: ID 39 | Self: 2086355855440
2026-02-12 17:07:29,921 - SpareERP - INFO - Init Block: ID 38 | Self: 2086355856720
2026-02-12 17:07:29,926 - SpareERP - INFO - Init Block: ID 37 | Self: 2086355858000
2026-02-12 17:07:29,949 - SpareERP - INFO - Init Block: ID 36 | Self: 2086355859280
2026-02-12 17:07:29,956 - SpareERP - INFO - Init Block: ID 35 | Self: 2086355860560
2026-02-12 17:07:29,961 - SpareERP - INFO - Init Block: ID 34 | Self: 2086355861904
2026-02-12 17:07:29,988 - SpareERP - INFO - Init Block: ID 32 | Self: 2086355863184
2026-02-12 17:07:30,001 - SpareERP - INFO - Init Block: ID 28 | Self: 2086355864464
2026-02-12 17:07:30,004 - SpareERP - INFO - Init Block: ID 27 | Self: 2086355865744
2026-02-12 17:07:30,007 - SpareERP - INFO - Init Block: ID 26 | Self: 2086355867024
2026-02-12 17:07:30,011 - SpareERP - INFO - Init Block: ID 24 | Self: 2086355868304
2026-02-12 17:07:30,015 - SpareERP - INFO - Init Block: ID 23 | Self: 2086355869584
2026-02-12 17:07:30,628 - SpareERP - INFO - Delete clicked for ID: 28 | Instance: 2086355864464
2026-02-12 17:07:31,810 - SpareERP - INFO - Expense deleted: ID 28
2026-02-12 17:07:31,812 - SpareERP - INFO - Query all expenses: 24 found
2026-02-12 17:07:31,812 - SpareERP - INFO - Querying ALL expenses
2026-02-12 17:07:31,812 - SpareERP - INFO - Found 24 expense entries
2026-02-12 17:07:31,856 - SpareERP - INFO - Loading 24 expenses
2026-02-12 17:07:31,857 - SpareERP - INFO - Init Block: ID 52 | Self: 2086355806608
2026-02-12 17:07:31,860 - SpareERP - INFO - Init Block: ID 51 | Self: 2086355872304
2026-02-12 17:07:31,863 - SpareERP - INFO - Init Block: ID 50 | Self: 2086355873584
2026-02-12 17:07:31,866 - SpareERP - INFO - Init Block: ID 49 | Self: 2086355874864
2026-02-12 17:07:31,869 - SpareERP - INFO - Init Block: ID 48 | Self: 2086355876144
2026-02-12 17:07:31,872 - SpareERP - INFO - Init Block: ID 47 | Self: 2086355877424
2026-02-12 17:07:31,875 - SpareERP - INFO - Init Block: ID 46 | Self: 2086355895152
2026-02-12 17:07:31,878 - SpareERP - INFO - Init Block: ID 45 | Self: 2086355896432
2026-02-12 17:07:31,881 - SpareERP - INFO - Init Block: ID 44 | Self: 2086355897712
2026-02-12 17:07:31,884 - SpareERP - INFO - Init Block: ID 43 | Self: 2086355898992
2026-02-12 17:07:31,887 - SpareERP - INFO - Init Block: ID 42 | Self: 2086355900272
2026-02-12 17:07:31,890 - SpareERP - INFO - Init Block: ID 41 | Self: 2086355901552
2026-02-12 17:07:31,894 - SpareERP - INFO - Init Block: ID 40 | Self: 2086355902832
2026-02-12 17:07:31,897 - SpareERP - INFO - Init Block: ID 39 | Self: 2086355904112
2026-02-12 17:07:31,900 - SpareERP - INFO - Init Block: ID 38 | Self: 2086355905392
2026-02-12 17:07:31,903 - SpareERP - INFO - Init Block: ID 37 | Self: 2086355906672
2026-02-12 17:07:31,906 - SpareERP - INFO - Init Block: ID 36 | Self: 2086355907952
2026-02-12 17:07:31,910 - SpareERP - INFO - Init Block: ID 35 | Self: 2086355909232
2026-02-12 17:07:31,913 - SpareERP - INFO - Init Block: ID 34 | Self: 2086355910512
2026-02-12 17:07:31,916 - SpareERP - INFO - Init Block: ID 32 | Self: 2086355911856
2026-02-12 17:07:31,918 - SpareERP - INFO - Init Block: ID 27 | Self: 2086355913136
2026-02-12 17:07:31,922 - SpareERP - INFO - Init Block: ID 26 | Self: 2086355914416
2026-02-12 17:07:31,925 - SpareERP - INFO - Init Block: ID 24 | Self: 2086355915696
2026-02-12 17:07:31,928 - SpareERP - INFO - Init Block: ID 23 | Self: 2086355916976
2026-02-12 17:07:33,276 - SpareERP - INFO - Delete clicked for ID: 34 | Instance: 2086355910512
2026-02-12 17:07:34,867 - SpareERP - INFO - Expense deleted: ID 34
2026-02-12 17:07:34,871 - SpareERP - INFO - Query all expenses: 23 found
2026-02-12 17:07:34,872 - SpareERP - INFO - Querying ALL expenses
2026-02-12 17:07:34,872 - SpareERP - INFO - Found 23 expense entries
2026-02-12 17:07:34,925 - SpareERP - INFO - Loading 23 expenses
2026-02-12 17:07:34,925 - SpareERP - INFO - Init Block: ID 52 | Self: 2086355871664
2026-02-12 17:07:34,928 - SpareERP - INFO - Init Block: ID 51 | Self: 2086355919696
2026-02-12 17:07:34,931 - SpareERP - INFO - Init Block: ID 50 | Self: 2086355920976
2026-02-12 17:07:34,934 - SpareERP - INFO - Init Block: ID 49 | Self: 2086355922256
2026-02-12 17:07:34,937 - SpareERP - INFO - Init Block: ID 48 | Self: 2086355923536
2026-02-12 17:07:34,940 - SpareERP - INFO - Init Block: ID 47 | Self: 2086355924816
2026-02-12 17:07:34,943 - SpareERP - INFO - Init Block: ID 46 | Self: 2086355926096
2026-02-12 17:07:34,946 - SpareERP - INFO - Init Block: ID 45 | Self: 2086355943824
2026-02-12 17:07:34,949 - SpareERP - INFO - Init Block: ID 44 | Self: 2086355945104
2026-02-12 17:07:34,954 - SpareERP - INFO - Init Block: ID 43 | Self: 2086355946384
2026-02-12 17:07:34,957 - SpareERP - INFO - Init Block: ID 42 | Self: 2086355947664
2026-02-12 17:07:34,960 - SpareERP - INFO - Init Block: ID 41 | Self: 2086355948944
2026-02-12 17:07:34,963 - SpareERP - INFO - Init Block: ID 40 | Self: 2086355950224
2026-02-12 17:07:34,966 - SpareERP - INFO - Init Block: ID 39 | Self: 2086355951504
2026-02-12 17:07:34,970 - SpareERP - INFO - Init Block: ID 38 | Self: 2086355952784
2026-02-12 17:07:34,973 - SpareERP - INFO - Init Block: ID 37 | Self: 2086355954064
2026-02-12 17:07:34,976 - SpareERP - INFO - Init Block: ID 36 | Self: 2086355955344
2026-02-12 17:07:34,979 - SpareERP - INFO - Init Block: ID 35 | Self: 2086355956624
2026-02-12 17:07:34,982 - SpareERP - INFO - Init Block: ID 32 | Self: 2086355957904
2026-02-12 17:07:34,985 - SpareERP - INFO - Init Block: ID 27 | Self: 2086355959184
2026-02-12 17:07:34,989 - SpareERP - INFO - Init Block: ID 26 | Self: 2086355976912
2026-02-12 17:07:34,992 - SpareERP - INFO - Init Block: ID 24 | Self: 2086355978192
2026-02-12 17:07:34,995 - SpareERP - INFO - Init Block: ID 23 | Self: 2086355979472
2026-02-12 17:07:35,492 - SpareERP - INFO - Delete clicked for ID: 32 | Instance: 2086355957904
2026-02-12 17:07:37,159 - SpareERP - INFO - Expense deleted: ID 32
2026-02-12 17:07:37,163 - SpareERP - INFO - Query all expenses: 22 found
2026-02-12 17:07:37,164 - SpareERP - INFO - Querying ALL expenses
2026-02-12 17:07:37,164 - SpareERP - INFO - Found 22 expense entries
2026-02-12 17:07:37,208 - SpareERP - INFO - Loading 22 expenses
2026-02-12 17:07:37,208 - SpareERP - INFO - Init Block: ID 52 | Self: 2086355919056
2026-02-12 17:07:37,211 - SpareERP - INFO - Init Block: ID 51 | Self: 2086355982192
2026-02-12 17:07:37,214 - SpareERP - INFO - Init Block: ID 50 | Self: 2086355983472
2026-02-12 17:07:37,217 - SpareERP - INFO - Init Block: ID 49 | Self: 2086355984752
2026-02-12 17:07:37,220 - SpareERP - INFO - Init Block: ID 48 | Self: 2086355986032
2026-02-12 17:07:37,224 - SpareERP - INFO - Init Block: ID 47 | Self: 2086355987312
2026-02-12 17:07:37,227 - SpareERP - INFO - Init Block: ID 46 | Self: 2086355988592
2026-02-12 17:07:37,230 - SpareERP - INFO - Init Block: ID 45 | Self: 2086355989872
2026-02-12 17:07:37,233 - SpareERP - INFO - Init Block: ID 44 | Self: 2086355991152
2026-02-12 17:07:37,236 - SpareERP - INFO - Init Block: ID 43 | Self: 2086355992432
2026-02-12 17:07:37,239 - SpareERP - INFO - Init Block: ID 42 | Self: 2086355993776
2026-02-12 17:07:37,242 - SpareERP - INFO - Init Block: ID 41 | Self: 2086355995056
2026-02-12 17:07:37,245 - SpareERP - INFO - Init Block: ID 40 | Self: 2086355996336
2026-02-12 17:07:37,248 - SpareERP - INFO - Init Block: ID 39 | Self: 2086355997616
2026-02-12 17:07:37,251 - SpareERP - INFO - Init Block: ID 38 | Self: 2086355998896
2026-02-12 17:07:37,254 - SpareERP - INFO - Init Block: ID 37 | Self: 2086356000176
2026-02-12 17:07:37,257 - SpareERP - INFO - Init Block: ID 36 | Self: 2086356001456
2026-02-12 17:07:37,260 - SpareERP - INFO - Init Block: ID 35 | Self: 2086356002736
2026-02-12 17:07:37,263 - SpareERP - INFO - Init Block: ID 27 | Self: 2086356004016
2026-02-12 17:07:37,266 - SpareERP - INFO - Init Block: ID 26 | Self: 2086356005296
2026-02-12 17:07:37,269 - SpareERP - INFO - Init Block: ID 24 | Self: 2086356006576
2026-02-12 17:07:37,272 - SpareERP - INFO - Init Block: ID 23 | Self: 2086356007856
2026-02-12 17:07:37,708 - SpareERP - INFO - Delete clicked for ID: 36 | Instance: 2086356001456
2026-02-12 17:07:38,983 - SpareERP - INFO - Expense deleted: ID 36
2026-02-12 17:07:38,988 - SpareERP - INFO - Query all expenses: 21 found
2026-02-12 17:07:38,988 - SpareERP - INFO - Querying ALL expenses
2026-02-12 17:07:38,989 - SpareERP - INFO - Found 21 expense entries
2026-02-12 17:07:39,036 - SpareERP - INFO - Loading 21 expenses
2026-02-12 17:07:39,036 - SpareERP - INFO - Init Block: ID 52 | Self: 2086355981552
2026-02-12 17:07:39,039 - SpareERP - INFO - Init Block: ID 51 | Self: 2086356010640
2026-02-12 17:07:39,042 - SpareERP - INFO - Init Block: ID 50 | Self: 2086356011920
2026-02-12 17:07:39,045 - SpareERP - INFO - Init Block: ID 49 | Self: 2086356013200
2026-02-12 17:07:39,048 - SpareERP - INFO - Init Block: ID 48 | Self: 2086356014480
2026-02-12 17:07:39,051 - SpareERP - INFO - Init Block: ID 47 | Self: 2086356015760
2026-02-12 17:07:39,054 - SpareERP - INFO - Init Block: ID 46 | Self: 2086356017040
2026-02-12 17:07:39,057 - SpareERP - INFO - Init Block: ID 45 | Self: 2086356018320
2026-02-12 17:07:39,060 - SpareERP - INFO - Init Block: ID 44 | Self: 2086356019600
2026-02-12 17:07:39,063 - SpareERP - INFO - Init Block: ID 43 | Self: 2086356020880
2026-02-12 17:07:39,066 - SpareERP - INFO - Init Block: ID 42 | Self: 2086356022160
2026-02-12 17:07:39,069 - SpareERP - INFO - Init Block: ID 41 | Self: 2086356023440
2026-02-12 17:07:39,073 - SpareERP - INFO - Init Block: ID 40 | Self: 2086356024720
2026-02-12 17:07:39,077 - SpareERP - INFO - Init Block: ID 39 | Self: 2086356058832
2026-02-12 17:07:39,080 - SpareERP - INFO - Init Block: ID 38 | Self: 2086356060112
2026-02-12 17:07:39,082 - SpareERP - INFO - Init Block: ID 37 | Self: 2086356061392
2026-02-12 17:07:39,086 - SpareERP - INFO - Init Block: ID 35 | Self: 2086356062672
2026-02-12 17:07:39,089 - SpareERP - INFO - Init Block: ID 27 | Self: 2086356063952
2026-02-12 17:07:39,092 - SpareERP - INFO - Init Block: ID 26 | Self: 2086356065232
2026-02-12 17:07:39,095 - SpareERP - INFO - Init Block: ID 24 | Self: 2086356066512
2026-02-12 17:07:39,098 - SpareERP - INFO - Init Block: ID 23 | Self: 2086356067792
2026-02-12 17:07:40,028 - SpareERP - INFO - Delete clicked for ID: 38 | Instance: 2086356060112
2026-02-12 17:07:41,327 - SpareERP - INFO - Expense deleted: ID 38
2026-02-12 17:07:41,329 - SpareERP - INFO - Query all expenses: 20 found
2026-02-12 17:07:41,330 - SpareERP - INFO - Querying ALL expenses
2026-02-12 17:07:41,330 - SpareERP - INFO - Found 20 expense entries
2026-02-12 17:07:41,353 - SpareERP - INFO - Loading 20 expenses
2026-02-12 17:07:41,354 - SpareERP - INFO - Init Block: ID 52 | Self: 2086356010000
2026-02-12 17:07:41,357 - SpareERP - INFO - Init Block: ID 51 | Self: 2086356070512
2026-02-12 17:07:41,360 - SpareERP - INFO - Init Block: ID 50 | Self: 2086356071792
2026-02-12 17:07:41,363 - SpareERP - INFO - Init Block: ID 49 | Self: 2086356073072
2026-02-12 17:07:41,366 - SpareERP - INFO - Init Block: ID 48 | Self: 2086356074352
2026-02-12 17:07:41,369 - SpareERP - INFO - Init Block: ID 47 | Self: 2086356092080
2026-02-12 17:07:41,374 - SpareERP - INFO - Init Block: ID 46 | Self: 2086356093360
2026-02-12 17:07:41,377 - SpareERP - INFO - Init Block: ID 45 | Self: 2086356094640
2026-02-12 17:07:41,379 - SpareERP - INFO - Init Block: ID 44 | Self: 2086356095920
2026-02-12 17:07:41,383 - SpareERP - INFO - Init Block: ID 43 | Self: 2086356097200
2026-02-12 17:07:41,386 - SpareERP - INFO - Init Block: ID 42 | Self: 2086356098480
2026-02-12 17:07:41,389 - SpareERP - INFO - Init Block: ID 41 | Self: 2086356099760
2026-02-12 17:07:41,392 - SpareERP - INFO - Init Block: ID 40 | Self: 2086356101040
2026-02-12 17:07:41,395 - SpareERP - INFO - Init Block: ID 39 | Self: 2086356102320
2026-02-12 17:07:41,398 - SpareERP - INFO - Init Block: ID 37 | Self: 2086356103600
2026-02-12 17:07:41,402 - SpareERP - INFO - Init Block: ID 35 | Self: 2086356104880
2026-02-12 17:07:41,405 - SpareERP - INFO - Init Block: ID 27 | Self: 2086356106160
2026-02-12 17:07:41,408 - SpareERP - INFO - Init Block: ID 26 | Self: 2086356107504
2026-02-12 17:07:41,411 - SpareERP - INFO - Init Block: ID 24 | Self: 2086356108784
2026-02-12 17:07:41,414 - SpareERP - INFO - Init Block: ID 23 | Self: 2086356110064
2026-02-12 17:07:42,092 - SpareERP - INFO - Delete clicked for ID: 40 | Instance: 2086356101040
2026-02-12 17:07:43,299 - SpareERP - INFO - Expense deleted: ID 40
2026-02-12 17:07:43,301 - SpareERP - INFO - Query all expenses: 19 found
2026-02-12 17:07:43,301 - SpareERP - INFO - Querying ALL expenses
2026-02-12 17:07:43,301 - SpareERP - INFO - Found 19 expense entries
2026-02-12 17:07:43,323 - SpareERP - INFO - Loading 19 expenses
2026-02-12 17:07:43,323 - SpareERP - INFO - Init Block: ID 52 | Self: 2086356069872
2026-02-12 17:07:43,326 - SpareERP - INFO - Init Block: ID 51 | Self: 2086356112784
2026-02-12 17:07:43,329 - SpareERP - INFO - Init Block: ID 50 | Self: 2086356114064
2026-02-12 17:07:43,332 - SpareERP - INFO - Init Block: ID 49 | Self: 2086356115344
2026-02-12 17:07:43,335 - SpareERP - INFO - Init Block: ID 48 | Self: 2086356116624
2026-02-12 17:07:43,338 - SpareERP - INFO - Init Block: ID 47 | Self: 2086356117904
2026-02-12 17:07:43,341 - SpareERP - INFO - Init Block: ID 46 | Self: 2086356119184
2026-02-12 17:07:43,345 - SpareERP - INFO - Init Block: ID 45 | Self: 2086356120464
2026-02-12 17:07:43,348 - SpareERP - INFO - Init Block: ID 44 | Self: 2086356121744
2026-02-12 17:07:43,353 - SpareERP - INFO - Init Block: ID 43 | Self: 2086356123024
2026-02-12 17:07:43,356 - SpareERP - INFO - Init Block: ID 42 | Self: 2086356140752
2026-02-12 17:07:43,359 - SpareERP - INFO - Init Block: ID 41 | Self: 2086356142032
2026-02-12 17:07:43,362 - SpareERP - INFO - Init Block: ID 39 | Self: 2086356143312
2026-02-12 17:07:43,365 - SpareERP - INFO - Init Block: ID 37 | Self: 2086356144592
2026-02-12 17:07:43,368 - SpareERP - INFO - Init Block: ID 35 | Self: 2086356145872
2026-02-12 17:07:43,371 - SpareERP - INFO - Init Block: ID 27 | Self: 2086356147152
2026-02-12 17:07:43,374 - SpareERP - INFO - Init Block: ID 26 | Self: 2086356148432
2026-02-12 17:07:43,378 - SpareERP - INFO - Init Block: ID 24 | Self: 2086356149712
2026-02-12 17:07:43,380 - SpareERP - INFO - Init Block: ID 23 | Self: 2086356150992
2026-02-12 17:07:44,014 - SpareERP - INFO - Delete clicked for ID: 42 | Instance: 2086356140752
2026-02-12 17:07:45,543 - SpareERP - INFO - Expense deleted: ID 42
2026-02-12 17:07:45,545 - SpareERP - INFO - Query all expenses: 18 found
2026-02-12 17:07:45,546 - SpareERP - INFO - Querying ALL expenses
2026-02-12 17:07:45,546 - SpareERP - INFO - Found 18 expense entries
2026-02-12 17:07:45,568 - SpareERP - INFO - Loading 18 expenses
2026-02-12 17:07:45,568 - SpareERP - INFO - Init Block: ID 52 | Self: 2086356112144
2026-02-12 17:07:45,571 - SpareERP - INFO - Init Block: ID 51 | Self: 2086356153712
2026-02-12 17:07:45,574 - SpareERP - INFO - Init Block: ID 50 | Self: 2086356154992
2026-02-12 17:07:45,577 - SpareERP - INFO - Init Block: ID 49 | Self: 2086356156272
2026-02-12 17:07:45,581 - SpareERP - INFO - Init Block: ID 48 | Self: 2086356157616
2026-02-12 17:07:45,584 - SpareERP - INFO - Init Block: ID 47 | Self: 2086356158896
2026-02-12 17:07:45,587 - SpareERP - INFO - Init Block: ID 46 | Self: 2086356160176
2026-02-12 17:07:45,590 - SpareERP - INFO - Init Block: ID 45 | Self: 2086356161456
2026-02-12 17:07:45,593 - SpareERP - INFO - Init Block: ID 44 | Self: 2086356162736
2026-02-12 17:07:45,597 - SpareERP - INFO - Init Block: ID 43 | Self: 2086356164016
2026-02-12 17:07:45,599 - SpareERP - INFO - Init Block: ID 41 | Self: 2086356165296
2026-02-12 17:07:45,603 - SpareERP - INFO - Init Block: ID 39 | Self: 2086356166576
2026-02-12 17:07:45,606 - SpareERP - INFO - Init Block: ID 37 | Self: 2086356167856
2026-02-12 17:07:45,609 - SpareERP - INFO - Init Block: ID 35 | Self: 2086356169136
2026-02-12 17:07:45,612 - SpareERP - INFO - Init Block: ID 27 | Self: 2086356170416
2026-02-12 17:07:45,615 - SpareERP - INFO - Init Block: ID 26 | Self: 2086356171696
2026-02-12 17:07:45,618 - SpareERP - INFO - Init Block: ID 24 | Self: 2086356189424
2026-02-12 17:07:45,620 - SpareERP - INFO - Init Block: ID 23 | Self: 2086356190704
2026-02-12 17:07:52,277 - SpareERP - INFO - Delete clicked for ID: 52 | Instance: 2086356112144
2026-02-12 17:07:53,730 - SpareERP - INFO - Expense deleted: ID 52
2026-02-12 17:07:53,732 - SpareERP - INFO - Query all expenses: 17 found
2026-02-12 17:07:53,732 - SpareERP - INFO - Querying ALL expenses
2026-02-12 17:07:53,733 - SpareERP - INFO - Found 17 expense entries
2026-02-12 17:07:53,755 - SpareERP - INFO - Loading 17 expenses
2026-02-12 17:07:53,756 - SpareERP - INFO - Init Block: ID 51 | Self: 2086356153072
2026-02-12 17:07:53,760 - SpareERP - INFO - Init Block: ID 50 | Self: 2086356193424
2026-02-12 17:07:53,763 - SpareERP - INFO - Init Block: ID 49 | Self: 2086356194704
2026-02-12 17:07:53,766 - SpareERP - INFO - Init Block: ID 48 | Self: 2086356195984
2026-02-12 17:07:53,770 - SpareERP - INFO - Init Block: ID 47 | Self: 2086356197264
2026-02-12 17:07:53,775 - SpareERP - INFO - Init Block: ID 46 | Self: 2086356198544
2026-02-12 17:07:53,779 - SpareERP - INFO - Init Block: ID 45 | Self: 2086356199824
2026-02-12 17:07:53,783 - SpareERP - INFO - Init Block: ID 44 | Self: 2086356201104
2026-02-12 17:07:53,786 - SpareERP - INFO - Init Block: ID 43 | Self: 2086356202384
2026-02-12 17:07:53,789 - SpareERP - INFO - Init Block: ID 41 | Self: 2086356203664
2026-02-12 17:07:53,793 - SpareERP - INFO - Init Block: ID 39 | Self: 2086356204944
2026-02-12 17:07:53,796 - SpareERP - INFO - Init Block: ID 37 | Self: 2086356222672
2026-02-12 17:07:53,799 - SpareERP - INFO - Init Block: ID 35 | Self: 2086356223952
2026-02-12 17:07:53,802 - SpareERP - INFO - Init Block: ID 27 | Self: 2086356225232
2026-02-12 17:07:53,871 - SpareERP - INFO - Init Block: ID 26 | Self: 2086356190704
2026-02-12 17:07:53,874 - SpareERP - INFO - Init Block: ID 24 | Self: 2086356189424
2026-02-12 17:07:53,877 - SpareERP - INFO - Init Block: ID 23 | Self: 2086356189264
2026-02-12 17:07:54,763 - SpareERP - INFO - Delete clicked for ID: 50 | Instance: 2086356193424
2026-02-12 17:07:56,048 - SpareERP - INFO - Expense deleted: ID 50
2026-02-12 17:07:56,050 - SpareERP - INFO - Query all expenses: 16 found
2026-02-12 17:07:56,051 - SpareERP - INFO - Querying ALL expenses
2026-02-12 17:07:56,051 - SpareERP - INFO - Found 16 expense entries
2026-02-12 17:07:56,072 - SpareERP - INFO - Loading 16 expenses
2026-02-12 17:07:56,072 - SpareERP - INFO - Init Block: ID 51 | Self: 2086356191984
2026-02-12 17:07:56,076 - SpareERP - INFO - Init Block: ID 49 | Self: 2086356152752
2026-02-12 17:07:56,079 - SpareERP - INFO - Init Block: ID 48 | Self: 2086356151312
2026-02-12 17:07:56,082 - SpareERP - INFO - Init Block: ID 47 | Self: 2086356150032
2026-02-12 17:07:56,086 - SpareERP - INFO - Init Block: ID 46 | Self: 2086356148752
2026-02-12 17:07:56,090 - SpareERP - INFO - Init Block: ID 45 | Self: 2086356147472
2026-02-12 17:07:56,094 - SpareERP - INFO - Init Block: ID 44 | Self: 2086356146192
2026-02-12 17:07:56,097 - SpareERP - INFO - Init Block: ID 43 | Self: 2086356144912
2026-02-12 17:07:56,102 - SpareERP - INFO - Init Block: ID 41 | Self: 2086356143632
2026-02-12 17:07:56,107 - SpareERP - INFO - Init Block: ID 39 | Self: 2086356142352
2026-02-12 17:07:56,111 - SpareERP - INFO - Init Block: ID 37 | Self: 2086356141072
2026-02-12 17:07:56,116 - SpareERP - INFO - Init Block: ID 35 | Self: 2086356140272
2026-02-12 17:07:56,119 - SpareERP - INFO - Init Block: ID 27 | Self: 2086264504016
2026-02-12 17:07:56,123 - SpareERP - INFO - Init Block: ID 26 | Self: 2086264503056
2026-02-12 17:07:56,128 - SpareERP - INFO - Init Block: ID 24 | Self: 2086264501776
2026-02-12 17:07:56,131 - SpareERP - INFO - Init Block: ID 23 | Self: 2086264500496
2026-02-12 17:07:56,980 - SpareERP - INFO - Delete clicked for ID: 48 | Instance: 2086356151312
2026-02-12 17:07:58,078 - SpareERP - INFO - Expense deleted: ID 48
2026-02-12 17:07:58,080 - SpareERP - INFO - Query all expenses: 15 found
2026-02-12 17:07:58,081 - SpareERP - INFO - Querying ALL expenses
2026-02-12 17:07:58,081 - SpareERP - INFO - Found 15 expense entries
2026-02-12 17:07:58,099 - SpareERP - INFO - Loading 15 expenses
2026-02-12 17:07:58,099 - SpareERP - INFO - Init Block: ID 51 | Self: 2086356154512
2026-02-12 17:07:58,102 - SpareERP - INFO - Init Block: ID 49 | Self: 2086264498096
2026-02-12 17:07:58,105 - SpareERP - INFO - Init Block: ID 47 | Self: 2086264496816
2026-02-12 17:07:58,108 - SpareERP - INFO - Init Block: ID 46 | Self: 2086264495536
2026-02-12 17:07:58,112 - SpareERP - INFO - Init Block: ID 45 | Self: 2086264494256
2026-02-12 17:07:58,115 - SpareERP - INFO - Init Block: ID 44 | Self: 2086356227632
2026-02-12 17:07:58,119 - SpareERP - INFO - Init Block: ID 43 | Self: 2086356228912
2026-02-12 17:07:58,128 - SpareERP - INFO - Init Block: ID 41 | Self: 2086356230192
2026-02-12 17:07:58,135 - SpareERP - INFO - Init Block: ID 39 | Self: 2086356231472
2026-02-12 17:07:58,139 - SpareERP - INFO - Init Block: ID 37 | Self: 2086356232752
2026-02-12 17:07:58,143 - SpareERP - INFO - Init Block: ID 35 | Self: 2086356234032
2026-02-12 17:07:58,146 - SpareERP - INFO - Init Block: ID 27 | Self: 2086356235312
2026-02-12 17:07:58,149 - SpareERP - INFO - Init Block: ID 26 | Self: 2086356236592
2026-02-12 17:07:58,152 - SpareERP - INFO - Init Block: ID 24 | Self: 2086356237872
2026-02-12 17:07:58,157 - SpareERP - INFO - Init Block: ID 23 | Self: 2086355960688
2026-02-12 17:07:58,956 - SpareERP - INFO - Delete clicked for ID: 46 | Instance: 2086264495536
2026-02-12 17:08:00,591 - SpareERP - INFO - Expense deleted: ID 46
2026-02-12 17:08:00,593 - SpareERP - INFO - Query all expenses: 14 found
2026-02-12 17:08:00,594 - SpareERP - INFO - Querying ALL expenses
2026-02-12 17:08:00,594 - SpareERP - INFO - Found 14 expense entries
2026-02-12 17:08:00,610 - SpareERP - INFO - Loading 14 expenses
2026-02-12 17:08:00,611 - SpareERP - INFO - Init Block: ID 51 | Self: 2086264497456
2026-02-12 17:08:00,615 - SpareERP - INFO - Init Block: ID 49 | Self: 2086355963408
2026-02-12 17:08:00,619 - SpareERP - INFO - Init Block: ID 47 | Self: 2086355964688
2026-02-12 17:08:00,622 - SpareERP - INFO - Init Block: ID 45 | Self: 2086355965968
2026-02-12 17:08:00,626 - SpareERP - INFO - Init Block: ID 44 | Self: 2086355967248
2026-02-12 17:08:00,631 - SpareERP - INFO - Init Block: ID 43 | Self: 2086355968528
2026-02-12 17:08:00,636 - SpareERP - INFO - Init Block: ID 41 | Self: 2086355969808
2026-02-12 17:08:00,640 - SpareERP - INFO - Init Block: ID 39 | Self: 2086355971088
2026-02-12 17:08:00,646 - SpareERP - INFO - Init Block: ID 37 | Self: 2086355972368
2026-02-12 17:08:00,649 - SpareERP - INFO - Init Block: ID 35 | Self: 2086355973648
2026-02-12 17:08:00,653 - SpareERP - INFO - Init Block: ID 27 | Self: 2086355974928
2026-02-12 17:08:00,657 - SpareERP - INFO - Init Block: ID 26 | Self: 2086355877968
2026-02-12 17:08:00,662 - SpareERP - INFO - Init Block: ID 24 | Self: 2086355879248
2026-02-12 17:08:00,666 - SpareERP - INFO - Init Block: ID 23 | Self: 2086355880528
2026-02-12 17:08:01,435 - SpareERP - INFO - Delete clicked for ID: 49 | Instance: 2086355963408
2026-02-12 17:08:02,831 - SpareERP - INFO - Expense deleted: ID 49
2026-02-12 17:08:02,833 - SpareERP - INFO - Query all expenses: 13 found
2026-02-12 17:08:02,833 - SpareERP - INFO - Querying ALL expenses
2026-02-12 17:08:02,833 - SpareERP - INFO - Found 13 expense entries
2026-02-12 17:08:02,850 - SpareERP - INFO - Loading 13 expenses
2026-02-12 17:08:02,850 - SpareERP - INFO - Init Block: ID 51 | Self: 2086355962768
2026-02-12 17:08:02,853 - SpareERP - INFO - Init Block: ID 47 | Self: 2086355883248
2026-02-12 17:08:02,856 - SpareERP - INFO - Init Block: ID 45 | Self: 2086355884528
2026-02-12 17:08:02,859 - SpareERP - INFO - Init Block: ID 44 | Self: 2086355885808
2026-02-12 17:08:02,862 - SpareERP - INFO - Init Block: ID 43 | Self: 2086355887088
2026-02-12 17:08:02,865 - SpareERP - INFO - Init Block: ID 41 | Self: 2086355888368
2026-02-12 17:08:02,868 - SpareERP - INFO - Init Block: ID 39 | Self: 2086355889648
2026-02-12 17:08:02,870 - SpareERP - INFO - Init Block: ID 37 | Self: 2086355890928
2026-02-12 17:08:02,873 - SpareERP - INFO - Init Block: ID 35 | Self: 2086355892208
2026-02-12 17:08:02,876 - SpareERP - INFO - Init Block: ID 27 | Self: 2086355893488
2026-02-12 17:08:02,879 - SpareERP - INFO - Init Block: ID 26 | Self: 2086355747376
2026-02-12 17:08:02,882 - SpareERP - INFO - Init Block: ID 24 | Self: 2086355748656
2026-02-12 17:08:02,885 - SpareERP - INFO - Init Block: ID 23 | Self: 2086355749936
2026-02-12 17:08:03,804 - SpareERP - INFO - Delete clicked for ID: 44 | Instance: 2086355885808
2026-02-12 17:08:04,981 - SpareERP - INFO - Expense deleted: ID 44
2026-02-12 17:08:04,983 - SpareERP - INFO - Query all expenses: 12 found
2026-02-12 17:08:04,983 - SpareERP - INFO - Querying ALL expenses
2026-02-12 17:08:04,983 - SpareERP - INFO - Found 12 expense entries
2026-02-12 17:08:04,997 - SpareERP - INFO - Loading 12 expenses
2026-02-12 17:08:04,997 - SpareERP - INFO - Init Block: ID 51 | Self: 2086355882608
2026-02-12 17:08:05,001 - SpareERP - INFO - Init Block: ID 47 | Self: 2086355752656
2026-02-12 17:08:05,003 - SpareERP - INFO - Init Block: ID 45 | Self: 2086355753936
2026-02-12 17:08:05,006 - SpareERP - INFO - Init Block: ID 43 | Self: 2086355755216
2026-02-12 17:08:05,010 - SpareERP - INFO - Init Block: ID 41 | Self: 2086355756496
2026-02-12 17:08:05,013 - SpareERP - INFO - Init Block: ID 39 | Self: 2086355757776
2026-02-12 17:08:05,016 - SpareERP - INFO - Init Block: ID 37 | Self: 2086355759056
2026-02-12 17:08:05,019 - SpareERP - INFO - Init Block: ID 35 | Self: 2086355760336
2026-02-12 17:08:05,022 - SpareERP - INFO - Init Block: ID 27 | Self: 2086355761616
2026-02-12 17:08:05,025 - SpareERP - INFO - Init Block: ID 26 | Self: 2086355762896
2026-02-12 17:08:05,028 - SpareERP - INFO - Init Block: ID 24 | Self: 2086355158032
2026-02-12 17:08:05,032 - SpareERP - INFO - Init Block: ID 23 | Self: 2086355159312
2026-02-12 17:08:05,900 - SpareERP - INFO - Delete clicked for ID: 41 | Instance: 2086355756496
2026-02-12 17:08:07,121 - SpareERP - INFO - Expense deleted: ID 41
2026-02-12 17:08:07,124 - SpareERP - INFO - Query all expenses: 11 found
2026-02-12 17:08:07,124 - SpareERP - INFO - Querying ALL expenses
2026-02-12 17:08:07,124 - SpareERP - INFO - Found 11 expense entries
2026-02-12 17:08:07,141 - SpareERP - INFO - Loading 11 expenses
2026-02-12 17:08:07,141 - SpareERP - INFO - Init Block: ID 51 | Self: 2086355752016
2026-02-12 17:08:07,144 - SpareERP - INFO - Init Block: ID 47 | Self: 2086355162032
2026-02-12 17:08:07,147 - SpareERP - INFO - Init Block: ID 45 | Self: 2086355163312
2026-02-12 17:08:07,150 - SpareERP - INFO - Init Block: ID 43 | Self: 2086355164592
2026-02-12 17:08:07,153 - SpareERP - INFO - Init Block: ID 39 | Self: 2086355165872
2026-02-12 17:08:07,156 - SpareERP - INFO - Init Block: ID 37 | Self: 2086355167152
2026-02-12 17:08:07,161 - SpareERP - INFO - Init Block: ID 35 | Self: 2086355168432
2026-02-12 17:08:07,165 - SpareERP - INFO - Init Block: ID 27 | Self: 2086355169712
2026-02-12 17:08:07,168 - SpareERP - INFO - Init Block: ID 26 | Self: 2086355170992
2026-02-12 17:08:07,171 - SpareERP - INFO - Init Block: ID 24 | Self: 2086355172272
2026-02-12 17:08:07,174 - SpareERP - INFO - Init Block: ID 23 | Self: 2086355271920
2026-02-12 17:08:08,067 - SpareERP - INFO - Delete clicked for ID: 39 | Instance: 2086355165872
2026-02-12 17:08:09,359 - SpareERP - INFO - Expense deleted: ID 39
2026-02-12 17:08:09,362 - SpareERP - INFO - Query all expenses: 10 found
2026-02-12 17:08:09,362 - SpareERP - INFO - Querying ALL expenses
2026-02-12 17:08:09,362 - SpareERP - INFO - Found 10 expense entries
2026-02-12 17:08:09,374 - SpareERP - INFO - Loading 10 expenses
2026-02-12 17:08:09,375 - SpareERP - INFO - Init Block: ID 51 | Self: 2086355161392
2026-02-12 17:08:09,378 - SpareERP - INFO - Init Block: ID 47 | Self: 2086355274640
2026-02-12 17:08:09,381 - SpareERP - INFO - Init Block: ID 45 | Self: 2086355275920
2026-02-12 17:08:09,384 - SpareERP - INFO - Init Block: ID 43 | Self: 2086355277200
2026-02-12 17:08:09,387 - SpareERP - INFO - Init Block: ID 37 | Self: 2086355278480
2026-02-12 17:08:09,390 - SpareERP - INFO - Init Block: ID 35 | Self: 2086355279760
2026-02-12 17:08:09,393 - SpareERP - INFO - Init Block: ID 27 | Self: 2086355281040
2026-02-12 17:08:09,396 - SpareERP - INFO - Init Block: ID 26 | Self: 2086355282320
2026-02-12 17:08:09,399 - SpareERP - INFO - Init Block: ID 24 | Self: 2086355283600
2026-02-12 17:08:09,402 - SpareERP - INFO - Init Block: ID 23 | Self: 2086355284880
2026-02-12 17:08:11,419 - SpareERP - INFO - Delete clicked for ID: 37 | Instance: 2086355278480
2026-02-12 17:08:12,673 - SpareERP - INFO - Expense deleted: ID 37
2026-02-12 17:08:12,675 - SpareERP - INFO - Query all expenses: 9 found
2026-02-12 17:08:12,675 - SpareERP - INFO - Querying ALL expenses
2026-02-12 17:08:12,676 - SpareERP - INFO - Found 9 expense entries
2026-02-12 17:08:12,688 - SpareERP - INFO - Loading 9 expenses
2026-02-12 17:08:12,688 - SpareERP - INFO - Init Block: ID 51 | Self: 2086355274000
2026-02-12 17:08:12,691 - SpareERP - INFO - Init Block: ID 47 | Self: 2086355287600
2026-02-12 17:08:12,696 - SpareERP - INFO - Init Block: ID 45 | Self: 2086355501936
2026-02-12 17:08:12,699 - SpareERP - INFO - Init Block: ID 43 | Self: 2086355503216
2026-02-12 17:08:12,702 - SpareERP - INFO - Init Block: ID 35 | Self: 2086355504496
2026-02-12 17:08:12,705 - SpareERP - INFO - Init Block: ID 27 | Self: 2086355505776
2026-02-12 17:08:12,708 - SpareERP - INFO - Init Block: ID 26 | Self: 2086355507056
2026-02-12 17:08:12,711 - SpareERP - INFO - Init Block: ID 24 | Self: 2086355508336
2026-02-12 17:08:12,714 - SpareERP - INFO - Init Block: ID 23 | Self: 2086355509616
2026-02-12 17:08:13,443 - SpareERP - INFO - Delete clicked for ID: 35 | Instance: 2086355504496
2026-02-12 17:08:14,803 - SpareERP - INFO - Expense deleted: ID 35
2026-02-12 17:08:14,807 - SpareERP - INFO - Query all expenses: 8 found
2026-02-12 17:08:14,808 - SpareERP - INFO - Querying ALL expenses
2026-02-12 17:08:14,808 - SpareERP - INFO - Found 8 expense entries
2026-02-12 17:08:14,830 - SpareERP - INFO - Loading 8 expenses
2026-02-12 17:08:14,831 - SpareERP - INFO - Init Block: ID 51 | Self: 2086355286960
2026-02-12 17:08:14,838 - SpareERP - INFO - Init Block: ID 47 | Self: 2086355512336
2026-02-12 17:08:14,845 - SpareERP - INFO - Init Block: ID 45 | Self: 2086355513616
2026-02-12 17:08:14,851 - SpareERP - INFO - Init Block: ID 43 | Self: 2086355514896
2026-02-12 17:08:14,855 - SpareERP - INFO - Init Block: ID 27 | Self: 2086355516176
2026-02-12 17:08:14,860 - SpareERP - INFO - Init Block: ID 26 | Self: 2086355599440
2026-02-12 17:08:14,865 - SpareERP - INFO - Init Block: ID 24 | Self: 2086355600720
2026-02-12 17:08:14,869 - SpareERP - INFO - Init Block: ID 23 | Self: 2086355602000
2026-02-12 17:08:15,579 - SpareERP - INFO - Delete clicked for ID: 26 | Instance: 2086355599440
2026-02-12 17:08:17,054 - SpareERP - INFO - Expense deleted: ID 26
2026-02-12 17:08:17,057 - SpareERP - INFO - Query all expenses: 7 found
2026-02-12 17:08:17,057 - SpareERP - INFO - Querying ALL expenses
2026-02-12 17:08:17,057 - SpareERP - INFO - Found 7 expense entries
2026-02-12 17:08:17,073 - SpareERP - INFO - Loading 7 expenses
2026-02-12 17:08:17,073 - SpareERP - INFO - Init Block: ID 51 | Self: 2086355511696
2026-02-12 17:08:17,078 - SpareERP - INFO - Init Block: ID 47 | Self: 2086355604720
2026-02-12 17:08:17,081 - SpareERP - INFO - Init Block: ID 45 | Self: 2086355606000
2026-02-12 17:08:17,085 - SpareERP - INFO - Init Block: ID 43 | Self: 2086355607280
2026-02-12 17:08:17,088 - SpareERP - INFO - Init Block: ID 27 | Self: 2086355608560
2026-02-12 17:08:17,091 - SpareERP - INFO - Init Block: ID 24 | Self: 2086355609840
2026-02-12 17:08:17,094 - SpareERP - INFO - Init Block: ID 23 | Self: 2086355611120
2026-02-12 17:08:18,123 - SpareERP - INFO - Delete clicked for ID: 27 | Instance: 2086355608560
2026-02-12 17:08:19,329 - SpareERP - INFO - Expense deleted: ID 27
2026-02-12 17:08:19,331 - SpareERP - INFO - Query all expenses: 6 found
2026-02-12 17:08:19,332 - SpareERP - INFO - Querying ALL expenses
2026-02-12 17:08:19,332 - SpareERP - INFO - Found 6 expense entries
2026-02-12 17:08:19,339 - SpareERP - INFO - Loading 6 expenses
2026-02-12 17:08:19,340 - SpareERP - INFO - Init Block: ID 51 | Self: 2086355604080
2026-02-12 17:08:19,343 - SpareERP - INFO - Init Block: ID 47 | Self: 2086355613840
2026-02-12 17:08:19,346 - SpareERP - INFO - Init Block: ID 45 | Self: 2086355615120
2026-02-12 17:08:19,349 - SpareERP - INFO - Init Block: ID 43 | Self: 2086355598096
2026-02-12 17:08:19,352 - SpareERP - INFO - Init Block: ID 24 | Self: 2086355596816
2026-02-12 17:08:19,355 - SpareERP - INFO - Init Block: ID 23 | Self: 2086355595536
2026-02-12 17:08:20,203 - SpareERP - INFO - Delete clicked for ID: 43 | Instance: 2086355598096
2026-02-12 17:08:21,633 - SpareERP - INFO - Expense deleted: ID 43
2026-02-12 17:08:21,637 - SpareERP - INFO - Query all expenses: 5 found
2026-02-12 17:08:21,638 - SpareERP - INFO - Querying ALL expenses
2026-02-12 17:08:21,638 - SpareERP - INFO - Found 5 expense entries
2026-02-12 17:08:21,653 - SpareERP - INFO - Loading 5 expenses
2026-02-12 17:08:21,654 - SpareERP - INFO - Init Block: ID 51 | Self: 2086355613200
2026-02-12 17:08:21,659 - SpareERP - INFO - Init Block: ID 47 | Self: 2086355593136
2026-02-12 17:08:21,663 - SpareERP - INFO - Init Block: ID 45 | Self: 2086355591856
2026-02-12 17:08:21,667 - SpareERP - INFO - Init Block: ID 24 | Self: 2086355590576
2026-02-12 17:08:21,671 - SpareERP - INFO - Init Block: ID 23 | Self: 2086355589296
2026-02-12 17:08:22,607 - SpareERP - INFO - Delete clicked for ID: 45 | Instance: 2086355591856
2026-02-12 17:08:23,864 - SpareERP - INFO - Expense deleted: ID 45
2026-02-12 17:08:23,866 - SpareERP - INFO - Query all expenses: 4 found
2026-02-12 17:08:23,866 - SpareERP - INFO - Querying ALL expenses
2026-02-12 17:08:23,867 - SpareERP - INFO - Found 4 expense entries
2026-02-12 17:08:23,872 - SpareERP - INFO - Loading 4 expenses
2026-02-12 17:08:23,872 - SpareERP - INFO - Init Block: ID 51 | Self: 2086355595056
2026-02-12 17:08:23,875 - SpareERP - INFO - Init Block: ID 47 | Self: 2086355586896
2026-02-12 17:08:23,878 - SpareERP - INFO - Init Block: ID 24 | Self: 2086355585616
2026-02-12 17:08:23,883 - SpareERP - INFO - Init Block: ID 23 | Self: 2086355584336
2026-02-12 17:08:24,859 - SpareERP - INFO - Delete clicked for ID: 47 | Instance: 2086355586896
2026-02-12 17:08:26,003 - SpareERP - INFO - Expense deleted: ID 47
2026-02-12 17:08:26,007 - SpareERP - INFO - Query all expenses: 3 found
2026-02-12 17:08:26,008 - SpareERP - INFO - Querying ALL expenses
2026-02-12 17:08:26,008 - SpareERP - INFO - Found 3 expense entries
2026-02-12 17:08:26,018 - SpareERP - INFO - Loading 3 expenses
2026-02-12 17:08:26,019 - SpareERP - INFO - Init Block: ID 51 | Self: 2086355586256
2026-02-12 17:08:26,025 - SpareERP - INFO - Init Block: ID 24 | Self: 2086356170736
2026-02-12 17:08:26,033 - SpareERP - INFO - Init Block: ID 23 | Self: 2086356169456
2026-02-12 17:08:26,851 - SpareERP - INFO - Delete clicked for ID: 24 | Instance: 2086356170736
2026-02-12 17:08:27,939 - SpareERP - INFO - Expense deleted: ID 24
2026-02-12 17:08:27,941 - SpareERP - INFO - Query all expenses: 2 found
2026-02-12 17:08:27,942 - SpareERP - INFO - Querying ALL expenses
2026-02-12 17:08:27,942 - SpareERP - INFO - Found 2 expense entries
2026-02-12 17:08:27,946 - SpareERP - INFO - Loading 2 expenses
2026-02-12 17:08:27,946 - SpareERP - INFO - Init Block: ID 51 | Self: 2086356172496
2026-02-12 17:08:27,951 - SpareERP - INFO - Init Block: ID 23 | Self: 2086356167056
2026-02-12 17:08:28,819 - SpareERP - INFO - Delete clicked for ID: 23 | Instance: 2086356167056
2026-02-12 17:08:29,986 - SpareERP - INFO - Expense deleted: ID 23
2026-02-12 17:08:29,988 - SpareERP - INFO - Query all expenses: 1 found
2026-02-12 17:08:29,989 - SpareERP - INFO - Querying ALL expenses
2026-02-12 17:08:29,989 - SpareERP - INFO - Found 1 expense entries
2026-02-12 17:08:29,991 - SpareERP - INFO - Loading 1 expenses
2026-02-12 17:08:29,992 - SpareERP - INFO - Init Block: ID 51 | Self: 2086356168976
2026-02-12 17:08:30,931 - SpareERP - INFO - Delete clicked for ID: 51 | Instance: 2086356168976
2026-02-12 17:08:32,431 - SpareERP - INFO - Expense deleted: ID 51
2026-02-12 17:08:32,433 - SpareERP - INFO - Query all expenses: 0 found
2026-02-12 17:08:32,433 - SpareERP - INFO - Querying ALL expenses
2026-02-12 17:08:32,433 - SpareERP - INFO - Found 0 expense entries
2026-02-12 17:08:32,435 - SpareERP - INFO - No expenses found in last 30 days
2026-02-12 17:09:44,198 - SpareERP - INFO - Application starting...
2026-02-12 17:09:46,030 - SpareERP - INFO - Database initialized at c:\Users\Admin\Desktop\spare_ERP\data\spareparts_pro.db
2026-02-12 17:09:46,036 - SpareERP - INFO - Launching Login Window...
2026-02-12 17:09:53,575 - SpareERP - INFO - User admin logged in successfully
2026-02-12 17:09:58,622 - SpareERP - ERROR - Error logging activity: database is locked
2026-02-12 17:09:58,623 - SpareERP - INFO - Login success signal received. Role: ADMIN
2026-02-12 17:09:58,632 - SpareERP - INFO - User authenticated as ADMIN. Launching Main Window.
2026-02-12 17:09:58,634 - SpareERP - INFO - Initializing MainWindow...
2026-02-12 17:09:58,729 - SpareERP - INFO - Lazy loading page: Dashboard
2026-02-12 17:09:58,835 - SpareERP - INFO - AI Cache: 222 vehicle models, 361 part keywords
2026-02-12 17:10:01,322 - SpareERP - INFO - Lazy loading page: Expenses
2026-02-12 17:10:01,347 - SpareERP - INFO - AI Cache: 222 vehicle models, 361 part keywords
2026-02-12 17:10:01,355 - SpareERP - INFO - Query all expenses: 0 found
2026-02-12 17:10:01,356 - SpareERP - INFO - Querying ALL expenses
2026-02-12 17:10:01,356 - SpareERP - INFO - Found 0 expense entries
2026-02-12 17:10:01,357 - SpareERP - INFO - No expenses found in last 30 days
2026-02-12 17:10:03,124 - SpareERP - INFO - Expense added: Tea, 15.0
2026-02-12 17:10:03,126 - SpareERP - INFO - Query all expenses: 1 found
2026-02-12 17:10:03,126 - SpareERP - INFO - Querying ALL expenses
2026-02-12 17:10:03,126 - SpareERP - INFO - Found 1 expense entries
2026-02-12 17:10:03,127 - SpareERP - INFO - Loading 1 expenses
2026-02-12 17:10:04,670 - SpareERP - INFO - Expense added: Tea, 15.0
2026-02-12 17:10:04,672 - SpareERP - INFO - Query all expenses: 2 found
2026-02-12 17:10:04,672 - SpareERP - INFO - Querying ALL expenses
2026-02-12 17:10:04,673 - SpareERP - INFO - Found 2 expense entries
2026-02-12 17:10:04,674 - SpareERP - INFO - Loading 2 expenses
2026-02-12 17:10:05,279 - SpareERP - INFO - Expense added: Tea, 15.0
2026-02-12 17:10:05,281 - SpareERP - INFO - Query all expenses: 3 found
2026-02-12 17:10:05,281 - SpareERP - INFO - Querying ALL expenses
2026-02-12 17:10:05,281 - SpareERP - INFO - Found 3 expense entries
2026-02-12 17:10:05,284 - SpareERP - INFO - Loading 3 expenses
2026-02-12 17:10:06,176 - SpareERP - INFO - Expense added: Tea, 15.0
2026-02-12 17:10:06,179 - SpareERP - INFO - Query all expenses: 4 found
2026-02-12 17:10:06,179 - SpareERP - INFO - Querying ALL expenses
2026-02-12 17:10:06,179 - SpareERP - INFO - Found 4 expense entries
2026-02-12 17:10:06,183 - SpareERP - INFO - Loading 4 expenses
2026-02-12 17:10:07,032 - SpareERP - INFO - Expense added: Lunch, 120.0
2026-02-12 17:10:07,034 - SpareERP - INFO - Query all expenses: 5 found
2026-02-12 17:10:07,034 - SpareERP - INFO - Querying ALL expenses
2026-02-12 17:10:07,034 - SpareERP - INFO - Found 5 expense entries
2026-02-12 17:10:07,039 - SpareERP - INFO - Loading 5 expenses
2026-02-12 17:10:08,054 - SpareERP - INFO - Expense added: Lunch, 120.0
2026-02-12 17:10:08,056 - SpareERP - INFO - Query all expenses: 6 found
2026-02-12 17:10:08,056 - SpareERP - INFO - Querying ALL expenses
2026-02-12 17:10:08,056 - SpareERP - INFO - Found 6 expense entries
2026-02-12 17:10:08,062 - SpareERP - INFO - Loading 6 expenses
2026-02-12 17:10:11,361 - SpareERP - INFO - Opening edit dialog for: (57, 'Lunch', 120.0, 'Refreshment', '2026-02-12 17:10:07')
2026-02-12 17:10:24,944 - SpareERP - INFO - Expense updated: ID 57
2026-02-12 17:10:24,947 - SpareERP - INFO - Query all expenses: 6 found
2026-02-12 17:10:24,947 - SpareERP - INFO - Querying ALL expenses
2026-02-12 17:10:24,947 - SpareERP - INFO - Found 6 expense entries
2026-02-12 17:10:24,957 - SpareERP - INFO - Loading 6 expenses
2026-02-12 17:10:33,017 - SpareERP - INFO - Lazy loading page: Inventory
2026-02-12 17:10:33,289 - SpareERP - INFO - Initializing InventoryPage...
2026-02-12 17:10:33,314 - SpareERP - INFO - InventoryPage Initialized Successfully.
2026-02-12 17:10:33,365 - SpareERP - INFO - [Inventory] System initialized. Loaded 601 parts.
2026-02-12 17:12:02,757 - SpareERP - INFO - Lazy loading page: Billing
2026-02-12 17:12:56,064 - SpareERP - INFO - Custom billing field removed: Chassis No
2026-02-12 17:13:15,031 - SpareERP - INFO - Custom billing field saved: Service Type
2026-02-12 17:14:28,550 - SpareERP - WARNING - Current page (index 1) does not have a load_data method
2026-02-12 17:19:12,804 - SpareERP - INFO - Application starting...
2026-02-12 17:19:14,605 - SpareERP - INFO - Database initialized at c:\Users\Admin\Desktop\spare_ERP\data\spareparts_pro.db
2026-02-12 17:19:14,610 - SpareERP - INFO - Launching Login Window...
2026-02-12 17:19:25,602 - SpareERP - INFO - User admin logged in successfully
2026-02-12 17:19:30,640 - SpareERP - ERROR - Error logging activity: database is locked
2026-02-12 17:19:30,642 - SpareERP - INFO - Login success signal received. Role: ADMIN
2026-02-12 17:19:30,657 - SpareERP - INFO - User authenticated as ADMIN. Launching Main Window.
2026-02-12 17:19:30,659 - SpareERP - INFO - Initializing MainWindow...
2026-02-12 17:19:30,763 - SpareERP - INFO - Lazy loading page: Dashboard
2026-02-12 17:19:30,865 - SpareERP - INFO - AI Cache: 222 vehicle models, 361 part keywords
2026-02-12 17:19:33,276 - SpareERP - INFO - Lazy loading page: Inventory
2026-02-12 17:19:33,556 - SpareERP - INFO - Initializing InventoryPage...
2026-02-12 17:19:33,585 - SpareERP - CRITICAL - Failed to initialize InventoryPage: 'InventoryPage' object has no attribute 'handle_edit_click'
Traceback (most recent call last):
  File "c:\Users\Admin\Desktop\spare_ERP\inventory_page.py", line 632, in __init__
    self.setup_ui()
    ~~~~~~~~~~~~~^^
  File "c:\Users\Admin\Desktop\spare_ERP\inventory_page.py", line 792, in setup_ui
    self.delegate.editClicked.connect(self.handle_edit_click)
                                      ^^^^^^^^^^^^^^^^^^^^^^
AttributeError: 'InventoryPage' object has no attribute 'handle_edit_click'
2026-02-12 17:25:19,004 - SpareERP - INFO - Application starting...
2026-02-12 17:25:20,718 - SpareERP - INFO - Database initialized at c:\Users\Admin\Desktop\spare_ERP\data\spareparts_pro.db
2026-02-12 17:25:20,723 - SpareERP - INFO - Launching Login Window...
2026-02-12 17:25:32,183 - SpareERP - WARNING - Failed login attempt for user: adnin
2026-02-12 17:25:40,151 - SpareERP - WARNING - Failed login attempt for user: adnin
2026-02-12 17:25:52,351 - SpareERP - INFO - User admin logged in successfully
2026-02-12 17:25:57,399 - SpareERP - ERROR - Error logging activity: database is locked
2026-02-12 17:25:57,401 - SpareERP - INFO - Login success signal received. Role: ADMIN
2026-02-12 17:25:57,416 - SpareERP - INFO - User authenticated as ADMIN. Launching Main Window.
2026-02-12 17:25:57,419 - SpareERP - INFO - Initializing MainWindow...
2026-02-12 17:25:57,526 - SpareERP - INFO - Lazy loading page: Dashboard
2026-02-12 17:25:57,633 - SpareERP - INFO - AI Cache: 222 vehicle models, 361 part keywords
2026-02-12 17:26:01,017 - SpareERP - INFO - Lazy loading page: Inventory
2026-02-12 17:26:01,300 - SpareERP - INFO - Initializing InventoryPage...
2026-02-12 17:26:01,302 - SpareERP - CRITICAL - Failed to initialize InventoryPage: 'InventoryPage' object has no attribute 'on_edit_click'
Traceback (most recent call last):
  File "c:\Users\Admin\Desktop\spare_ERP\inventory_page.py", line 668, in __init__
    self.setup_ui()
    ~~~~~~~~~~~~~^^
  File "c:\Users\Admin\Desktop\spare_ERP\inventory_page.py", line 760, in setup_ui
    self.btn_edit_part.clicked.connect(self.on_edit_click)
                                       ^^^^^^^^^^^^^^^^^^
AttributeError: 'InventoryPage' object has no attribute 'on_edit_click'
2026-02-12 17:26:06,257 - SpareERP - INFO - Refreshing page at index 2
2026-02-12 17:27:01,237 - SpareERP - INFO - Application starting...
2026-02-12 17:27:03,056 - SpareERP - INFO - Database initialized at c:\Users\Admin\Desktop\spare_ERP\data\spareparts_pro.db
2026-02-12 17:27:03,062 - SpareERP - INFO - Launching Login Window...
2026-02-12 17:27:11,615 - SpareERP - INFO - User admin logged in successfully
2026-02-12 17:27:16,663 - SpareERP - ERROR - Error logging activity: database is locked
2026-02-12 17:27:16,665 - SpareERP - INFO - Login success signal received. Role: ADMIN
2026-02-12 17:27:16,682 - SpareERP - INFO - User authenticated as ADMIN. Launching Main Window.
2026-02-12 17:27:16,684 - SpareERP - INFO - Initializing MainWindow...
2026-02-12 17:27:16,789 - SpareERP - INFO - Lazy loading page: Dashboard
2026-02-12 17:27:16,908 - SpareERP - INFO - AI Cache: 222 vehicle models, 361 part keywords
2026-02-12 17:27:20,923 - SpareERP - INFO - Lazy loading page: Expenses
2026-02-12 17:27:20,935 - SpareERP - INFO - AI Cache: 222 vehicle models, 361 part keywords
2026-02-12 17:27:20,943 - SpareERP - INFO - Query all expenses: 6 found
2026-02-12 17:27:20,943 - SpareERP - INFO - Querying ALL expenses
2026-02-12 17:27:20,943 - SpareERP - INFO - Found 6 expense entries
2026-02-12 17:27:20,944 - SpareERP - INFO - Loading 6 expenses
2026-02-12 17:27:22,984 - SpareERP - INFO - Lazy loading page: Reports
2026-02-12 17:27:24,152 - SpareERP - INFO - Lazy loading page: Inventory
2026-02-12 17:27:24,424 - SpareERP - INFO - Initializing InventoryPage...
2026-02-12 17:27:24,427 - SpareERP - CRITICAL - Failed to initialize InventoryPage: 'InventoryPage' object has no attribute 'on_edit_click'
Traceback (most recent call last):
  File "c:\Users\Admin\Desktop\spare_ERP\inventory_page.py", line 668, in __init__
    self.setup_ui()
    ~~~~~~~~~~~~~^^
  File "c:\Users\Admin\Desktop\spare_ERP\inventory_page.py", line 760, in setup_ui
    self.btn_edit_part.clicked.connect(self.on_edit_click)
                                       ^^^^^^^^^^^^^^^^^^
AttributeError: 'InventoryPage' object has no attribute 'on_edit_click'
2026-02-12 17:27:28,752 - SpareERP - INFO - Refreshing page at index 2
2026-02-12 17:29:58,653 - SpareERP - INFO - Application starting...
2026-02-12 17:30:00,438 - SpareERP - INFO - Database initialized at c:\Users\Admin\Desktop\spare_ERP\data\spareparts_pro.db
2026-02-12 17:30:00,446 - SpareERP - INFO - Launching Login Window...
2026-02-12 17:30:09,477 - SpareERP - INFO - User admin logged in successfully
2026-02-12 17:30:14,526 - SpareERP - ERROR - Error logging activity: database is locked
2026-02-12 17:30:14,527 - SpareERP - INFO - Login success signal received. Role: ADMIN
2026-02-12 17:30:14,536 - SpareERP - INFO - User authenticated as ADMIN. Launching Main Window.
2026-02-12 17:30:14,538 - SpareERP - INFO - Initializing MainWindow...
2026-02-12 17:30:14,626 - SpareERP - INFO - Lazy loading page: Dashboard
2026-02-12 17:30:14,733 - SpareERP - INFO - AI Cache: 222 vehicle models, 361 part keywords
2026-02-12 17:30:16,447 - SpareERP - INFO - Lazy loading page: Inventory
2026-02-12 17:30:16,732 - SpareERP - INFO - Initializing InventoryPage...
2026-02-12 17:30:16,735 - SpareERP - CRITICAL - Failed to initialize InventoryPage: 'InventoryPage' object has no attribute 'on_edit_click'
Traceback (most recent call last):
  File "c:\Users\Admin\Desktop\spare_ERP\inventory_page.py", line 668, in __init__
    self.setup_ui()
    ~~~~~~~~~~~~~^^
  File "c:\Users\Admin\Desktop\spare_ERP\inventory_page.py", line 766, in setup_ui
    self.btn_edit_part.clicked.connect(self.on_edit_click)
                                       ^^^^^^^^^^^^^^^^^^
AttributeError: 'InventoryPage' object has no attribute 'on_edit_click'
2026-02-12 17:30:22,767 - SpareERP - INFO - Refreshing page at index 2
2026-02-12 17:30:22,792 - SpareERP - ERROR - Error in on_data_loaded: 'InventoryPage' object has no attribute 'filters'
2026-02-12 17:30:23,927 - SpareERP - INFO - Refreshing page at index 2
2026-02-12 17:30:23,959 - SpareERP - ERROR - Error in on_data_loaded: 'InventoryPage' object has no attribute 'filters'
2026-02-12 17:30:24,695 - SpareERP - INFO - Refreshing page at index 2
2026-02-12 17:30:24,726 - SpareERP - ERROR - Error in on_data_loaded: 'InventoryPage' object has no attribute 'filters'
2026-02-12 17:30:28,327 - SpareERP - INFO - Refreshing page at index 2
2026-02-12 17:30:28,355 - SpareERP - ERROR - Error in on_data_loaded: 'InventoryPage' object has no attribute 'filters'
2026-02-12 17:30:28,951 - SpareERP - INFO - Refreshing page at index 2
2026-02-12 17:30:28,979 - SpareERP - ERROR - Error in on_data_loaded: 'InventoryPage' object has no attribute 'filters'
2026-02-12 17:36:23,437 - SpareERP - INFO - Application starting...
2026-02-12 17:36:25,298 - SpareERP - INFO - Database initialized at c:\Users\Admin\Desktop\spare_ERP\data\spareparts_pro.db
2026-02-12 17:36:25,303 - SpareERP - INFO - Launching Login Window...
2026-02-12 17:36:33,306 - SpareERP - INFO - User admin logged in successfully
2026-02-12 17:36:38,355 - SpareERP - ERROR - Error logging activity: database is locked
2026-02-12 17:36:38,356 - SpareERP - INFO - Login success signal received. Role: ADMIN
2026-02-12 17:36:38,363 - SpareERP - INFO - User authenticated as ADMIN. Launching Main Window.
2026-02-12 17:36:38,365 - SpareERP - INFO - Initializing MainWindow...
2026-02-12 17:36:38,458 - SpareERP - INFO - Lazy loading page: Dashboard
2026-02-12 17:36:38,561 - SpareERP - INFO - AI Cache: 222 vehicle models, 361 part keywords
2026-02-12 17:36:39,812 - SpareERP - INFO - Lazy loading page: Reports
2026-02-12 17:36:40,948 - SpareERP - INFO - Lazy loading page: Inventory
2026-02-12 17:36:41,247 - SpareERP - INFO - Initializing InventoryPage...
2026-02-12 17:36:41,264 - SpareERP - CRITICAL - Failed to initialize InventoryPage: 'InventoryPage' object has no attribute 'handle_select_toggle'
Traceback (most recent call last):
  File "c:\Users\Admin\Desktop\spare_ERP\inventory_page.py", line 613, in __init__
    self.setup_ui()
    ~~~~~~~~~~~~~^^
  File "c:\Users\Admin\Desktop\spare_ERP\inventory_page.py", line 805, in setup_ui
    self.delegate.selectToggled.connect(self.handle_select_toggle)
                                        ^^^^^^^^^^^^^^^^^^^^^^^^^
AttributeError: 'InventoryPage' object has no attribute 'handle_select_toggle'
2026-02-12 17:41:55,424 - SpareERP - INFO - Application starting...
2026-02-12 17:41:57,242 - SpareERP - INFO - Database initialized at c:\Users\Admin\Desktop\spare_ERP\data\spareparts_pro.db
2026-02-12 17:41:57,247 - SpareERP - INFO - Launching Login Window...
2026-02-12 17:42:19,087 - SpareERP - INFO - User admin logged in successfully
2026-02-12 17:42:24,131 - SpareERP - ERROR - Error logging activity: database is locked
2026-02-12 17:42:24,132 - SpareERP - INFO - Login success signal received. Role: ADMIN
2026-02-12 17:42:24,144 - SpareERP - INFO - User authenticated as ADMIN. Launching Main Window.
2026-02-12 17:42:24,146 - SpareERP - INFO - Initializing MainWindow...
2026-02-12 17:42:24,250 - SpareERP - INFO - Lazy loading page: Dashboard
2026-02-12 17:42:24,389 - SpareERP - INFO - AI Cache: 222 vehicle models, 361 part keywords
2026-02-12 17:42:26,145 - SpareERP - INFO - Lazy loading page: Inventory
2026-02-12 17:42:26,432 - SpareERP - INFO - Initializing InventoryPage...
2026-02-12 17:42:26,457 - SpareERP - INFO - InventoryPage Initialized Successfully.
2026-02-12 17:44:15,437 - SpareERP - INFO - Application starting...
2026-02-12 17:44:17,239 - SpareERP - INFO - Database initialized at c:\Users\Admin\Desktop\spare_ERP\data\spareparts_pro.db
2026-02-12 17:44:17,245 - SpareERP - INFO - Launching Login Window...
2026-02-12 17:44:25,062 - SpareERP - INFO - User admin logged in successfully
2026-02-12 17:44:30,105 - SpareERP - ERROR - Error logging activity: database is locked
2026-02-12 17:44:30,107 - SpareERP - INFO - Login success signal received. Role: ADMIN
2026-02-12 17:44:30,121 - SpareERP - INFO - User authenticated as ADMIN. Launching Main Window.
2026-02-12 17:44:30,123 - SpareERP - INFO - Initializing MainWindow...
2026-02-12 17:44:30,214 - SpareERP - INFO - Lazy loading page: Dashboard
2026-02-12 17:44:30,361 - SpareERP - INFO - AI Cache: 222 vehicle models, 361 part keywords
2026-02-12 17:44:58,304 - SpareERP - INFO - Lazy loading page: Inventory
2026-02-12 17:44:58,589 - SpareERP - INFO - Initializing InventoryPage...
2026-02-12 17:44:58,614 - SpareERP - INFO - InventoryPage Initialized Successfully.
2026-02-12 17:50:12,893 - SpareERP - INFO - Application starting...
2026-02-12 17:50:14,701 - SpareERP - INFO - Database initialized at c:\Users\Admin\Desktop\spare_ERP\data\spareparts_pro.db
2026-02-12 17:50:14,706 - SpareERP - INFO - Launching Login Window...
2026-02-12 17:50:23,387 - SpareERP - INFO - User admin logged in successfully
2026-02-12 17:50:28,432 - SpareERP - ERROR - Error logging activity: database is locked
2026-02-12 17:50:28,433 - SpareERP - INFO - Login success signal received. Role: ADMIN
2026-02-12 17:50:28,441 - SpareERP - INFO - User authenticated as ADMIN. Launching Main Window.
2026-02-12 17:50:28,443 - SpareERP - INFO - Initializing MainWindow...
2026-02-12 17:50:28,541 - SpareERP - INFO - Lazy loading page: Dashboard
2026-02-12 17:50:28,692 - SpareERP - INFO - AI Cache: 222 vehicle models, 361 part keywords
2026-02-12 17:50:30,497 - SpareERP - INFO - Lazy loading page: Inventory
2026-02-12 17:50:30,800 - SpareERP - INFO - Initializing InventoryPage...
2026-02-12 17:50:30,828 - SpareERP - INFO - InventoryPage Initialized Successfully.
2026-02-12 17:55:09,464 - SpareERP - INFO - Application starting...
2026-02-12 17:55:11,275 - SpareERP - INFO - Database initialized at c:\Users\Admin\Desktop\spare_ERP\data\spareparts_pro.db
2026-02-12 17:55:11,281 - SpareERP - INFO - Launching Login Window...
2026-02-12 17:55:19,473 - SpareERP - INFO - User admin logged in successfully
2026-02-12 17:55:24,516 - SpareERP - ERROR - Error logging activity: database is locked
2026-02-12 17:55:24,518 - SpareERP - INFO - Login success signal received. Role: ADMIN
2026-02-12 17:55:24,526 - SpareERP - INFO - User authenticated as ADMIN. Launching Main Window.
2026-02-12 17:55:24,528 - SpareERP - INFO - Initializing MainWindow...
2026-02-12 17:55:24,623 - SpareERP - INFO - Lazy loading page: Dashboard
2026-02-12 17:55:24,726 - SpareERP - INFO - AI Cache: 222 vehicle models, 361 part keywords
2026-02-12 17:55:26,955 - SpareERP - INFO - Lazy loading page: Inventory
2026-02-12 17:55:27,269 - SpareERP - INFO - Initializing InventoryPage...
2026-02-12 17:55:27,294 - SpareERP - INFO - InventoryPage Initialized Successfully.
2026-02-12 17:55:42,898 - SpareERP - INFO - Lazy loading page: Billing
2026-02-12 17:56:02,317 - SpareERP - INFO - Lazy loading page: Reports
2026-02-12 17:56:20,077 - SpareERP - INFO - Lazy loading page: Expenses
2026-02-12 17:56:20,094 - SpareERP - INFO - AI Cache: 222 vehicle models, 361 part keywords
2026-02-12 17:56:20,105 - SpareERP - INFO - Query all expenses: 6 found
2026-02-12 17:56:20,105 - SpareERP - INFO - Querying ALL expenses
2026-02-12 17:56:20,105 - SpareERP - INFO - Found 6 expense entries
2026-02-12 17:56:20,106 - SpareERP - INFO - Loading 6 expenses
2026-02-12 17:56:36,062 - SpareERP - INFO - Expense added: Tea, 15.0
2026-02-12 17:56:36,064 - SpareERP - INFO - Query all expenses: 7 found
2026-02-12 17:56:36,065 - SpareERP - INFO - Querying ALL expenses
2026-02-12 17:56:36,065 - SpareERP - INFO - Found 7 expense entries
2026-02-12 17:56:36,072 - SpareERP - INFO - Loading 7 expenses
2026-02-12 17:56:53,177 - SpareERP - INFO - Expense added: Petrol, 200.0
2026-02-12 17:56:53,179 - SpareERP - INFO - Query all expenses: 8 found
2026-02-12 17:56:53,180 - SpareERP - INFO - Querying ALL expenses
2026-02-12 17:56:53,180 - SpareERP - INFO - Found 8 expense entries
2026-02-12 17:56:53,187 - SpareERP - INFO - Loading 8 expenses
2026-02-12 17:57:13,387 - SpareERP - INFO - Lazy loading page: Access
2026-02-12 17:59:34,863 - SpareERP - INFO - Application starting...
2026-02-12 17:59:36,641 - SpareERP - INFO - Database initialized at c:\Users\Admin\Desktop\spare_ERP\data\spareparts_pro.db
2026-02-12 17:59:36,649 - SpareERP - INFO - Launching Login Window...
2026-02-12 18:00:02,454 - SpareERP - INFO - User admin logged in successfully
2026-02-12 18:00:07,495 - SpareERP - ERROR - Error logging activity: database is locked
2026-02-12 18:00:07,497 - SpareERP - INFO - Login success signal received. Role: ADMIN
2026-02-12 18:00:07,512 - SpareERP - INFO - User authenticated as ADMIN. Launching Main Window.
2026-02-12 18:00:07,515 - SpareERP - INFO - Initializing MainWindow...
2026-02-12 18:00:07,624 - SpareERP - INFO - Lazy loading page: Dashboard
2026-02-12 18:00:07,729 - SpareERP - INFO - AI Cache: 222 vehicle models, 361 part keywords
2026-02-12 18:00:09,969 - SpareERP - INFO - Lazy loading page: Reports
2026-02-12 18:00:10,651 - SpareERP - INFO - Lazy loading page: Inventory
2026-02-12 18:00:10,940 - SpareERP - INFO - Initializing InventoryPage...
2026-02-12 18:00:10,961 - SpareERP - INFO - InventoryPage Initialized Successfully.
2026-02-12 18:00:32,260 - SpareERP - WARNING - Duplicate part entry attempted: M1080540
2026-02-12 18:00:33,697 - SpareERP - ERROR - Error adding part: tuple indices must be integers or slices, not str
2026-02-12 18:01:25,748 - SpareERP - INFO - Lazy loading page: Access
2026-02-12 18:01:26,890 - SpareERP - INFO - Lazy loading page: Expenses
2026-02-12 18:01:26,902 - SpareERP - INFO - AI Cache: 222 vehicle models, 361 part keywords
2026-02-12 18:01:26,911 - SpareERP - INFO - Query all expenses: 8 found
2026-02-12 18:01:26,912 - SpareERP - INFO - Querying ALL expenses
2026-02-12 18:01:26,912 - SpareERP - INFO - Found 8 expense entries
2026-02-12 18:01:26,912 - SpareERP - INFO - Loading 8 expenses
2026-02-12 18:02:04,473 - SpareERP - INFO - Lazy loading page: Billing
2026-02-12 18:02:20,708 - SpareERP - INFO - AI Query: xl 100 air filter
2026-02-12 18:02:38,874 - SpareERP - ERROR - Error generating purchase list: 'InventoryPage' object has no attribute 'get_selected_items'
2026-02-12 18:03:06,223 - SpareERP - ERROR - Error generating purchase list: 'InventoryPage' object has no attribute 'get_selected_items'
2026-02-12 18:03:15,465 - SpareERP - ERROR - Error generating purchase list: 'InventoryPage' object has no attribute 'get_selected_items'
2026-02-12 18:05:26,964 - SpareERP - INFO - Application starting...
2026-02-12 18:05:28,815 - SpareERP - INFO - Database initialized at c:\Users\Admin\Desktop\spare_ERP\data\spareparts_pro.db
2026-02-12 18:05:28,821 - SpareERP - INFO - Launching Login Window...
2026-02-12 18:05:36,652 - SpareERP - INFO - User admin logged in successfully
2026-02-12 18:05:41,692 - SpareERP - ERROR - Error logging activity: database is locked
2026-02-12 18:05:41,694 - SpareERP - INFO - Login success signal received. Role: ADMIN
2026-02-12 18:05:41,708 - SpareERP - INFO - User authenticated as ADMIN. Launching Main Window.
2026-02-12 18:05:41,711 - SpareERP - INFO - Initializing MainWindow...
2026-02-12 18:05:41,814 - SpareERP - INFO - Lazy loading page: Dashboard
2026-02-12 18:05:41,913 - SpareERP - INFO - AI Cache: 222 vehicle models, 361 part keywords
2026-02-12 18:05:43,230 - SpareERP - INFO - Lazy loading page: Inventory
2026-02-12 18:05:43,516 - SpareERP - INFO - Initializing InventoryPage...
2026-02-12 18:05:43,539 - SpareERP - INFO - InventoryPage Initialized Successfully.
2026-02-12 18:07:07,301 - SpareERP - INFO - Updated last_ordered_date for 477 parts
2026-02-12 18:09:49,072 - SpareERP - INFO - Updated last_ordered_date for 477 parts
2026-02-12 18:10:44,722 - SpareERP - INFO - Updated last_ordered_date for 477 parts
2026-02-12 18:16:44,097 - SpareERP - INFO - Application starting...
2026-02-12 18:16:45,922 - SpareERP - INFO - Database initialized at c:\Users\Admin\Desktop\spare_ERP\data\spareparts_pro.db
2026-02-12 18:16:45,930 - SpareERP - INFO - Launching Login Window...
2026-02-12 18:16:54,030 - SpareERP - INFO - User admin logged in successfully
2026-02-12 18:16:59,075 - SpareERP - ERROR - Error logging activity: database is locked
2026-02-12 18:16:59,077 - SpareERP - INFO - Login success signal received. Role: ADMIN
2026-02-12 18:16:59,093 - SpareERP - INFO - User authenticated as ADMIN. Launching Main Window.
2026-02-12 18:16:59,096 - SpareERP - INFO - Initializing MainWindow...
2026-02-12 18:16:59,208 - SpareERP - INFO - Lazy loading page: Dashboard
2026-02-12 18:16:59,327 - SpareERP - INFO - AI Cache: 222 vehicle models, 361 part keywords
2026-02-12 18:17:00,889 - SpareERP - INFO - Lazy loading page: Inventory
2026-02-12 18:17:01,189 - SpareERP - INFO - Initializing InventoryPage...
2026-02-12 18:17:01,214 - SpareERP - INFO - InventoryPage Initialized Successfully.
2026-02-12 18:17:24,875 - SpareERP - INFO - Updated last_ordered_date for 4 parts
2026-02-12 18:32:46,589 - SpareERP - INFO - Application starting...
2026-02-12 18:32:48,402 - SpareERP - INFO - Database initialized at C:\Users\Admin\Desktop\spare_ERP\data\spareparts_pro.db
2026-02-12 18:32:48,411 - SpareERP - INFO - Launching Login Window...
2026-02-12 18:32:57,550 - SpareERP - INFO - User admin logged in successfully
2026-02-12 18:33:02,597 - SpareERP - ERROR - Error logging activity: database is locked
2026-02-12 18:33:02,598 - SpareERP - INFO - Login success signal received. Role: ADMIN
2026-02-12 18:33:02,606 - SpareERP - INFO - User authenticated as ADMIN. Launching Main Window.
2026-02-12 18:33:02,609 - SpareERP - INFO - Initializing MainWindow...
2026-02-12 18:33:02,708 - SpareERP - INFO - Lazy loading page: Dashboard
2026-02-12 18:33:02,816 - SpareERP - INFO - AI Cache: 222 vehicle models, 361 part keywords
2026-02-12 18:33:04,226 - SpareERP - INFO - Lazy loading page: Inventory
2026-02-12 18:33:04,758 - SpareERP - INFO - Initializing InventoryPage...
2026-02-12 18:33:04,764 - SpareERP - CRITICAL - Failed to initialize InventoryPage: 'InventoryPage' object has no attribute 'btn_purchase'
Traceback (most recent call last):
  File "C:\Users\Admin\Desktop\spare_ERP\inventory_page.py", line 780, in __init__
    self.setup_ui()
    ~~~~~~~~~~~~~^^
  File "C:\Users\Admin\Desktop\spare_ERP\inventory_page.py", line 859, in setup_ui
    self.btn_purchase.setCursor(Qt.CursorShape.PointingHandCursor)
    ^^^^^^^^^^^^^^^^^
AttributeError: 'InventoryPage' object has no attribute 'btn_purchase'
2026-02-12 18:35:57,054 - SpareERP - INFO - Application starting...
2026-02-12 18:35:58,882 - SpareERP - INFO - Database initialized at c:\Users\Admin\Desktop\spare_ERP\data\spareparts_pro.db
2026-02-12 18:35:58,888 - SpareERP - INFO - Launching Login Window...
2026-02-12 18:36:08,250 - SpareERP - INFO - User admin logged in successfully
2026-02-12 18:36:13,300 - SpareERP - ERROR - Error logging activity: database is locked
2026-02-12 18:36:13,301 - SpareERP - INFO - Login success signal received. Role: ADMIN
2026-02-12 18:36:13,308 - SpareERP - INFO - User authenticated as ADMIN. Launching Main Window.
2026-02-12 18:36:13,311 - SpareERP - INFO - Initializing MainWindow...
2026-02-12 18:36:13,391 - SpareERP - INFO - Lazy loading page: Dashboard
2026-02-12 18:36:13,505 - SpareERP - INFO - AI Cache: 222 vehicle models, 361 part keywords
2026-02-12 18:36:14,743 - SpareERP - INFO - Lazy loading page: Reports
2026-02-12 18:36:15,982 - SpareERP - INFO - Lazy loading page: Inventory
2026-02-12 18:36:16,260 - SpareERP - INFO - Initializing InventoryPage...
2026-02-12 18:36:16,263 - SpareERP - CRITICAL - Failed to initialize InventoryPage: 'InventoryPage' object has no attribute 'btn_purchase'
Traceback (most recent call last):
  File "c:\Users\Admin\Desktop\spare_ERP\inventory_page.py", line 780, in __init__
    self.setup_ui()
    ~~~~~~~~~~~~~^^
  File "c:\Users\Admin\Desktop\spare_ERP\inventory_page.py", line 859, in setup_ui
    self.btn_purchase.setCursor(Qt.CursorShape.PointingHandCursor)
    ^^^^^^^^^^^^^^^^^
AttributeError: 'InventoryPage' object has no attribute 'btn_purchase'
2026-02-12 18:36:23,519 - SpareERP - INFO - Lazy loading page: Billing
2026-02-13 09:52:00,767 - SpareERP - INFO - Application starting...
2026-02-13 09:52:03,446 - SpareERP - INFO - Database initialized at c:\Users\Admin\Desktop\spare_ERP\data\spareparts_pro.db
2026-02-13 09:52:03,451 - SpareERP - INFO - Launching Login Window...
2026-02-13 09:53:27,392 - SpareERP - INFO - User admin logged in successfully
2026-02-13 09:53:32,435 - SpareERP - ERROR - Error logging activity: database is locked
2026-02-13 09:53:32,437 - SpareERP - INFO - Login success signal received. Role: ADMIN
2026-02-13 09:53:32,449 - SpareERP - INFO - User authenticated as ADMIN. Launching Main Window.
2026-02-13 09:53:32,454 - SpareERP - INFO - Initializing MainWindow...
2026-02-13 09:53:32,555 - SpareERP - INFO - Lazy loading page: Dashboard
2026-02-13 09:53:32,714 - SpareERP - INFO - AI Cache: 222 vehicle models, 361 part keywords
2026-02-13 09:53:34,249 - SpareERP - INFO - Lazy loading page: Inventory
2026-02-13 09:53:34,665 - SpareERP - INFO - Initializing InventoryPage...
2026-02-13 09:53:34,708 - SpareERP - INFO - InventoryPage Initialized Successfully.
2026-02-13 09:58:04,817 - SpareERP - INFO - Migrated schema: Added added_by to parts table
2026-02-13 09:58:04,819 - SpareERP - INFO - Database initialized at test_spareparts.db
2026-02-13 09:58:04,821 - SpareERP - ERROR - Error adding part: name 'added_by' is not defined
2026-02-13 09:58:28,548 - SpareERP - INFO - Migrated schema: Added added_by to parts table
2026-02-13 09:58:28,549 - SpareERP - INFO - Database initialized at test_spareparts.db
2026-02-13 09:58:28,555 - SpareERP - INFO - Part added: P001 - Brake Pad by System
2026-02-13 09:58:28,564 - SpareERP - INFO - Created PO PO-20260213-001 for Test Supplier
2026-02-13 09:58:28,569 - SpareERP - INFO - GRN Update: Added 15 to Brake Pad (New Total: 25)
2026-02-13 09:58:28,580 - SpareERP - INFO - GRN Update: Added 5 to Brake Pad (New Total: 30)
2026-02-13 09:58:28,580 - SpareERP - WARNING - GRN Warning: Part 'Oil Filter' not found in inventory. Stock not updated.
2026-02-13 09:59:28,068 - SpareERP - INFO - Application starting...
2026-02-13 09:59:29,939 - SpareERP - INFO - Database initialized at c:\Users\Admin\Desktop\spare_ERP\data\spareparts_pro.db
2026-02-13 09:59:29,947 - SpareERP - INFO - Launching Login Window...
2026-02-13 09:59:39,324 - SpareERP - INFO - User admin logged in successfully
2026-02-13 09:59:44,374 - SpareERP - ERROR - Error logging activity: database is locked
2026-02-13 09:59:44,376 - SpareERP - INFO - Login success signal received. Role: ADMIN
2026-02-13 09:59:44,390 - SpareERP - INFO - User authenticated as ADMIN. Launching Main Window.
2026-02-13 09:59:44,394 - SpareERP - INFO - Initializing MainWindow...
2026-02-13 09:59:44,487 - SpareERP - INFO - Lazy loading page: Dashboard
2026-02-13 09:59:44,600 - SpareERP - INFO - AI Cache: 222 vehicle models, 361 part keywords
2026-02-13 09:59:50,326 - SpareERP - INFO - Lazy loading page: Billing
2026-02-13 09:59:51,751 - SpareERP - INFO - Lazy loading page: Inventory
2026-02-13 09:59:52,035 - SpareERP - INFO - Initializing InventoryPage...
2026-02-13 09:59:52,057 - SpareERP - INFO - InventoryPage Initialized Successfully.
2026-02-13 09:59:53,454 - SpareERP - INFO - Lazy loading page: PurchaseOrders
2026-02-13 09:59:53,522 - SpareERP - ERROR - Error fetching POs: no such column: order_date
2026-02-13 09:59:55,952 - SpareERP - ERROR - Error fetching POs: no such column: order_date
2026-02-13 10:00:47,568 - SpareERP - ERROR - Error fetching POs: no such column: order_date
2026-02-13 10:00:58,016 - SpareERP - INFO - Lazy loading page: Reports
2026-02-13 10:00:59,933 - SpareERP - INFO - Lazy loading page: Expenses
2026-02-13 10:00:59,946 - SpareERP - INFO - AI Cache: 222 vehicle models, 361 part keywords
2026-02-13 10:00:59,953 - SpareERP - INFO - Query all expenses: 8 found
2026-02-13 10:00:59,954 - SpareERP - INFO - Querying ALL expenses
2026-02-13 10:00:59,954 - SpareERP - INFO - Found 8 expense entries
2026-02-13 10:00:59,954 - SpareERP - INFO - Loading 8 expenses
2026-02-13 10:03:52,832 - SpareERP - ERROR - Error creating PO: no such column: order_date
2026-02-13 10:04:01,333 - SpareERP - ERROR - Error creating PO: no such column: order_date
2026-02-13 10:04:19,087 - SpareERP - ERROR - Error creating PO: no such column: order_date
2026-02-13 10:05:54,683 - SpareERP - INFO - Migrated schema: Added order_date to purchase_orders table
2026-02-13 10:05:54,687 - SpareERP - INFO - Migrated schema: Added supplier_name to purchase_orders table
2026-02-13 10:05:54,687 - SpareERP - INFO - Database initialized at C:\Users\Admin\Desktop\spare_ERP\data\spareparts_pro.db
2026-02-13 10:06:36,115 - SpareERP - INFO - Application starting...
2026-02-13 10:06:37,896 - SpareERP - INFO - Database initialized at c:\Users\Admin\Desktop\spare_ERP\data\spareparts_pro.db
2026-02-13 10:06:37,906 - SpareERP - INFO - Launching Login Window...
2026-02-13 10:06:46,304 - SpareERP - INFO - User admin logged in successfully
2026-02-13 10:06:51,349 - SpareERP - ERROR - Error logging activity: database is locked
2026-02-13 10:06:51,351 - SpareERP - INFO - Login success signal received. Role: ADMIN
2026-02-13 10:06:51,365 - SpareERP - INFO - User authenticated as ADMIN. Launching Main Window.
2026-02-13 10:06:51,367 - SpareERP - INFO - Initializing MainWindow...
2026-02-13 10:06:51,468 - SpareERP - INFO - Lazy loading page: Dashboard
2026-02-13 10:06:51,580 - SpareERP - INFO - AI Cache: 222 vehicle models, 361 part keywords
2026-02-13 10:06:53,083 - SpareERP - INFO - Lazy loading page: PurchaseOrders
2026-02-13 10:07:33,619 - SpareERP - INFO - Created PO PO-20260213-001 for M.H.
2026-02-13 10:08:55,598 - SpareERP - INFO - Application starting...
2026-02-13 10:08:57,377 - SpareERP - INFO - Database initialized at c:\Users\Admin\Desktop\spare_ERP\data\spareparts_pro.db
2026-02-13 10:08:57,383 - SpareERP - INFO - Launching Login Window...
2026-02-13 10:09:04,935 - SpareERP - INFO - User admin logged in successfully
2026-02-13 10:09:09,984 - SpareERP - ERROR - Error logging activity: database is locked
2026-02-13 10:09:09,986 - SpareERP - INFO - Login success signal received. Role: ADMIN
2026-02-13 10:09:10,003 - SpareERP - INFO - User authenticated as ADMIN. Launching Main Window.
2026-02-13 10:09:10,006 - SpareERP - INFO - Initializing MainWindow...
2026-02-13 10:09:10,105 - SpareERP - INFO - Lazy loading page: Dashboard
2026-02-13 10:09:10,224 - SpareERP - INFO - AI Cache: 222 vehicle models, 361 part keywords
2026-02-13 10:09:11,465 - SpareERP - INFO - Lazy loading page: PurchaseOrders
2026-02-13 10:09:36,579 - SpareERP - INFO - GRN Update: Added 1 to NUT CRANK SAHFT R (New Total: 11)
2026-02-13 10:09:36,579 - SpareERP - INFO - GRN Update: Added 1 to NEEDLE VALVE ASSEMBLY (New Total: 3)
2026-02-13 10:11:42,431 - SpareERP - INFO - Application starting...
2026-02-13 10:11:44,275 - SpareERP - INFO - Database initialized at c:\Users\Admin\Desktop\spare_ERP\data\spareparts_pro.db
2026-02-13 10:11:44,281 - SpareERP - INFO - Launching Login Window...
2026-02-13 10:11:53,678 - SpareERP - INFO - User admin logged in successfully
2026-02-13 10:11:58,726 - SpareERP - ERROR - Error logging activity: database is locked
2026-02-13 10:11:58,727 - SpareERP - INFO - Login success signal received. Role: ADMIN
2026-02-13 10:11:58,737 - SpareERP - INFO - User authenticated as ADMIN. Launching Main Window.
2026-02-13 10:11:58,739 - SpareERP - INFO - Initializing MainWindow...
2026-02-13 10:11:58,828 - SpareERP - INFO - Lazy loading page: Dashboard
2026-02-13 10:11:58,935 - SpareERP - INFO - AI Cache: 222 vehicle models, 361 part keywords
2026-02-13 10:12:00,112 - SpareERP - INFO - Lazy loading page: PurchaseOrders
2026-02-13 10:12:11,544 - SpareERP - INFO - Lazy loading page: Reports
2026-02-13 10:13:45,679 - SpareERP - INFO - Refreshing page at index 3
2026-02-13 10:47:31,720 - SpareERP - INFO - Application starting...
2026-02-13 10:47:33,594 - SpareERP - INFO - Migrated schema: Added last_cost to parts table
2026-02-13 10:47:33,594 - SpareERP - INFO - Database initialized at c:\Users\Admin\Desktop\spare_ERP\data\spareparts_pro.db
2026-02-13 10:47:33,604 - SpareERP - INFO - Launching Login Window...
2026-02-13 10:47:41,957 - SpareERP - INFO - User admin logged in successfully
2026-02-13 10:47:47,003 - SpareERP - ERROR - Error logging activity: database is locked
2026-02-13 10:47:47,005 - SpareERP - INFO - Login success signal received. Role: ADMIN
2026-02-13 10:47:47,018 - SpareERP - INFO - User authenticated as ADMIN. Launching Main Window.
2026-02-13 10:47:47,022 - SpareERP - INFO - Initializing MainWindow...
2026-02-13 10:47:47,112 - SpareERP - INFO - Lazy loading page: Dashboard
2026-02-13 10:47:47,283 - SpareERP - INFO - AI Cache: 222 vehicle models, 361 part keywords
2026-02-13 10:47:50,365 - SpareERP - INFO - Lazy loading page: Inventory
2026-02-13 10:47:50,651 - SpareERP - INFO - Initializing InventoryPage...
2026-02-13 10:47:50,654 - SpareERP - CRITICAL - Failed to initialize InventoryPage: 'InventoryPage' object has no attribute 'btn_purchase'
Traceback (most recent call last):
  File "c:\Users\Admin\Desktop\spare_ERP\inventory_page.py", line 623, in __init__
    self.setup_ui()
    ~~~~~~~~~~~~~^^
  File "c:\Users\Admin\Desktop\spare_ERP\inventory_page.py", line 702, in setup_ui
    self.btn_purchase.setCursor(Qt.CursorShape.PointingHandCursor)
    ^^^^^^^^^^^^^^^^^
AttributeError: 'InventoryPage' object has no attribute 'btn_purchase'
2026-02-13 10:48:54,217 - SpareERP - INFO - Application starting...
2026-02-13 10:48:55,992 - SpareERP - INFO - Database initialized at c:\Users\Admin\Desktop\spare_ERP\data\spareparts_pro.db
2026-02-13 10:48:55,998 - SpareERP - INFO - Launching Login Window...
2026-02-13 10:49:06,828 - SpareERP - INFO - User admin logged in successfully
2026-02-13 10:49:11,870 - SpareERP - ERROR - Error logging activity: database is locked
2026-02-13 10:49:11,872 - SpareERP - INFO - Login success signal received. Role: ADMIN
2026-02-13 10:49:11,887 - SpareERP - INFO - User authenticated as ADMIN. Launching Main Window.
2026-02-13 10:49:11,890 - SpareERP - INFO - Initializing MainWindow...
2026-02-13 10:49:11,993 - SpareERP - INFO - Lazy loading page: Dashboard
2026-02-13 10:49:12,091 - SpareERP - INFO - AI Cache: 222 vehicle models, 361 part keywords
2026-02-13 10:49:14,022 - SpareERP - INFO - Lazy loading page: Inventory
2026-02-13 10:49:14,302 - SpareERP - INFO - Initializing InventoryPage...
2026-02-13 10:49:14,326 - SpareERP - INFO - InventoryPage Initialized Successfully.
2026-02-13 10:50:10,453 - SpareERP - INFO - Application starting...
2026-02-13 10:50:12,260 - SpareERP - INFO - Database initialized at c:\Users\Admin\Desktop\spare_ERP\data\spareparts_pro.db
2026-02-13 10:50:12,267 - SpareERP - INFO - Launching Login Window...
2026-02-13 10:50:21,891 - SpareERP - INFO - User admin logged in successfully
2026-02-13 10:50:26,932 - SpareERP - ERROR - Error logging activity: database is locked
2026-02-13 10:50:26,933 - SpareERP - INFO - Login success signal received. Role: ADMIN
2026-02-13 10:50:26,947 - SpareERP - INFO - User authenticated as ADMIN. Launching Main Window.
2026-02-13 10:50:26,950 - SpareERP - INFO - Initializing MainWindow...
2026-02-13 10:50:27,046 - SpareERP - INFO - Lazy loading page: Dashboard
2026-02-13 10:50:27,143 - SpareERP - INFO - AI Cache: 222 vehicle models, 361 part keywords
2026-02-13 10:50:34,810 - SpareERP - INFO - Lazy loading page: Orders
2026-02-13 10:50:38,464 - SpareERP - INFO - Lazy loading page: Expenses
2026-02-13 10:50:38,483 - SpareERP - INFO - AI Cache: 222 vehicle models, 361 part keywords
2026-02-13 10:50:38,499 - SpareERP - INFO - Query all expenses: 8 found
2026-02-13 10:50:38,501 - SpareERP - INFO - Querying ALL expenses
2026-02-13 10:50:38,501 - SpareERP - INFO - Found 8 expense entries
2026-02-13 10:50:38,502 - SpareERP - INFO - Loading 8 expenses
2026-02-13 10:50:39,904 - SpareERP - INFO - Lazy loading page: Reports
2026-02-13 10:50:40,694 - SpareERP - INFO - Lazy loading page: Inventory
2026-02-13 10:50:40,695 - SpareERP - INFO - Initializing InventoryPage...
2026-02-13 10:50:40,736 - SpareERP - INFO - InventoryPage Initialized Successfully.
2026-02-13 10:51:11,419 - SpareERP - INFO - Application starting...
2026-02-13 10:51:13,179 - SpareERP - INFO - Database initialized at c:\Users\Admin\Desktop\spare_ERP\data\spareparts_pro.db
2026-02-13 10:51:13,184 - SpareERP - INFO - Launching Login Window...
2026-02-13 10:51:22,499 - SpareERP - INFO - User admin logged in successfully
2026-02-13 10:51:27,542 - SpareERP - ERROR - Error logging activity: database is locked
2026-02-13 10:51:27,543 - SpareERP - INFO - Login success signal received. Role: ADMIN
2026-02-13 10:51:27,549 - SpareERP - INFO - User authenticated as ADMIN. Launching Main Window.
2026-02-13 10:51:27,551 - SpareERP - INFO - Initializing MainWindow...
2026-02-13 10:51:27,644 - SpareERP - INFO - Lazy loading page: Dashboard
2026-02-13 10:51:27,753 - SpareERP - INFO - AI Cache: 222 vehicle models, 361 part keywords
2026-02-13 10:51:29,300 - SpareERP - INFO - Lazy loading page: Inventory
2026-02-13 10:51:29,597 - SpareERP - INFO - Initializing InventoryPage...
2026-02-13 10:51:29,621 - SpareERP - INFO - InventoryPage Initialized Successfully.
2026-02-13 10:51:55,351 - SpareERP - INFO - Lazy loading page: Orders
2026-02-13 10:51:57,988 - SpareERP - ERROR - Error fetching open PO items: no such column: pi.part_id
2026-02-13 10:51:59,668 - SpareERP - ERROR - Error fetching open PO items: no such column: pi.part_id
2026-02-13 10:52:19,592 - SpareERP - ERROR - Error fetching open PO items: no such column: pi.part_id
2026-02-13 10:52:21,307 - SpareERP - ERROR - Error fetching open PO items: no such column: pi.part_id
2026-02-13 10:52:30,012 - SpareERP - WARNING - Current page (index 6) does not have a load_data method
2026-02-13 10:54:17,803 - SpareERP - WARNING - Current page (index 6) does not have a load_data method
2026-02-13 10:56:58,437 - SpareERP - INFO - Application starting...
2026-02-13 10:57:00,184 - SpareERP - INFO - Database initialized at c:\Users\Admin\Desktop\spare_ERP\data\spareparts_pro.db
2026-02-13 10:57:00,189 - SpareERP - INFO - Launching Login Window...
2026-02-13 10:57:18,544 - SpareERP - INFO - User admin logged in successfully
2026-02-13 10:57:23,585 - SpareERP - ERROR - Error logging activity: database is locked
2026-02-13 10:57:23,587 - SpareERP - INFO - Login success signal received. Role: ADMIN
2026-02-13 10:57:23,605 - SpareERP - INFO - User authenticated as ADMIN. Launching Main Window.
2026-02-13 10:57:23,612 - SpareERP - INFO - Initializing MainWindow...
2026-02-13 10:57:23,704 - SpareERP - INFO - Lazy loading page: Dashboard
2026-02-13 10:57:23,810 - SpareERP - INFO - AI Cache: 222 vehicle models, 361 part keywords
2026-02-13 10:57:25,538 - SpareERP - INFO - Lazy loading page: Orders
2026-02-13 10:58:54,400 - SpareERP - ERROR - Error creating PO: table po_items has no column named part_id
2026-02-13 11:00:13,719 - SpareERP - ERROR - Error fetching open PO items: no such column: pi.part_id
2026-02-13 11:00:15,356 - SpareERP - ERROR - Error fetching open PO items: no such column: pi.part_id
2026-02-13 11:00:18,454 - SpareERP - ERROR - Error creating PO: table po_items has no column named part_id
2026-02-13 11:00:48,285 - SpareERP - INFO - Application starting...
2026-02-13 11:00:49,459 - SpareERP - CRITICAL - Unhandled exception in main loop: unexpected indent (database_manager.py, line 76)
Traceback (most recent call last):
  File "c:\Users\Admin\Desktop\spare_ERP\main.py", line 86, in main
    from database_manager import DatabaseManager
  File "c:\Users\Admin\Desktop\spare_ERP\database_manager.py", line 76
    if col not in user_columns:
IndentationError: unexpected indent
2026-02-13 11:01:31,913 - SpareERP - INFO - Application starting...
2026-02-13 11:01:33,720 - SpareERP - INFO - Migrated schema: Added part_id to po_items table
2026-02-13 11:01:33,720 - SpareERP - INFO - Database initialized at c:\Users\Admin\Desktop\spare_ERP\data\spareparts_pro.db
2026-02-13 11:01:33,726 - SpareERP - INFO - Launching Login Window...
2026-02-13 11:01:41,391 - SpareERP - INFO - User admin logged in successfully
2026-02-13 11:01:46,444 - SpareERP - ERROR - Error logging activity: database is locked
2026-02-13 11:01:46,446 - SpareERP - INFO - Login success signal received. Role: ADMIN
2026-02-13 11:01:46,460 - SpareERP - INFO - User authenticated as ADMIN. Launching Main Window.
2026-02-13 11:01:46,464 - SpareERP - INFO - Initializing MainWindow...
2026-02-13 11:01:46,561 - SpareERP - INFO - Lazy loading page: Dashboard
2026-02-13 11:01:46,674 - SpareERP - INFO - AI Cache: 222 vehicle models, 361 part keywords
2026-02-13 11:01:48,664 - SpareERP - INFO - Lazy loading page: Orders
2026-02-13 11:05:25,894 - SpareERP - INFO - Lazy loading page: Inventory
2026-02-13 11:05:25,895 - SpareERP - INFO - Initializing InventoryPage...
2026-02-13 11:05:25,939 - SpareERP - INFO - InventoryPage Initialized Successfully.
2026-02-13 11:06:06,919 - SpareERP - INFO - Application starting...
2026-02-13 11:06:08,719 - SpareERP - INFO - Database initialized at c:\Users\Admin\Desktop\spare_ERP\data\spareparts_pro.db
2026-02-13 11:06:08,729 - SpareERP - INFO - Launching Login Window...
2026-02-13 11:06:17,339 - SpareERP - INFO - User admin logged in successfully
2026-02-13 11:06:22,384 - SpareERP - ERROR - Error logging activity: database is locked
2026-02-13 11:06:22,386 - SpareERP - INFO - Login success signal received. Role: ADMIN
2026-02-13 11:06:22,400 - SpareERP - INFO - User authenticated as ADMIN. Launching Main Window.
2026-02-13 11:06:22,402 - SpareERP - INFO - Initializing MainWindow...
2026-02-13 11:06:22,499 - SpareERP - INFO - Lazy loading page: Dashboard
2026-02-13 11:06:22,601 - SpareERP - INFO - AI Cache: 222 vehicle models, 361 part keywords
2026-02-13 11:06:24,413 - SpareERP - INFO - Lazy loading page: Inventory
2026-02-13 11:06:24,694 - SpareERP - INFO - Initializing InventoryPage...
2026-02-13 11:06:24,718 - SpareERP - INFO - InventoryPage Initialized Successfully.
2026-02-13 11:06:30,123 - SpareERP - ERROR - Failed to load PurchaseOrderPage: unexpected indent (purchase_order_page.py, line 1)
2026-02-13 11:06:33,323 - SpareERP - ERROR - Failed to load PurchaseOrderPage: unexpected indent (purchase_order_page.py, line 1)
2026-02-13 11:06:35,941 - SpareERP - INFO - Lazy loading page: Orders
2026-02-13 11:07:45,398 - SpareERP - INFO - Application starting...
2026-02-13 11:07:47,167 - SpareERP - INFO - Database initialized at c:\Users\Admin\Desktop\spare_ERP\data\spareparts_pro.db
2026-02-13 11:07:47,172 - SpareERP - INFO - Launching Login Window...
2026-02-13 11:07:56,162 - SpareERP - INFO - User admin logged in successfully
2026-02-13 11:08:01,203 - SpareERP - ERROR - Error logging activity: database is locked
2026-02-13 11:08:01,205 - SpareERP - INFO - Login success signal received. Role: ADMIN
2026-02-13 11:08:01,220 - SpareERP - INFO - User authenticated as ADMIN. Launching Main Window.
2026-02-13 11:08:01,223 - SpareERP - INFO - Initializing MainWindow...
2026-02-13 11:08:01,338 - SpareERP - INFO - Lazy loading page: Dashboard
2026-02-13 11:08:01,469 - SpareERP - INFO - AI Cache: 222 vehicle models, 361 part keywords
2026-02-13 11:08:05,720 - SpareERP - INFO - Lazy loading page: Orders
2026-02-13 11:09:09,930 - SpareERP - INFO - Application starting...
2026-02-13 11:09:11,733 - SpareERP - INFO - Database initialized at c:\Users\Admin\Desktop\spare_ERP\data\spareparts_pro.db
2026-02-13 11:09:11,742 - SpareERP - INFO - Launching Login Window...
2026-02-13 11:09:22,274 - SpareERP - INFO - User admin logged in successfully
2026-02-13 11:09:27,328 - SpareERP - ERROR - Error logging activity: database is locked
2026-02-13 11:09:27,330 - SpareERP - INFO - Login success signal received. Role: ADMIN
2026-02-13 11:09:27,345 - SpareERP - INFO - User authenticated as ADMIN. Launching Main Window.
2026-02-13 11:09:27,347 - SpareERP - INFO - Initializing MainWindow...
2026-02-13 11:09:27,452 - SpareERP - INFO - Lazy loading page: Dashboard
2026-02-13 11:09:27,556 - SpareERP - INFO - AI Cache: 222 vehicle models, 361 part keywords
2026-02-13 11:09:29,294 - SpareERP - INFO - Lazy loading page: Inventory
2026-02-13 11:09:29,608 - SpareERP - INFO - Initializing InventoryPage...
2026-02-13 11:09:29,633 - SpareERP - INFO - InventoryPage Initialized Successfully.
2026-02-13 11:09:35,373 - SpareERP - ERROR - Error navigating to PO Page: 'QComboBox' object has no attribute 'text'
2026-02-13 11:10:54,640 - SpareERP - INFO - Application starting...
2026-02-13 11:10:56,442 - SpareERP - INFO - Database initialized at c:\Users\Admin\Desktop\spare_ERP\data\spareparts_pro.db
2026-02-13 11:10:56,447 - SpareERP - INFO - Launching Login Window...
2026-02-13 11:13:10,632 - SpareERP - INFO - User admin logged in successfully
2026-02-13 11:13:15,674 - SpareERP - ERROR - Error logging activity: database is locked
2026-02-13 11:13:15,676 - SpareERP - INFO - Login success signal received. Role: ADMIN
2026-02-13 11:13:15,685 - SpareERP - INFO - User authenticated as ADMIN. Launching Main Window.
2026-02-13 11:13:15,688 - SpareERP - INFO - Initializing MainWindow...
2026-02-13 11:13:15,782 - SpareERP - INFO - Lazy loading page: Dashboard
2026-02-13 11:13:15,874 - SpareERP - INFO - AI Cache: 222 vehicle models, 361 part keywords
2026-02-13 11:14:39,562 - SpareERP - INFO - Lazy loading page: Inventory
2026-02-13 11:14:39,839 - SpareERP - INFO - Initializing InventoryPage...
2026-02-13 11:14:39,864 - SpareERP - INFO - InventoryPage Initialized Successfully.
2026-02-13 11:15:02,698 - SpareERP - INFO - Created PO PO-1770961502 with 4 items
2026-02-13 11:15:36,107 - SpareERP - INFO - Received item 4: 10 @ 50.0
2026-02-13 11:22:56,637 - SpareERP - INFO - Application starting...
2026-02-13 11:22:58,457 - SpareERP - INFO - Database initialized at c:\Users\Admin\Desktop\spare_ERP\data\spareparts_pro.db
2026-02-13 11:22:58,462 - SpareERP - INFO - Launching Login Window...
2026-02-13 11:23:06,051 - SpareERP - INFO - User admin logged in successfully
2026-02-13 11:23:11,100 - SpareERP - ERROR - Error logging activity: database is locked
2026-02-13 11:23:11,102 - SpareERP - INFO - Login success signal received. Role: ADMIN
2026-02-13 11:23:11,116 - SpareERP - INFO - User authenticated as ADMIN. Launching Main Window.
2026-02-13 11:23:11,119 - SpareERP - INFO - Initializing MainWindow...
2026-02-13 11:23:11,224 - SpareERP - INFO - Lazy loading page: Dashboard
2026-02-13 11:23:11,341 - SpareERP - INFO - AI Cache: 222 vehicle models, 361 part keywords
2026-02-13 11:23:16,805 - SpareERP - INFO - Lazy loading page: Inventory
2026-02-13 11:23:17,093 - SpareERP - INFO - Initializing InventoryPage...
2026-02-13 11:23:17,118 - SpareERP - INFO - InventoryPage Initialized Successfully.
2026-02-13 11:23:18,861 - SpareERP - INFO - Lazy loading page: Orders
2026-02-13 11:24:59,059 - SpareERP - INFO - Application starting...
2026-02-13 11:25:00,839 - SpareERP - INFO - Database initialized at c:\Users\Admin\Desktop\spare_ERP\data\spareparts_pro.db
2026-02-13 11:25:00,844 - SpareERP - INFO - Launching Login Window...
2026-02-13 11:25:10,226 - SpareERP - INFO - User admin logged in successfully
2026-02-13 11:25:15,273 - SpareERP - ERROR - Error logging activity: database is locked
2026-02-13 11:25:15,275 - SpareERP - INFO - Login success signal received. Role: ADMIN
2026-02-13 11:25:15,289 - SpareERP - INFO - User authenticated as ADMIN. Launching Main Window.
2026-02-13 11:25:15,292 - SpareERP - INFO - Initializing MainWindow...
2026-02-13 11:25:15,396 - SpareERP - INFO - Lazy loading page: Dashboard
2026-02-13 11:25:15,510 - SpareERP - INFO - AI Cache: 222 vehicle models, 361 part keywords
2026-02-13 11:25:20,457 - SpareERP - INFO - Lazy loading page: Orders
2026-02-13 11:27:52,077 - SpareERP - INFO - Application starting...
2026-02-13 11:27:53,827 - SpareERP - INFO - Database initialized at c:\Users\Admin\Desktop\spare_ERP\data\spareparts_pro.db
2026-02-13 11:27:53,832 - SpareERP - INFO - Launching Login Window...
2026-02-13 11:29:11,568 - SpareERP - INFO - User admin logged in successfully
2026-02-13 11:29:16,604 - SpareERP - ERROR - Error logging activity: database is locked
2026-02-13 11:29:16,606 - SpareERP - INFO - Login success signal received. Role: ADMIN
2026-02-13 11:29:16,618 - SpareERP - INFO - User authenticated as ADMIN. Launching Main Window.
2026-02-13 11:29:16,621 - SpareERP - INFO - Initializing MainWindow...
2026-02-13 11:29:16,711 - SpareERP - INFO - Lazy loading page: Dashboard
2026-02-13 11:29:16,808 - SpareERP - INFO - AI Cache: 222 vehicle models, 361 part keywords
2026-02-13 11:29:22,418 - SpareERP - INFO - Lazy loading page: Orders
2026-02-13 11:33:01,571 - SpareERP - INFO - Application starting...
2026-02-13 11:33:07,119 - SpareERP - INFO - Database initialized at c:\Users\Admin\Desktop\spare_ERP\data\spareparts_pro.db
2026-02-13 11:33:07,126 - SpareERP - INFO - Launching Login Window...
2026-02-13 11:33:16,663 - SpareERP - INFO - User admin logged in successfully
2026-02-13 11:33:21,708 - SpareERP - ERROR - Error logging activity: database is locked
2026-02-13 11:33:21,710 - SpareERP - INFO - Login success signal received. Role: ADMIN
2026-02-13 11:33:21,724 - SpareERP - INFO - User authenticated as ADMIN. Launching Main Window.
2026-02-13 11:33:21,734 - SpareERP - INFO - Initializing MainWindow...
2026-02-13 11:33:21,850 - SpareERP - INFO - Lazy loading page: Dashboard
2026-02-13 11:33:22,487 - SpareERP - INFO - AI Cache: 222 vehicle models, 361 part keywords
2026-02-13 11:33:23,818 - SpareERP - INFO - Lazy loading page: Inventory
2026-02-13 11:33:24,313 - SpareERP - INFO - Initializing InventoryPage...
2026-02-13 11:33:24,362 - SpareERP - INFO - InventoryPage Initialized Successfully.
2026-02-13 11:33:25,363 - SpareERP - INFO - Lazy loading page: Orders
2026-02-13 11:34:07,722 - SpareERP - INFO - Lazy loading page: Expenses
2026-02-13 11:34:07,745 - SpareERP - INFO - AI Cache: 222 vehicle models, 361 part keywords
2026-02-13 11:34:07,757 - SpareERP - INFO - Query all expenses: 8 found
2026-02-13 11:34:07,757 - SpareERP - INFO - Querying ALL expenses
2026-02-13 11:34:07,758 - SpareERP - INFO - Found 8 expense entries
2026-02-13 11:34:07,758 - SpareERP - INFO - Loading 8 expenses
2026-02-13 11:34:39,581 - SpareERP - INFO - Received item 6: 10 @ 260.0
2026-02-13 11:34:45,265 - SpareERP - INFO - Refreshing page at index 2
2026-02-13 11:34:49,945 - SpareERP - INFO - Refreshing page at index 2
2026-02-13 11:34:50,241 - SpareERP - INFO - Refreshing page at index 2
2026-02-13 11:34:50,641 - SpareERP - INFO - Refreshing page at index 2
2026-02-13 11:44:01,536 - SpareERP - INFO - Application starting...
2026-02-13 11:44:03,362 - SpareERP - INFO - Migrated schema: Added received_cost to po_items table
2026-02-13 11:44:03,363 - SpareERP - INFO - Database initialized at c:\Users\Admin\Desktop\spare_ERP\data\spareparts_pro.db
2026-02-13 11:44:03,373 - SpareERP - INFO - Launching Login Window...
2026-02-13 11:44:17,099 - SpareERP - INFO - User admin logged in successfully
2026-02-13 11:44:22,144 - SpareERP - ERROR - Error logging activity: database is locked
2026-02-13 11:44:22,146 - SpareERP - INFO - Login success signal received. Role: ADMIN
2026-02-13 11:44:22,159 - SpareERP - INFO - User authenticated as ADMIN. Launching Main Window.
2026-02-13 11:44:22,163 - SpareERP - INFO - Initializing MainWindow...
2026-02-13 11:44:22,259 - SpareERP - INFO - Lazy loading page: Dashboard
2026-02-13 11:44:22,421 - SpareERP - INFO - AI Cache: 222 vehicle models, 361 part keywords
2026-02-13 11:44:52,709 - SpareERP - INFO - Lazy loading page: Inventory
2026-02-13 11:44:52,980 - SpareERP - INFO - Initializing InventoryPage...
2026-02-13 11:44:53,004 - SpareERP - INFO - InventoryPage Initialized Successfully.
2026-02-13 11:44:58,797 - SpareERP - INFO - Lazy loading page: Orders
2026-02-13 11:46:06,566 - SpareERP - INFO - Received item 7: 10 @ 155.0
2026-02-13 11:49:55,675 - SpareERP - INFO - Refreshing page at index 2
2026-02-13 11:49:57,875 - SpareERP - INFO - Refreshing page at index 2
2026-02-13 11:49:58,643 - SpareERP - INFO - Refreshing page at index 2
2026-02-13 11:57:16,308 - SpareERP - INFO - Application starting...
2026-02-13 11:57:18,128 - SpareERP - INFO - Database initialized at c:\Users\Admin\Desktop\spare_ERP\data\spareparts_pro.db
2026-02-13 11:57:18,134 - SpareERP - INFO - Launching Login Window...
2026-02-13 11:57:44,804 - SpareERP - INFO - User admin logged in successfully
2026-02-13 11:57:49,849 - SpareERP - ERROR - Error logging activity: database is locked
2026-02-13 11:57:49,851 - SpareERP - INFO - Login success signal received. Role: ADMIN
2026-02-13 11:57:49,867 - SpareERP - INFO - User authenticated as ADMIN. Launching Main Window.
2026-02-13 11:57:49,870 - SpareERP - INFO - Initializing MainWindow...
2026-02-13 11:57:49,961 - SpareERP - INFO - Lazy loading page: Dashboard
2026-02-13 11:57:50,070 - SpareERP - INFO - AI Cache: 222 vehicle models, 361 part keywords
2026-02-13 11:58:42,264 - SpareERP - INFO - Lazy loading page: Orders
2026-02-13 11:59:38,184 - SpareERP - INFO - Lazy loading page: Inventory
2026-02-13 11:59:38,184 - SpareERP - INFO - Initializing InventoryPage...
2026-02-13 11:59:38,204 - SpareERP - INFO - InventoryPage Initialized Successfully.
2026-02-13 12:00:12,194 - SpareERP - INFO - Received item 5: 10 @ 1500.0
2026-02-13 12:00:31,425 - SpareERP - INFO - Refreshing page at index 2
2026-02-13 12:01:18,514 - SpareERP - ERROR - Error deleting part TEST-002: FOREIGN KEY constraint failed
2026-02-13 12:01:43,478 - SpareERP - INFO - Lazy loading page: Reports
2026-02-13 12:01:48,403 - SpareERP - ERROR - Error deleting part TEST-002: FOREIGN KEY constraint failed
2026-02-13 12:03:05,675 - SpareERP - ERROR - Error deleting part TEST-002: FOREIGN KEY constraint failed
2026-02-13 12:03:07,781 - SpareERP - INFO - Refreshing page at index 2
2026-02-13 12:03:08,294 - SpareERP - INFO - Refreshing page at index 2
2026-02-13 12:03:08,655 - SpareERP - INFO - Refreshing page at index 2
2026-02-13 12:03:13,010 - SpareERP - ERROR - Error deleting part TEST-002: FOREIGN KEY constraint failed
2026-02-13 12:10:28,657 - SpareERP - INFO - Application starting...
2026-02-13 12:10:33,307 - SpareERP - INFO - Database initialized at c:\Users\Admin\Desktop\spare_ERP\data\spareparts_pro.db
2026-02-13 12:10:33,313 - SpareERP - INFO - Launching Login Window...
2026-02-13 12:10:58,342 - SpareERP - INFO - User admin logged in successfully
2026-02-13 12:11:03,385 - SpareERP - ERROR - Error logging activity: database is locked
2026-02-13 12:11:03,387 - SpareERP - INFO - Login success signal received. Role: ADMIN
2026-02-13 12:11:03,403 - SpareERP - INFO - User authenticated as ADMIN. Launching Main Window.
2026-02-13 12:11:03,406 - SpareERP - INFO - Initializing MainWindow...
2026-02-13 12:11:03,521 - SpareERP - INFO - Lazy loading page: Dashboard
2026-02-13 12:11:03,990 - SpareERP - INFO - AI Cache: 222 vehicle models, 361 part keywords
2026-02-13 12:11:05,611 - SpareERP - INFO - Lazy loading page: Inventory
2026-02-13 12:11:05,994 - SpareERP - INFO - Initializing InventoryPage...
2026-02-13 12:11:06,018 - SpareERP - INFO - InventoryPage Initialized Successfully.
2026-02-13 12:11:07,730 - SpareERP - INFO - Lazy loading page: Orders
2026-02-13 12:11:35,001 - SpareERP - INFO - Part deleted: TEST-002
2026-02-13 12:13:29,121 - SpareERP - INFO - Application starting...
2026-02-13 12:13:30,902 - SpareERP - INFO - Database initialized at c:\Users\Admin\Desktop\spare_ERP\data\spareparts_pro.db
2026-02-13 12:13:30,907 - SpareERP - INFO - Launching Login Window...
2026-02-13 12:13:40,205 - SpareERP - INFO - User admin logged in successfully
2026-02-13 12:13:45,249 - SpareERP - ERROR - Error logging activity: database is locked
2026-02-13 12:13:45,250 - SpareERP - INFO - Login success signal received. Role: ADMIN
2026-02-13 12:13:45,259 - SpareERP - INFO - User authenticated as ADMIN. Launching Main Window.
2026-02-13 12:13:45,262 - SpareERP - INFO - Initializing MainWindow...
2026-02-13 12:13:45,356 - SpareERP - INFO - Lazy loading page: Dashboard
2026-02-13 12:13:45,460 - SpareERP - INFO - AI Cache: 221 vehicle models, 360 part keywords
2026-02-13 12:13:52,396 - SpareERP - INFO - Lazy loading page: Orders
2026-02-13 12:15:06,925 - SpareERP - INFO - Created PO PO-1770965106 with 4 items
2026-02-13 12:15:39,129 - SpareERP - INFO - Lazy loading page: Inventory
2026-02-13 12:15:39,130 - SpareERP - INFO - Initializing InventoryPage...
2026-02-13 12:15:39,173 - SpareERP - INFO - InventoryPage Initialized Successfully.
2026-02-13 12:16:42,514 - SpareERP - INFO - Received item 8: 10 @ 40.0
2026-02-13 12:16:50,576 - SpareERP - INFO - Refreshing page at index 2
2026-02-13 12:19:27,882 - SpareERP - INFO - Received item 10: 10 @ 310.0
2026-02-13 12:19:33,071 - SpareERP - INFO - Refreshing page at index 2
2026-02-13 12:20:42,870 - SpareERP - INFO - Received item 9: 10 @ 30.0
2026-02-13 12:20:48,263 - SpareERP - INFO - Refreshing page at index 2
2026-02-13 12:31:12,280 - SpareERP - INFO - Received item 11: 10 @ 170.0
2026-02-13 12:31:16,843 - SpareERP - INFO - Refreshing page at index 2
2026-02-13 12:34:27,022 - SpareERP - INFO - Application starting...
2026-02-13 12:34:31,460 - SpareERP - INFO - Database initialized at c:\Users\Admin\Desktop\spare_ERP\data\spareparts_pro.db
2026-02-13 12:34:31,465 - SpareERP - INFO - Launching Login Window...
2026-02-13 12:34:47,220 - SpareERP - INFO - User admin logged in successfully
2026-02-13 12:34:52,269 - SpareERP - ERROR - Error logging activity: database is locked
2026-02-13 12:34:52,271 - SpareERP - INFO - Login success signal received. Role: ADMIN
2026-02-13 12:34:52,286 - SpareERP - INFO - User authenticated as ADMIN. Launching Main Window.
2026-02-13 12:34:52,290 - SpareERP - INFO - Initializing MainWindow...
2026-02-13 12:34:52,406 - SpareERP - INFO - Lazy loading page: Dashboard
2026-02-13 12:34:52,878 - SpareERP - INFO - AI Cache: 221 vehicle models, 360 part keywords
2026-02-13 12:34:54,760 - SpareERP - INFO - Lazy loading page: Orders
2026-02-13 12:36:04,439 - SpareERP - INFO - Created PO PO-1770966364 with 4 items
2026-02-13 12:36:26,953 - SpareERP - INFO - Lazy loading page: Inventory
2026-02-13 12:36:26,954 - SpareERP - INFO - Initializing InventoryPage...
2026-02-13 12:36:26,991 - SpareERP - INFO - InventoryPage Initialized Successfully.
2026-02-13 12:37:07,307 - SpareERP - INFO - Received item 12: 10 @ 180.0
2026-02-13 12:37:11,695 - SpareERP - INFO - Refreshing page at index 2
2026-02-13 12:40:10,795 - SpareERP - INFO - Application starting...
2026-02-13 12:40:12,607 - SpareERP - INFO - Database initialized at c:\Users\Admin\Desktop\spare_ERP\data\spareparts_pro.db
2026-02-13 12:40:12,612 - SpareERP - INFO - Launching Login Window...
2026-02-13 12:40:20,154 - SpareERP - INFO - User admin logged in successfully
2026-02-13 12:40:25,197 - SpareERP - ERROR - Error logging activity: database is locked
2026-02-13 12:40:25,198 - SpareERP - INFO - Login success signal received. Role: ADMIN
2026-02-13 12:40:25,204 - SpareERP - INFO - User authenticated as ADMIN. Launching Main Window.
2026-02-13 12:40:25,205 - SpareERP - INFO - Initializing MainWindow...
2026-02-13 12:40:25,295 - SpareERP - INFO - Lazy loading page: Dashboard
2026-02-13 12:40:25,398 - SpareERP - INFO - AI Cache: 221 vehicle models, 360 part keywords
2026-02-13 12:40:27,262 - SpareERP - INFO - Lazy loading page: Inventory
2026-02-13 12:40:27,553 - SpareERP - INFO - Initializing InventoryPage...
2026-02-13 12:40:27,578 - SpareERP - INFO - InventoryPage Initialized Successfully.
2026-02-13 12:40:29,558 - SpareERP - INFO - Lazy loading page: Orders
2026-02-13 12:41:29,033 - SpareERP - INFO - Received item 13: 10 @ 40.0
2026-02-13 12:41:32,992 - SpareERP - INFO - Refreshing page at index 2
2026-02-13 12:48:05,430 - SpareERP - INFO - Application starting...
2026-02-13 12:48:07,181 - SpareERP - INFO - Database initialized at c:\Users\Admin\Desktop\spare_ERP\data\spareparts_pro.db
2026-02-13 12:48:07,186 - SpareERP - INFO - Launching Login Window...
2026-02-13 12:48:16,191 - SpareERP - INFO - User admin logged in successfully
2026-02-13 12:48:21,230 - SpareERP - ERROR - Error logging activity: database is locked
2026-02-13 12:48:21,232 - SpareERP - INFO - Login success signal received. Role: ADMIN
2026-02-13 12:48:21,249 - SpareERP - INFO - User authenticated as ADMIN. Launching Main Window.
2026-02-13 12:48:21,251 - SpareERP - INFO - Initializing MainWindow...
2026-02-13 12:48:21,340 - SpareERP - INFO - Lazy loading page: Dashboard
2026-02-13 12:48:21,446 - SpareERP - INFO - AI Cache: 221 vehicle models, 360 part keywords
2026-02-13 12:48:30,598 - SpareERP - INFO - Lazy loading page: Inventory
2026-02-13 12:48:30,900 - SpareERP - INFO - Initializing InventoryPage...
2026-02-13 12:48:30,924 - SpareERP - INFO - InventoryPage Initialized Successfully.
2026-02-13 12:49:25,015 - SpareERP - INFO - Lazy loading page: Orders
2026-02-13 12:50:34,498 - SpareERP - INFO - Lazy loading page: Expenses
2026-02-13 12:50:34,510 - SpareERP - INFO - AI Cache: 221 vehicle models, 360 part keywords
2026-02-13 12:50:34,522 - SpareERP - INFO - Query all expenses: 8 found
2026-02-13 12:50:34,522 - SpareERP - INFO - Querying ALL expenses
2026-02-13 12:50:34,523 - SpareERP - INFO - Found 8 expense entries
2026-02-13 12:50:34,523 - SpareERP - INFO - Loading 8 expenses
2026-02-13 12:54:56,816 - SpareERP - INFO - Application starting...
2026-02-13 12:54:58,620 - SpareERP - INFO - Database initialized at c:\Users\Admin\Desktop\spare_ERP\data\spareparts_pro.db
2026-02-13 12:54:58,625 - SpareERP - INFO - Launching Login Window...
2026-02-13 12:55:06,956 - SpareERP - INFO - User admin logged in successfully
2026-02-13 12:55:12,000 - SpareERP - ERROR - Error logging activity: database is locked
2026-02-13 12:55:12,002 - SpareERP - INFO - Login success signal received. Role: ADMIN
2026-02-13 12:55:12,014 - SpareERP - INFO - User authenticated as ADMIN. Launching Main Window.
2026-02-13 12:55:12,016 - SpareERP - INFO - Initializing MainWindow...
2026-02-13 12:55:12,109 - SpareERP - INFO - Lazy loading page: Dashboard
2026-02-13 12:55:12,218 - SpareERP - INFO - AI Cache: 221 vehicle models, 360 part keywords
2026-02-13 12:55:16,001 - SpareERP - INFO - Lazy loading page: Expenses
2026-02-13 12:55:16,019 - SpareERP - INFO - AI Cache: 221 vehicle models, 360 part keywords
2026-02-13 12:55:16,027 - SpareERP - INFO - Query all expenses: 8 found
2026-02-13 12:55:16,027 - SpareERP - INFO - Querying ALL expenses
2026-02-13 12:55:16,028 - SpareERP - INFO - Found 8 expense entries
2026-02-13 12:55:16,028 - SpareERP - INFO - Loading 8 expenses
2026-02-13 12:55:16,053 - SpareERP - ERROR - Error getting daily expenses: name 'timedelta' is not defined
2026-02-13 12:55:26,160 - SpareERP - INFO - Expense added: Tea, 15.0
2026-02-13 12:55:26,162 - SpareERP - INFO - Query all expenses: 9 found
2026-02-13 12:55:26,162 - SpareERP - INFO - Querying ALL expenses
2026-02-13 12:55:26,163 - SpareERP - INFO - Found 9 expense entries
2026-02-13 12:55:26,172 - SpareERP - INFO - Loading 9 expenses
2026-02-13 12:55:26,207 - SpareERP - ERROR - Error getting daily expenses: name 'timedelta' is not defined
2026-02-13 12:55:28,342 - SpareERP - INFO - Expense added: Lunch, 120.0
2026-02-13 12:55:28,344 - SpareERP - INFO - Query all expenses: 10 found
2026-02-13 12:55:28,344 - SpareERP - INFO - Querying ALL expenses
2026-02-13 12:55:28,344 - SpareERP - INFO - Found 10 expense entries
2026-02-13 12:55:28,355 - SpareERP - INFO - Loading 10 expenses
2026-02-13 12:55:28,385 - SpareERP - ERROR - Error getting daily expenses: name 'timedelta' is not defined
2026-02-13 12:55:29,084 - SpareERP - INFO - Expense added: Petrol, 200.0
2026-02-13 12:55:29,086 - SpareERP - INFO - Query all expenses: 11 found
2026-02-13 12:55:29,087 - SpareERP - INFO - Querying ALL expenses
2026-02-13 12:55:29,087 - SpareERP - INFO - Found 11 expense entries
2026-02-13 12:55:29,098 - SpareERP - INFO - Loading 11 expenses
2026-02-13 12:55:29,131 - SpareERP - ERROR - Error getting daily expenses: name 'timedelta' is not defined
2026-02-13 12:55:29,928 - SpareERP - INFO - Expense added: Shop Repair, 500.0
2026-02-13 12:55:29,930 - SpareERP - INFO - Query all expenses: 12 found
2026-02-13 12:55:29,931 - SpareERP - INFO - Querying ALL expenses
2026-02-13 12:55:29,931 - SpareERP - INFO - Found 12 expense entries
2026-02-13 12:55:29,944 - SpareERP - INFO - Loading 12 expenses
2026-02-13 12:55:29,979 - SpareERP - ERROR - Error getting daily expenses: name 'timedelta' is not defined
2026-02-13 12:55:32,448 - SpareERP - INFO - Expense added: Shop Repair, 500.0
2026-02-13 12:55:32,450 - SpareERP - INFO - Query all expenses: 13 found
2026-02-13 12:55:32,450 - SpareERP - INFO - Querying ALL expenses
2026-02-13 12:55:32,450 - SpareERP - INFO - Found 13 expense entries
2026-02-13 12:55:32,464 - SpareERP - INFO - Loading 13 expenses
2026-02-13 12:55:32,502 - SpareERP - ERROR - Error getting daily expenses: name 'timedelta' is not defined
2026-02-13 12:55:35,827 - SpareERP - INFO - Refreshing page at index 4
2026-02-13 12:55:35,828 - SpareERP - INFO - Query all expenses: 13 found
2026-02-13 12:55:35,828 - SpareERP - INFO - Querying ALL expenses
2026-02-13 12:55:35,829 - SpareERP - INFO - Found 13 expense entries
2026-02-13 12:55:35,843 - SpareERP - INFO - Loading 13 expenses
2026-02-13 12:55:35,883 - SpareERP - ERROR - Error getting daily expenses: name 'timedelta' is not defined
2026-02-13 12:55:36,503 - SpareERP - INFO - Refreshing page at index 4
2026-02-13 12:55:36,505 - SpareERP - INFO - Query all expenses: 13 found
2026-02-13 12:55:36,505 - SpareERP - INFO - Querying ALL expenses
2026-02-13 12:55:36,505 - SpareERP - INFO - Found 13 expense entries
2026-02-13 12:55:36,520 - SpareERP - INFO - Loading 13 expenses
2026-02-13 12:55:36,557 - SpareERP - ERROR - Error getting daily expenses: name 'timedelta' is not defined
2026-02-13 12:56:07,089 - SpareERP - INFO - Lazy loading page: Access
2026-02-13 12:56:08,295 - SpareERP - INFO - Lazy loading page: Orders
2026-02-13 12:58:17,999 - SpareERP - INFO - Application starting...
2026-02-13 12:58:20,052 - SpareERP - INFO - Database initialized at c:\Users\Admin\Desktop\spare_ERP\data\spareparts_pro.db
2026-02-13 12:58:20,057 - SpareERP - INFO - Launching Login Window...
2026-02-13 12:59:04,839 - SpareERP - INFO - Migrated schema: Added added_by to parts table
2026-02-13 12:59:04,843 - SpareERP - INFO - Migrated schema: Added last_cost to parts table
2026-02-13 12:59:04,847 - SpareERP - INFO - Migrated schema: Added received_cost to po_items table
2026-02-13 12:59:04,847 - SpareERP - INFO - Database initialized at spareparts.db
2026-02-13 12:59:04,849 - SpareERP - ERROR - Error getting daily expenses: name 'timedelta' is not defined
2026-02-13 13:01:06,572 - SpareERP - INFO - Application starting...
2026-02-13 13:01:08,389 - SpareERP - INFO - Database initialized at c:\Users\Admin\Desktop\spare_ERP\data\spareparts_pro.db
2026-02-13 13:01:08,396 - SpareERP - INFO - Launching Login Window...
2026-02-13 13:01:17,265 - SpareERP - INFO - User admin logged in successfully
2026-02-13 13:01:22,308 - SpareERP - ERROR - Error logging activity: database is locked
2026-02-13 13:01:22,310 - SpareERP - INFO - Login success signal received. Role: ADMIN
2026-02-13 13:01:22,323 - SpareERP - INFO - User authenticated as ADMIN. Launching Main Window.
2026-02-13 13:01:22,326 - SpareERP - INFO - Initializing MainWindow...
2026-02-13 13:01:22,431 - SpareERP - INFO - Lazy loading page: Dashboard
2026-02-13 13:01:22,549 - SpareERP - INFO - AI Cache: 221 vehicle models, 360 part keywords
2026-02-13 13:01:27,141 - SpareERP - INFO - Lazy loading page: Expenses
2026-02-13 13:01:27,152 - SpareERP - INFO - AI Cache: 221 vehicle models, 360 part keywords
2026-02-13 13:01:27,165 - SpareERP - INFO - Query all expenses: 13 found
2026-02-13 13:01:27,165 - SpareERP - INFO - Querying ALL expenses
2026-02-13 13:01:27,165 - SpareERP - INFO - Found 13 expense entries
2026-02-13 13:01:27,166 - SpareERP - INFO - Loading 13 expenses
2026-02-13 13:01:54,212 - SpareERP - INFO - Expense added: Petrol, 200.0
2026-02-13 13:01:54,215 - SpareERP - INFO - Query all expenses: 14 found
2026-02-13 13:01:54,215 - SpareERP - INFO - Querying ALL expenses
2026-02-13 13:01:54,215 - SpareERP - INFO - Found 14 expense entries
2026-02-13 13:01:54,231 - SpareERP - INFO - Loading 14 expenses
2026-02-13 13:01:56,021 - SpareERP - INFO - Expense added: Petrol, 200.0
2026-02-13 13:01:56,023 - SpareERP - INFO - Query all expenses: 15 found
2026-02-13 13:01:56,023 - SpareERP - INFO - Querying ALL expenses
2026-02-13 13:01:56,024 - SpareERP - INFO - Found 15 expense entries
2026-02-13 13:01:56,038 - SpareERP - INFO - Loading 15 expenses
2026-02-13 13:01:57,277 - SpareERP - INFO - Expense added: Petrol, 200.0
2026-02-13 13:01:57,279 - SpareERP - INFO - Query all expenses: 16 found
2026-02-13 13:01:57,279 - SpareERP - INFO - Querying ALL expenses
2026-02-13 13:01:57,280 - SpareERP - INFO - Found 16 expense entries
2026-02-13 13:01:57,297 - SpareERP - INFO - Loading 16 expenses
2026-02-13 13:02:00,908 - SpareERP - INFO - Expense added: Petrol, 200.0
2026-02-13 13:02:00,911 - SpareERP - INFO - Query all expenses: 17 found
2026-02-13 13:02:00,911 - SpareERP - INFO - Querying ALL expenses
2026-02-13 13:02:00,911 - SpareERP - INFO - Found 17 expense entries
2026-02-13 13:02:00,929 - SpareERP - INFO - Loading 17 expenses
2026-02-13 13:02:01,852 - SpareERP - INFO - Expense added: Petrol, 200.0
2026-02-13 13:02:01,858 - SpareERP - INFO - Query all expenses: 18 found
2026-02-13 13:02:01,858 - SpareERP - INFO - Querying ALL expenses
2026-02-13 13:02:01,858 - SpareERP - INFO - Found 18 expense entries
2026-02-13 13:02:01,878 - SpareERP - INFO - Loading 18 expenses
2026-02-13 13:02:06,054 - SpareERP - INFO - Expense added: Tea, 15.0
2026-02-13 13:02:06,056 - SpareERP - INFO - Query all expenses: 19 found
2026-02-13 13:02:06,057 - SpareERP - INFO - Querying ALL expenses
2026-02-13 13:02:06,057 - SpareERP - INFO - Found 19 expense entries
2026-02-13 13:02:06,078 - SpareERP - INFO - Loading 19 expenses
2026-02-13 13:02:12,014 - SpareERP - INFO - Lazy loading page: Reports
2026-02-13 13:13:16,944 - SpareERP - INFO - Lazy loading page: Inventory
2026-02-13 13:13:17,336 - SpareERP - INFO - Initializing InventoryPage...
2026-02-13 13:13:17,357 - SpareERP - INFO - InventoryPage Initialized Successfully.
2026-02-13 13:21:59,403 - SpareERP - INFO - Application starting...
2026-02-13 13:22:04,446 - SpareERP - INFO - Database initialized at c:\Users\Admin\Desktop\spare_ERP\data\spareparts_pro.db
2026-02-13 13:22:04,458 - SpareERP - INFO - Launching Login Window...
2026-02-13 13:22:27,919 - SpareERP - INFO - Login cancelled. Exiting.
2026-02-13 13:22:53,123 - SpareERP - INFO - Application starting...
2026-02-13 13:22:54,953 - SpareERP - INFO - Database initialized at c:\Users\Admin\Desktop\spare_ERP\data\spareparts_pro.db
2026-02-13 13:22:54,960 - SpareERP - INFO - Launching Login Window...
2026-02-13 13:23:03,400 - SpareERP - INFO - User admin logged in successfully
2026-02-13 13:23:08,450 - SpareERP - ERROR - Error logging activity: database is locked
2026-02-13 13:23:08,452 - SpareERP - INFO - Login success signal received. Role: ADMIN
2026-02-13 13:23:08,464 - SpareERP - INFO - User authenticated as ADMIN. Launching Main Window.
2026-02-13 13:23:08,468 - SpareERP - INFO - Initializing MainWindow...
2026-02-13 13:23:08,568 - SpareERP - INFO - Lazy loading page: Dashboard
2026-02-13 13:23:09,050 - SpareERP - INFO - AI Cache: 221 vehicle models, 360 part keywords
2026-02-13 13:23:15,283 - SpareERP - INFO - Lazy loading page: Orders
2026-02-13 13:24:05,427 - SpareERP - INFO - Lazy loading page: Inventory
2026-02-13 13:24:05,427 - SpareERP - INFO - Initializing InventoryPage...
2026-02-13 13:24:05,437 - SpareERP - INFO - InventoryPage Initialized Successfully.
2026-02-13 13:24:05,481 - SpareERP - ERROR - Error in on_data_loaded: 'InventoryPage' object has no attribute 'table'
2026-02-13 13:24:46,099 - SpareERP - INFO - Refreshing page at index 2
2026-02-13 13:24:46,106 - SpareERP - ERROR - Error in on_data_loaded: 'InventoryPage' object has no attribute 'table'
2026-02-13 13:24:46,411 - SpareERP - INFO - Refreshing page at index 2
2026-02-13 13:24:46,421 - SpareERP - ERROR - Error in on_data_loaded: 'InventoryPage' object has no attribute 'table'
2026-02-13 13:24:46,675 - SpareERP - INFO - Refreshing page at index 2
2026-02-13 13:24:46,681 - SpareERP - ERROR - Error in on_data_loaded: 'InventoryPage' object has no attribute 'table'
2026-02-13 13:24:50,571 - SpareERP - INFO - Lazy loading page: Expenses
2026-02-13 13:24:50,582 - SpareERP - INFO - AI Cache: 221 vehicle models, 360 part keywords
2026-02-13 13:24:50,592 - SpareERP - INFO - Query all expenses: 19 found
2026-02-13 13:24:50,593 - SpareERP - INFO - Querying ALL expenses
2026-02-13 13:24:50,593 - SpareERP - INFO - Found 19 expense entries
2026-02-13 13:24:50,593 - SpareERP - INFO - Loading 19 expenses
2026-02-13 13:32:53,151 - SpareERP - INFO - Application starting...
2026-02-13 13:32:54,959 - SpareERP - INFO - Database initialized at c:\Users\Admin\Desktop\spare_ERP\data\spareparts_pro.db
2026-02-13 13:32:54,966 - SpareERP - INFO - Launching Login Window...
2026-02-13 13:33:02,236 - SpareERP - INFO - User admin logged in successfully
2026-02-13 13:33:07,283 - SpareERP - ERROR - Error logging activity: database is locked
2026-02-13 13:33:07,284 - SpareERP - INFO - Login success signal received. Role: ADMIN
2026-02-13 13:33:07,289 - SpareERP - INFO - User authenticated as ADMIN. Launching Main Window.
2026-02-13 13:33:07,291 - SpareERP - INFO - Initializing MainWindow...
2026-02-13 13:33:07,378 - SpareERP - INFO - Lazy loading page: Dashboard
2026-02-13 13:33:07,490 - SpareERP - INFO - AI Cache: 221 vehicle models, 360 part keywords
2026-02-13 13:33:19,440 - SpareERP - INFO - Lazy loading page: Orders
2026-02-13 13:34:43,174 - SpareERP - INFO - Application starting...
2026-02-13 13:34:44,967 - SpareERP - INFO - Database initialized at c:\Users\Admin\Desktop\spare_ERP\data\spareparts_pro.db
2026-02-13 13:34:44,973 - SpareERP - INFO - Launching Login Window...
2026-02-13 13:34:51,683 - SpareERP - INFO - User admin logged in successfully
2026-02-13 13:34:56,728 - SpareERP - ERROR - Error logging activity: database is locked
2026-02-13 13:34:56,729 - SpareERP - INFO - Login success signal received. Role: ADMIN
2026-02-13 13:34:56,744 - SpareERP - INFO - User authenticated as ADMIN. Launching Main Window.
2026-02-13 13:34:56,747 - SpareERP - INFO - Initializing MainWindow...
2026-02-13 13:34:56,852 - SpareERP - INFO - Lazy loading page: Dashboard
2026-02-13 13:34:56,952 - SpareERP - INFO - AI Cache: 221 vehicle models, 360 part keywords
2026-02-13 13:34:58,568 - SpareERP - INFO - Lazy loading page: Inventory
2026-02-13 13:35:42,534 - SpareERP - INFO - Application starting...
2026-02-13 13:35:44,332 - SpareERP - INFO - Database initialized at c:\Users\Admin\Desktop\spare_ERP\data\spareparts_pro.db
2026-02-13 13:35:44,337 - SpareERP - INFO - Launching Login Window...
2026-02-13 13:35:50,203 - SpareERP - WARNING - Failed login attempt for user: admin
2026-02-13 13:35:59,394 - SpareERP - INFO - User admin logged in successfully
2026-02-13 13:36:04,448 - SpareERP - ERROR - Error logging activity: database is locked
2026-02-13 13:36:04,450 - SpareERP - INFO - Login success signal received. Role: ADMIN
2026-02-13 13:36:04,466 - SpareERP - INFO - User authenticated as ADMIN. Launching Main Window.
2026-02-13 13:36:04,471 - SpareERP - INFO - Initializing MainWindow...
2026-02-13 13:36:04,566 - SpareERP - INFO - Lazy loading page: Dashboard
2026-02-13 13:36:04,671 - SpareERP - INFO - AI Cache: 221 vehicle models, 360 part keywords
2026-02-13 13:36:07,623 - SpareERP - INFO - Lazy loading page: Inventory
2026-02-13 13:36:07,895 - SpareERP - INFO - Initializing InventoryPage...
2026-02-13 13:36:07,921 - SpareERP - INFO - InventoryPage Initialized Successfully.
2026-02-13 13:36:15,367 - SpareERP - INFO - Lazy loading page: Orders
2026-02-13 13:41:41,370 - SpareERP - INFO - Application starting...
2026-02-13 13:41:43,135 - SpareERP - INFO - Database initialized at c:\Users\Admin\Desktop\spare_ERP\data\spareparts_pro.db
2026-02-13 13:41:43,141 - SpareERP - INFO - Launching Login Window...
2026-02-13 13:41:49,816 - SpareERP - INFO - User admin logged in successfully
2026-02-13 13:41:54,857 - SpareERP - ERROR - Error logging activity: database is locked
2026-02-13 13:41:54,859 - SpareERP - INFO - Login success signal received. Role: ADMIN
2026-02-13 13:41:54,873 - SpareERP - INFO - User authenticated as ADMIN. Launching Main Window.
2026-02-13 13:41:54,877 - SpareERP - INFO - Initializing MainWindow...
2026-02-13 13:41:54,974 - SpareERP - INFO - Lazy loading page: Dashboard
2026-02-13 13:41:55,076 - SpareERP - INFO - AI Cache: 221 vehicle models, 360 part keywords
2026-02-13 13:41:56,741 - SpareERP - INFO - Lazy loading page: Inventory
2026-02-13 13:41:57,013 - SpareERP - INFO - Initializing InventoryPage...
2026-02-13 13:41:57,037 - SpareERP - INFO - InventoryPage Initialized Successfully.
2026-02-13 13:41:59,580 - SpareERP - INFO - Lazy loading page: Orders
2026-02-13 13:42:36,345 - SpareERP - INFO - Application starting...
2026-02-13 13:42:41,147 - SpareERP - INFO - Application starting...
2026-02-13 13:42:42,909 - SpareERP - INFO - Database initialized at c:\Users\Admin\Desktop\spare_ERP\data\spareparts_pro.db
2026-02-13 13:42:42,915 - SpareERP - INFO - Launching Login Window...
2026-02-13 13:42:52,264 - SpareERP - INFO - User admin logged in successfully
2026-02-13 13:42:57,309 - SpareERP - ERROR - Error logging activity: database is locked
2026-02-13 13:42:57,311 - SpareERP - INFO - Login success signal received. Role: ADMIN
2026-02-13 13:42:57,317 - SpareERP - INFO - User authenticated as ADMIN. Launching Main Window.
2026-02-13 13:42:57,319 - SpareERP - INFO - Initializing MainWindow...
2026-02-13 13:42:57,414 - SpareERP - INFO - Lazy loading page: Dashboard
2026-02-13 13:42:57,523 - SpareERP - INFO - AI Cache: 221 vehicle models, 360 part keywords
2026-02-13 13:42:58,708 - SpareERP - INFO - Lazy loading page: Expenses
2026-02-13 13:42:58,717 - SpareERP - INFO - AI Cache: 221 vehicle models, 360 part keywords
2026-02-13 13:42:58,725 - SpareERP - INFO - Query all expenses: 19 found
2026-02-13 13:42:58,725 - SpareERP - INFO - Querying ALL expenses
2026-02-13 13:42:58,725 - SpareERP - INFO - Found 19 expense entries
2026-02-13 13:42:58,726 - SpareERP - INFO - Loading 19 expenses
2026-02-13 13:43:02,413 - SpareERP - INFO - Lazy loading page: Orders
2026-02-13 13:43:35,170 - SpareERP - INFO - Application starting...
2026-02-13 13:43:36,931 - SpareERP - INFO - Database initialized at c:\Users\Admin\Desktop\spare_ERP\data\spareparts_pro.db
2026-02-13 13:43:36,936 - SpareERP - INFO - Launching Login Window...
2026-02-13 13:43:45,535 - SpareERP - INFO - User admin logged in successfully
2026-02-13 13:43:50,586 - SpareERP - ERROR - Error logging activity: database is locked
2026-02-13 13:43:50,588 - SpareERP - INFO - Login success signal received. Role: ADMIN
2026-02-13 13:43:50,596 - SpareERP - INFO - User authenticated as ADMIN. Launching Main Window.
2026-02-13 13:43:50,598 - SpareERP - INFO - Initializing MainWindow...
2026-02-13 13:43:50,693 - SpareERP - INFO - Lazy loading page: Dashboard
2026-02-13 13:43:50,798 - SpareERP - INFO - AI Cache: 221 vehicle models, 360 part keywords
2026-02-13 13:43:51,979 - SpareERP - INFO - Lazy loading page: Expenses
2026-02-13 13:43:51,987 - SpareERP - INFO - AI Cache: 221 vehicle models, 360 part keywords
2026-02-13 13:43:51,995 - SpareERP - INFO - Query all expenses: 19 found
2026-02-13 13:43:51,995 - SpareERP - INFO - Querying ALL expenses
2026-02-13 13:43:51,996 - SpareERP - INFO - Found 19 expense entries
2026-02-13 13:43:51,996 - SpareERP - INFO - Loading 19 expenses
2026-02-13 13:43:54,553 - SpareERP - INFO - Lazy loading page: Orders
2026-02-13 13:44:26,928 - SpareERP - INFO - Application starting...
2026-02-13 13:44:28,706 - SpareERP - INFO - Database initialized at c:\Users\Admin\Desktop\spare_ERP\data\spareparts_pro.db
2026-02-13 13:44:28,711 - SpareERP - INFO - Launching Login Window...
2026-02-13 13:44:36,183 - SpareERP - INFO - User admin logged in successfully
2026-02-13 13:44:41,226 - SpareERP - ERROR - Error logging activity: database is locked
2026-02-13 13:44:41,228 - SpareERP - INFO - Login success signal received. Role: ADMIN
2026-02-13 13:44:41,241 - SpareERP - INFO - User authenticated as ADMIN. Launching Main Window.
2026-02-13 13:44:41,245 - SpareERP - INFO - Initializing MainWindow...
2026-02-13 13:44:41,346 - SpareERP - INFO - Lazy loading page: Dashboard
2026-02-13 13:44:41,458 - SpareERP - INFO - AI Cache: 221 vehicle models, 360 part keywords
2026-02-13 13:44:42,643 - SpareERP - INFO - Lazy loading page: Expenses
2026-02-13 13:44:42,652 - SpareERP - INFO - AI Cache: 221 vehicle models, 360 part keywords
2026-02-13 13:44:42,660 - SpareERP - INFO - Query all expenses: 19 found
2026-02-13 13:44:42,661 - SpareERP - INFO - Querying ALL expenses
2026-02-13 13:44:42,661 - SpareERP - INFO - Found 19 expense entries
2026-02-13 13:44:42,661 - SpareERP - INFO - Loading 19 expenses
2026-02-13 13:44:43,242 - SpareERP - INFO - Lazy loading page: Orders
2026-02-13 13:47:00,335 - SpareERP - INFO - Application starting...
2026-02-13 13:47:02,070 - SpareERP - INFO - Database initialized at c:\Users\Admin\Desktop\spare_ERP\data\spareparts_pro.db
2026-02-13 13:47:02,075 - SpareERP - INFO - Launching Login Window...
2026-02-13 13:57:36,636 - SpareERP - INFO - User admin logged in successfully
2026-02-13 13:57:41,682 - SpareERP - ERROR - Error logging activity: database is locked
2026-02-13 13:57:41,684 - SpareERP - INFO - Login success signal received. Role: ADMIN
2026-02-13 13:57:41,696 - SpareERP - INFO - User authenticated as ADMIN. Launching Main Window.
2026-02-13 13:57:41,699 - SpareERP - INFO - Initializing MainWindow...
2026-02-13 13:57:41,796 - SpareERP - INFO - Lazy loading page: Dashboard
2026-02-13 13:57:41,910 - SpareERP - INFO - AI Cache: 221 vehicle models, 360 part keywords
2026-02-13 13:57:43,696 - SpareERP - INFO - Lazy loading page: Inventory
2026-02-13 13:57:43,984 - SpareERP - INFO - Initializing InventoryPage...
2026-02-13 13:57:44,010 - SpareERP - INFO - InventoryPage Initialized Successfully.
2026-02-13 13:57:46,593 - SpareERP - INFO - Lazy loading page: Orders
2026-02-13 13:57:59,047 - SpareERP - WARNING - Current page (index 6) does not have a load_data method
2026-02-13 13:58:49,072 - SpareERP - INFO - Lazy loading page: Billing
2026-02-13 14:03:05,669 - SpareERP - INFO - Application starting...
2026-02-13 14:03:07,462 - SpareERP - INFO - Database initialized at c:\Users\Admin\Desktop\spare_ERP\data\spareparts_pro.db
2026-02-13 14:03:07,468 - SpareERP - INFO - Launching Login Window...
2026-02-13 14:03:20,081 - SpareERP - INFO - User admin logged in successfully
2026-02-13 14:03:25,127 - SpareERP - ERROR - Error logging activity: database is locked
2026-02-13 14:03:25,129 - SpareERP - INFO - Login success signal received. Role: ADMIN
2026-02-13 14:03:25,143 - SpareERP - INFO - User authenticated as ADMIN. Launching Main Window.
2026-02-13 14:03:25,149 - SpareERP - INFO - Initializing MainWindow...
2026-02-13 14:03:25,237 - SpareERP - INFO - Lazy loading page: Dashboard
2026-02-13 14:03:25,342 - SpareERP - INFO - AI Cache: 221 vehicle models, 360 part keywords
2026-02-13 14:03:27,821 - SpareERP - INFO - Lazy loading page: Billing
2026-02-13 14:05:33,246 - SpareERP - INFO - Generated new Invoice ID: INV-1001
2026-02-13 14:05:33,252 - SpareERP - INFO - Invoice saved: INV-1001
2026-02-13 14:05:33,252 - SpareERP - INFO - Invoice generated: INV-1001 for GYANI
2026-02-13 14:05:33,259 - SpareERP - INFO - Part sold: TR600080, Qty: 1, Inv: INV-1001
2026-02-13 14:05:33,265 - SpareERP - INFO - Part sold: NF040510, Qty: 1, Inv: INV-1001
2026-02-13 14:05:33,272 - SpareERP - INFO - Part sold: N4031120, Qty: 1, Inv: INV-1001
2026-02-13 14:05:33,278 - SpareERP - INFO - Part sold: M7011370, Qty: 1, Inv: INV-1001
2026-02-13 14:05:33,285 - SpareERP - INFO - Part sold: N3011370, Qty: 1, Inv: INV-1001
2026-02-13 14:05:33,291 - SpareERP - INFO - Part sold: K130190, Qty: 1, Inv: INV-1001
2026-02-13 14:05:33,297 - SpareERP - INFO - Part sold: P6010150, Qty: 1, Inv: INV-1001
2026-02-13 14:05:33,303 - SpareERP - INFO - Part sold: NA010030, Qty: 1, Inv: INV-1001
2026-02-13 14:05:33,308 - SpareERP - INFO - Part sold: N33225103C, Qty: 1, Inv: INV-1001
2026-02-13 14:05:33,315 - SpareERP - INFO - Part sold: NF150210, Qty: 1, Inv: INV-1001
2026-02-13 14:05:33,322 - SpareERP - INFO - Part sold: N5150150, Qty: 1, Inv: INV-1001
2026-02-13 14:05:33,329 - SpareERP - INFO - Part sold: NF1502105D, Qty: 1, Inv: INV-1001
2026-02-13 14:05:33,336 - SpareERP - INFO - Part sold: N3102420, Qty: 1, Inv: INV-1001
2026-02-13 14:05:33,341 - SpareERP - INFO - Part sold: N5121610, Qty: 1, Inv: INV-1001
2026-02-13 14:05:33,348 - SpareERP - INFO - Part sold: N6121890, Qty: 1, Inv: INV-1001
2026-02-13 14:05:33,353 - SpareERP - INFO - Part sold: M1080570, Qty: 1, Inv: INV-1001
2026-02-13 14:05:33,360 - SpareERP - INFO - Part sold: P6150310, Qty: 1, Inv: INV-1001
2026-02-13 14:05:33,366 - SpareERP - INFO - Part sold: P110650, Qty: 1, Inv: INV-1001
2026-02-13 14:05:33,372 - SpareERP - INFO - Part sold: N9161390, Qty: 1, Inv: INV-1001
2026-02-13 14:05:33,378 - SpareERP - INFO - Part sold: N9161380, Qty: 1, Inv: INV-1001
2026-02-13 14:05:33,385 - SpareERP - INFO - Part sold: M7160190, Qty: 1, Inv: INV-1001
2026-02-13 14:05:33,391 - SpareERP - INFO - Part sold: NR110010, Qty: 1, Inv: INV-1001
2026-02-13 14:05:33,398 - SpareERP - INFO - Part sold: NR2210103A, Qty: 1, Inv: INV-1001
2026-02-13 14:05:34,552 - SpareERP - INFO - Sending WhatsApp for INV-1001 to 9335668077
2026-02-13 14:06:55,684 - SpareERP - INFO - Lazy loading page: Reports
2026-02-13 14:06:58,443 - SpareERP - INFO - Refreshing page at index 3
2026-02-13 14:12:26,553 - SpareERP - INFO - Lazy loading page: Orders
2026-02-13 14:12:28,618 - SpareERP - INFO - Lazy loading page: Inventory
2026-02-13 14:12:28,619 - SpareERP - INFO - Initializing InventoryPage...
2026-02-13 14:12:28,664 - SpareERP - INFO - InventoryPage Initialized Successfully.
2026-02-13 14:18:48,439 - SpareERP - INFO - Lazy loading page: Expenses
2026-02-13 14:18:48,459 - SpareERP - INFO - AI Cache: 221 vehicle models, 360 part keywords
2026-02-13 14:18:48,468 - SpareERP - INFO - Query all expenses: 19 found
2026-02-13 14:18:48,468 - SpareERP - INFO - Querying ALL expenses
2026-02-13 14:18:48,468 - SpareERP - INFO - Found 19 expense entries
2026-02-13 14:18:48,469 - SpareERP - INFO - Loading 19 expenses
2026-02-13 14:18:50,367 - SpareERP - INFO - Lazy loading page: Access
2026-02-13 14:23:00,882 - SpareERP - INFO - Application starting...
2026-02-13 14:23:02,779 - SpareERP - INFO - Database initialized at c:\Users\Admin\Desktop\spare_ERP\data\spareparts_pro.db
2026-02-13 14:23:02,791 - SpareERP - INFO - Launching Login Window...
2026-02-13 14:23:10,537 - SpareERP - INFO - User admin logged in successfully
2026-02-13 14:23:15,587 - SpareERP - ERROR - Error logging activity: database is locked
2026-02-13 14:23:15,589 - SpareERP - INFO - Login success signal received. Role: ADMIN
2026-02-13 14:23:15,594 - SpareERP - INFO - User authenticated as ADMIN. Launching Main Window.
2026-02-13 14:23:15,595 - SpareERP - INFO - Initializing MainWindow...
2026-02-13 14:23:15,671 - SpareERP - INFO - Lazy loading page: Dashboard
2026-02-13 14:23:15,774 - SpareERP - INFO - AI Cache: 221 vehicle models, 360 part keywords
2026-02-13 14:23:17,636 - SpareERP - INFO - Lazy loading page: Settings
2026-02-13 14:23:57,623 - SpareERP - INFO - Lazy loading page: Reports
2026-02-13 14:25:44,439 - SpareERP - INFO - Lazy loading page: Orders
2026-02-13 14:28:35,822 - SpareERP - INFO - Application starting...
2026-02-13 14:28:39,927 - SpareERP - INFO - Application starting...
2026-02-13 14:28:41,656 - SpareERP - INFO - Database initialized at c:\Users\Admin\Desktop\spare_ERP\data\spareparts_pro.db
2026-02-13 14:28:41,664 - SpareERP - INFO - Launching Login Window...
2026-02-13 14:28:49,382 - SpareERP - INFO - User admin logged in successfully
2026-02-13 14:28:54,427 - SpareERP - ERROR - Error logging activity: database is locked
2026-02-13 14:28:54,429 - SpareERP - INFO - Login success signal received. Role: ADMIN
2026-02-13 14:28:54,444 - SpareERP - INFO - User authenticated as ADMIN. Launching Main Window.
2026-02-13 14:28:54,447 - SpareERP - INFO - Initializing MainWindow...
2026-02-13 14:28:54,551 - SpareERP - INFO - Lazy loading page: Dashboard
2026-02-13 14:28:54,652 - SpareERP - INFO - AI Cache: 221 vehicle models, 360 part keywords
2026-02-13 14:28:57,050 - SpareERP - INFO - Lazy loading page: Access
2026-02-13 14:28:58,500 - SpareERP - INFO - Lazy loading page: Orders
2026-02-13 14:28:59,595 - SpareERP - INFO - Lazy loading page: Expenses
2026-02-13 14:28:59,606 - SpareERP - INFO - AI Cache: 221 vehicle models, 360 part keywords
2026-02-13 14:28:59,617 - SpareERP - INFO - Query all expenses: 19 found
2026-02-13 14:28:59,618 - SpareERP - INFO - Querying ALL expenses
2026-02-13 14:28:59,618 - SpareERP - INFO - Found 19 expense entries
2026-02-13 14:28:59,618 - SpareERP - INFO - Loading 19 expenses
2026-02-13 14:29:01,659 - SpareERP - INFO - Lazy loading page: Settings
2026-02-13 14:29:11,002 - SpareERP - INFO - Lazy loading page: Billing
2026-02-13 14:29:23,839 - SpareERP - INFO - Generated new Invoice ID: INV-1002
2026-02-13 14:29:23,845 - SpareERP - INFO - Invoice saved: INV-1002
2026-02-13 14:29:23,846 - SpareERP - INFO - Invoice generated: INV-1002 for Walk-in
2026-02-13 14:29:23,852 - SpareERP - INFO - Part sold: NF040510, Qty: 1, Inv: INV-1002
2026-02-13 14:29:23,858 - SpareERP - INFO - Part sold: N4031120, Qty: 1, Inv: INV-1002
2026-02-13 14:36:23,268 - SpareERP - INFO - Application starting...
2026-02-13 14:36:24,996 - SpareERP - INFO - Database initialized at c:\Users\Admin\Desktop\spare_ERP\data\spareparts_pro.db
2026-02-13 14:36:25,004 - SpareERP - INFO - Launching Login Window...
2026-02-13 14:36:33,467 - SpareERP - INFO - User admin logged in successfully
2026-02-13 14:36:38,512 - SpareERP - ERROR - Error logging activity: database is locked
2026-02-13 14:36:38,514 - SpareERP - INFO - Login success signal received. Role: ADMIN
2026-02-13 14:36:38,529 - SpareERP - INFO - User authenticated as ADMIN. Launching Main Window.
2026-02-13 14:36:38,531 - SpareERP - INFO - Initializing MainWindow...
2026-02-13 14:36:38,644 - SpareERP - INFO - Lazy loading page: Dashboard
2026-02-13 14:36:38,808 - SpareERP - INFO - AI Cache: 221 vehicle models, 360 part keywords
2026-02-13 14:36:41,440 - SpareERP - INFO - Lazy loading page: Settings
2026-02-13 14:36:46,800 - SpareERP - INFO - Lazy loading page: Billing
2026-02-13 14:37:12,322 - SpareERP - INFO - Generated new Invoice ID: INV-1003
2026-02-13 14:37:12,328 - SpareERP - INFO - Invoice saved: INV-1003
2026-02-13 14:37:12,328 - SpareERP - INFO - Invoice generated: INV-1003 for GYANI
2026-02-13 14:37:12,334 - SpareERP - INFO - Part sold: N9220290, Qty: 1, Inv: INV-1003
2026-02-13 14:37:12,341 - SpareERP - INFO - Part sold: NF040510, Qty: 1, Inv: INV-1003
2026-02-13 14:37:27,791 - SpareERP - INFO - Setting updated: invoice_theme
2026-02-13 14:37:41,191 - SpareERP - INFO - Generated new Invoice ID: INV-1004
2026-02-13 14:37:41,197 - SpareERP - INFO - Invoice saved: INV-1004
2026-02-13 14:37:41,198 - SpareERP - INFO - Invoice generated: INV-1004 for GYANI
2026-02-13 14:37:41,204 - SpareERP - INFO - Part sold: N6030270, Qty: 1, Inv: INV-1004
2026-02-13 15:32:54,156 - SpareERP - INFO - Application starting...
2026-02-13 15:32:55,922 - SpareERP - INFO - Database initialized at c:\Users\Admin\Desktop\spare_ERP\data\spareparts_pro.db
2026-02-13 15:32:55,927 - SpareERP - INFO - Launching Login Window...
2026-02-13 15:33:06,844 - SpareERP - INFO - User admin logged in successfully
2026-02-13 15:33:11,891 - SpareERP - ERROR - Error logging activity: database is locked
2026-02-13 15:33:11,894 - SpareERP - INFO - Login success signal received. Role: ADMIN
2026-02-13 15:33:11,908 - SpareERP - INFO - User authenticated as ADMIN. Launching Main Window.
2026-02-13 15:33:11,912 - SpareERP - INFO - Initializing MainWindow...
2026-02-13 15:33:12,013 - SpareERP - INFO - Lazy loading page: Dashboard
2026-02-13 15:33:12,119 - SpareERP - INFO - AI Cache: 221 vehicle models, 360 part keywords
2026-02-13 15:33:34,912 - SpareERP - INFO - Lazy loading page: Billing
2026-02-13 15:33:49,200 - SpareERP - INFO - Generated new Invoice ID: INV-1005
2026-02-13 15:33:49,206 - SpareERP - INFO - Invoice saved: INV-1005
2026-02-13 15:33:49,206 - SpareERP - INFO - Invoice generated: INV-1005 for GYANI
2026-02-13 15:33:49,212 - SpareERP - INFO - Part sold: NF040370, Qty: 1, Inv: INV-1005
2026-02-13 15:33:50,247 - SpareERP - ERROR - PDF Generation Failed: could not convert string to float: 'Rs. 310.00'
2026-02-13 15:37:33,185 - SpareERP - INFO - Application starting...
2026-02-13 15:37:34,984 - SpareERP - INFO - Database initialized at c:\Users\Admin\Desktop\spare_ERP\data\spareparts_pro.db
2026-02-13 15:37:34,993 - SpareERP - INFO - Launching Login Window...
2026-02-13 15:37:38,295 - SpareERP - INFO - Application starting...
2026-02-13 15:37:40,044 - SpareERP - INFO - Database initialized at c:\Users\Admin\Desktop\spare_ERP\data\spareparts_pro.db
2026-02-13 15:37:40,050 - SpareERP - INFO - Launching Login Window...
2026-02-13 15:38:21,537 - SpareERP - INFO - User admin logged in successfully
2026-02-13 15:38:26,578 - SpareERP - ERROR - Error logging activity: database is locked
2026-02-13 15:38:26,580 - SpareERP - INFO - Login success signal received. Role: ADMIN
2026-02-13 15:38:26,595 - SpareERP - INFO - User authenticated as ADMIN. Launching Main Window.
2026-02-13 15:38:26,598 - SpareERP - INFO - Initializing MainWindow...
2026-02-13 15:38:26,710 - SpareERP - INFO - Lazy loading page: Dashboard
2026-02-13 15:38:26,812 - SpareERP - INFO - AI Cache: 221 vehicle models, 360 part keywords
2026-02-13 15:38:30,357 - SpareERP - INFO - Lazy loading page: Billing
2026-02-13 15:38:50,773 - SpareERP - INFO - Generated new Invoice ID: INV-1006
2026-02-13 15:38:50,779 - SpareERP - INFO - Invoice saved: INV-1006
2026-02-13 15:38:50,780 - SpareERP - INFO - Invoice generated: INV-1006 for GYANI
2026-02-13 15:38:50,786 - SpareERP - INFO - Part sold: P6040070, Qty: 1, Inv: INV-1006
2026-02-13 15:39:37,597 - SpareERP - INFO - Lazy loading page: Settings
2026-02-13 15:39:42,862 - SpareERP - INFO - Setting updated: invoice_theme
2026-02-13 15:40:10,885 - SpareERP - INFO - Generated new Invoice ID: INV-1007
2026-02-13 15:40:10,891 - SpareERP - INFO - Invoice saved: INV-1007
2026-02-13 15:40:10,891 - SpareERP - INFO - Invoice generated: INV-1007 for GYANI
2026-02-13 15:40:10,897 - SpareERP - INFO - Part sold: N3011370, Qty: 1, Inv: INV-1007
2026-02-13 15:40:10,904 - SpareERP - INFO - Part sold: N9220290, Qty: 1, Inv: INV-1007
2026-02-13 15:40:10,911 - SpareERP - INFO - Part sold: P6040070, Qty: 1, Inv: INV-1007
2026-02-13 15:40:11,944 - SpareERP - ERROR - PDF Generation Failed: name 'RED' is not defined
2026-02-13 15:40:14,222 - SpareERP - INFO - Generated new Invoice ID: INV-1008
2026-02-13 15:40:14,228 - SpareERP - INFO - Invoice saved: INV-1008
2026-02-13 15:40:14,228 - SpareERP - INFO - Invoice generated: INV-1008 for GYANI
2026-02-13 15:40:14,234 - SpareERP - INFO - Part sold: N3011370, Qty: 1, Inv: INV-1008
2026-02-13 15:40:14,240 - SpareERP - INFO - Part sold: N9220290, Qty: 1, Inv: INV-1008
2026-02-13 15:40:14,247 - SpareERP - INFO - Part sold: P6040070, Qty: 1, Inv: INV-1008
2026-02-13 15:40:15,246 - SpareERP - ERROR - PDF Generation Failed: name 'RED' is not defined
2026-02-13 15:41:12,948 - SpareERP - INFO - Setting updated: invoice_theme
2026-02-13 15:41:20,531 - SpareERP - INFO - Generated new Invoice ID: INV-1009
2026-02-13 15:41:20,537 - SpareERP - INFO - Invoice saved: INV-1009
2026-02-13 15:41:20,538 - SpareERP - INFO - Invoice generated: INV-1009 for GYANI
2026-02-13 15:41:20,544 - SpareERP - INFO - Part sold: N3011370, Qty: 1, Inv: INV-1009
2026-02-13 15:41:20,551 - SpareERP - INFO - Part sold: N9220290, Qty: 1, Inv: INV-1009
2026-02-13 15:41:20,557 - SpareERP - INFO - Part sold: P6040070, Qty: 1, Inv: INV-1009
2026-02-13 15:41:21,535 - SpareERP - ERROR - PDF Generation Failed: name 'RED' is not defined
2026-02-13 15:41:24,759 - SpareERP - INFO - Generated new Invoice ID: INV-1010
2026-02-13 15:41:24,766 - SpareERP - INFO - Invoice saved: INV-1010
2026-02-13 15:41:24,766 - SpareERP - INFO - Invoice generated: INV-1010 for GYANI
2026-02-13 15:41:24,774 - SpareERP - INFO - Part sold: N3011370, Qty: 1, Inv: INV-1010
2026-02-13 15:41:24,782 - SpareERP - INFO - Part sold: N9220290, Qty: 1, Inv: INV-1010
2026-02-13 15:41:24,789 - SpareERP - INFO - Part sold: P6040070, Qty: 1, Inv: INV-1010
2026-02-13 15:41:25,824 - SpareERP - ERROR - PDF Generation Failed: name 'RED' is not defined
2026-02-13 15:41:34,404 - SpareERP - INFO - Setting updated: invoice_theme
2026-02-13 15:41:38,198 - SpareERP - INFO - Generated new Invoice ID: INV-1011
2026-02-13 15:41:38,205 - SpareERP - INFO - Invoice saved: INV-1011
2026-02-13 15:41:38,205 - SpareERP - INFO - Invoice generated: INV-1011 for GYANI
2026-02-13 15:41:38,211 - SpareERP - INFO - Part sold: N3011370, Qty: 1, Inv: INV-1011
2026-02-13 15:41:38,218 - SpareERP - INFO - Part sold: N9220290, Qty: 1, Inv: INV-1011
2026-02-13 15:41:38,225 - SpareERP - INFO - Part sold: P6040070, Qty: 1, Inv: INV-1011
2026-02-13 15:41:39,221 - SpareERP - ERROR - PDF Generation Failed: name 'RED' is not defined
2026-02-13 15:42:53,642 - SpareERP - INFO - Application starting...
2026-02-13 15:42:55,393 - SpareERP - INFO - Database initialized at c:\Users\Admin\Desktop\spare_ERP\data\spareparts_pro.db
2026-02-13 15:42:55,398 - SpareERP - INFO - Launching Login Window...
2026-02-13 15:43:04,031 - SpareERP - INFO - User admin logged in successfully
2026-02-13 15:43:09,078 - SpareERP - ERROR - Error logging activity: database is locked
2026-02-13 15:43:09,079 - SpareERP - INFO - Login success signal received. Role: ADMIN
2026-02-13 15:43:09,088 - SpareERP - INFO - User authenticated as ADMIN. Launching Main Window.
2026-02-13 15:43:09,091 - SpareERP - INFO - Initializing MainWindow...
2026-02-13 15:43:09,236 - SpareERP - INFO - Lazy loading page: Dashboard
2026-02-13 15:43:09,385 - SpareERP - INFO - AI Cache: 221 vehicle models, 360 part keywords
2026-02-13 15:43:11,059 - SpareERP - INFO - Lazy loading page: Billing
2026-02-13 15:44:27,533 - SpareERP - INFO - Generated new Invoice ID: INV-1012
2026-02-13 15:44:27,539 - SpareERP - INFO - Invoice saved: INV-1012
2026-02-13 15:44:27,540 - SpareERP - INFO - Invoice generated: INV-1012 for Walk-in
2026-02-13 15:44:27,546 - SpareERP - INFO - Part sold: P6040070, Qty: 1, Inv: INV-1012
2026-02-13 15:44:27,552 - SpareERP - INFO - Part sold: N9092460, Qty: 1, Inv: INV-1012
2026-02-13 15:44:27,592 - SpareERP - INFO - Part sold: N6030270, Qty: 1, Inv: INV-1012
2026-02-13 15:44:27,631 - SpareERP - INFO - Part sold: NF040510, Qty: 1, Inv: INV-1012
2026-02-13 15:44:42,011 - SpareERP - INFO - Lazy loading page: Settings
2026-02-13 15:44:47,929 - SpareERP - INFO - Setting updated: invoice_theme
2026-02-13 15:45:11,101 - SpareERP - INFO - Generated new Invoice ID: INV-1013
2026-02-13 15:45:11,107 - SpareERP - INFO - Invoice saved: INV-1013
2026-02-13 15:45:11,107 - SpareERP - INFO - Invoice generated: INV-1013 for GYANI
2026-02-13 15:45:11,113 - SpareERP - INFO - Part sold: NF040510, Qty: 1, Inv: INV-1013
2026-02-13 15:45:11,120 - SpareERP - INFO - Part sold: N4031120, Qty: 1, Inv: INV-1013
2026-02-13 15:45:11,127 - SpareERP - INFO - Part sold: N5121610, Qty: 1, Inv: INV-1013
2026-02-13 15:45:24,418 - SpareERP - INFO - Setting updated: invoice_theme
2026-02-13 15:47:19,440 - SpareERP - INFO - Application starting...
2026-02-13 15:47:21,168 - SpareERP - INFO - Database initialized at c:\Users\Admin\Desktop\spare_ERP\data\spareparts_pro.db
2026-02-13 15:47:21,173 - SpareERP - INFO - Launching Login Window...
2026-02-13 15:47:30,133 - SpareERP - INFO - User admin logged in successfully
2026-02-13 15:47:35,180 - SpareERP - ERROR - Error logging activity: database is locked
2026-02-13 15:47:35,182 - SpareERP - INFO - Login success signal received. Role: ADMIN
2026-02-13 15:47:35,197 - SpareERP - INFO - User authenticated as ADMIN. Launching Main Window.
2026-02-13 15:47:35,200 - SpareERP - INFO - Initializing MainWindow...
2026-02-13 15:47:35,303 - SpareERP - INFO - Lazy loading page: Dashboard
2026-02-13 15:47:35,406 - SpareERP - INFO - AI Cache: 221 vehicle models, 360 part keywords
2026-02-13 15:47:37,078 - SpareERP - INFO - Lazy loading page: Billing
2026-02-13 15:47:39,482 - SpareERP - INFO - Lazy loading page: Settings
2026-02-13 15:47:43,754 - SpareERP - INFO - Setting updated: invoice_theme
2026-02-13 15:48:06,562 - SpareERP - INFO - Generated new Invoice ID: INV-1014
2026-02-13 15:48:06,568 - SpareERP - INFO - Invoice saved: INV-1014
2026-02-13 15:48:06,568 - SpareERP - INFO - Invoice generated: INV-1014 for GYANI
2026-02-13 15:48:06,575 - SpareERP - INFO - Part sold: M1080540, Qty: 1, Inv: INV-1014
2026-02-13 15:48:06,581 - SpareERP - INFO - Part sold: N6030270, Qty: 1, Inv: INV-1014
2026-02-13 15:48:06,589 - SpareERP - INFO - Part sold: N4031120, Qty: 1, Inv: INV-1014
2026-02-13 15:48:06,596 - SpareERP - INFO - Part sold: N9092460, Qty: 1, Inv: INV-1014
2026-02-13 15:48:06,599 - SpareERP - INFO - Generating PDF with Theme: 'Modern (Blue)' for Invoice: INV-1014
2026-02-13 15:50:42,216 - SpareERP - INFO - Application starting...
2026-02-13 15:50:44,043 - SpareERP - INFO - Database initialized at c:\Users\Admin\Desktop\spare_ERP\data\spareparts_pro.db
2026-02-13 15:50:44,049 - SpareERP - INFO - Launching Login Window...
2026-02-13 15:50:51,748 - SpareERP - INFO - User admin logged in successfully
2026-02-13 15:50:56,794 - SpareERP - ERROR - Error logging activity: database is locked
2026-02-13 15:50:56,795 - SpareERP - INFO - Login success signal received. Role: ADMIN
2026-02-13 15:50:56,802 - SpareERP - INFO - User authenticated as ADMIN. Launching Main Window.
2026-02-13 15:50:56,804 - SpareERP - INFO - Initializing MainWindow...
2026-02-13 15:50:56,902 - SpareERP - INFO - Lazy loading page: Dashboard
2026-02-13 15:50:57,008 - SpareERP - INFO - AI Cache: 221 vehicle models, 360 part keywords
2026-02-13 15:51:13,559 - SpareERP - INFO - Lazy loading page: Billing
2026-02-13 15:52:11,017 - SpareERP - INFO - Generated new Invoice ID: INV-1015
2026-02-13 15:52:11,023 - SpareERP - INFO - Invoice saved: INV-1015
2026-02-13 15:52:11,024 - SpareERP - INFO - Invoice generated: INV-1015 for GYANI
2026-02-13 15:52:11,029 - SpareERP - INFO - Part sold: N9220290, Qty: 1, Inv: INV-1015
2026-02-13 15:52:11,036 - SpareERP - INFO - Part sold: NF040370, Qty: 1, Inv: INV-1015
2026-02-13 15:52:11,044 - SpareERP - INFO - Part sold: P6040070, Qty: 1, Inv: INV-1015
2026-02-13 15:52:11,051 - SpareERP - INFO - Part sold: NF040510, Qty: 1, Inv: INV-1015
2026-02-13 15:52:11,058 - SpareERP - INFO - Part sold: N9092460, Qty: 1, Inv: INV-1015
2026-02-13 15:52:11,061 - SpareERP - INFO - Generating PDF with Theme: 'Executive (Black/Gold)' for Invoice: INV-1015
2026-02-13 15:52:55,864 - SpareERP - INFO - Lazy loading page: Settings
2026-02-13 15:53:03,830 - SpareERP - INFO - Setting updated: invoice_theme
2026-02-13 16:04:33,692 - SpareERP - INFO - Generated new Invoice ID: INV-1016
2026-02-13 16:04:33,698 - SpareERP - INFO - Invoice saved: INV-1016
2026-02-13 16:04:33,698 - SpareERP - INFO - Invoice generated: INV-1016 for GYANI
2026-02-13 16:04:33,704 - SpareERP - INFO - Part sold: NF040370, Qty: 1, Inv: INV-1016
2026-02-13 16:04:33,710 - SpareERP - INFO - Part sold: NF040510, Qty: 1, Inv: INV-1016
2026-02-13 16:04:33,719 - SpareERP - INFO - Part sold: N9092460, Qty: 1, Inv: INV-1016
2026-02-13 16:04:33,732 - SpareERP - INFO - Generating PDF with Theme: 'Logo Adaptive' for Invoice: INV-1016
2026-02-13 16:12:09,134 - SpareERP - INFO - Setting updated: invoice_theme
2026-02-13 16:16:52,976 - SpareERP - INFO - Application starting...
2026-02-13 16:16:54,775 - SpareERP - INFO - Database initialized at c:\Users\Admin\Desktop\spare_ERP\data\spareparts_pro.db
2026-02-13 16:16:54,781 - SpareERP - INFO - Launching Login Window...
2026-02-13 16:17:10,505 - SpareERP - INFO - User admin logged in successfully
2026-02-13 16:17:15,550 - SpareERP - ERROR - Error logging activity: database is locked
2026-02-13 16:17:15,551 - SpareERP - INFO - Login success signal received. Role: ADMIN
2026-02-13 16:17:15,555 - SpareERP - INFO - User authenticated as ADMIN. Launching Main Window.
2026-02-13 16:17:15,556 - SpareERP - INFO - Initializing MainWindow...
2026-02-13 16:17:15,638 - SpareERP - INFO - Lazy loading page: Dashboard
2026-02-13 16:17:15,780 - SpareERP - INFO - AI Cache: 221 vehicle models, 360 part keywords
2026-02-13 16:17:26,182 - SpareERP - INFO - Application starting...
2026-02-13 16:17:28,001 - SpareERP - INFO - Database initialized at c:\Users\Admin\Desktop\spare_ERP\data\spareparts_pro.db
2026-02-13 16:17:28,006 - SpareERP - INFO - Launching Login Window...
2026-02-13 16:17:37,913 - SpareERP - INFO - User admin logged in successfully
2026-02-13 16:17:42,961 - SpareERP - ERROR - Error logging activity: database is locked
2026-02-13 16:17:42,962 - SpareERP - INFO - Login success signal received. Role: ADMIN
2026-02-13 16:17:42,970 - SpareERP - INFO - User authenticated as ADMIN. Launching Main Window.
2026-02-13 16:17:42,973 - SpareERP - INFO - Initializing MainWindow...
2026-02-13 16:17:43,067 - SpareERP - INFO - Lazy loading page: Dashboard
2026-02-13 16:17:43,175 - SpareERP - INFO - AI Cache: 221 vehicle models, 360 part keywords
2026-02-13 16:17:45,869 - SpareERP - INFO - Lazy loading page: Billing
2026-02-13 16:17:48,230 - SpareERP - INFO - Lazy loading page: Settings
2026-02-13 16:17:52,532 - SpareERP - INFO - Setting updated: invoice_theme
2026-02-13 16:18:22,924 - SpareERP - INFO - Generated new Invoice ID: INV-1017
2026-02-13 16:18:22,931 - SpareERP - INFO - Invoice saved: INV-1017
2026-02-13 16:18:22,931 - SpareERP - INFO - Invoice generated: INV-1017 for GYANI
2026-02-13 16:18:22,937 - SpareERP - INFO - Part sold: P110650, Qty: 1, Inv: INV-1017
2026-02-13 16:18:22,944 - SpareERP - INFO - Part sold: N9151910, Qty: 1, Inv: INV-1017
2026-02-13 16:18:22,952 - SpareERP - INFO - Part sold: P6100120, Qty: 1, Inv: INV-1017
2026-02-13 16:18:22,955 - SpareERP - INFO - Generating PDF with Theme: 'Executive (Black/Gold)' for Invoice: INV-1017
2026-02-13 16:20:55,899 - SpareERP - INFO - Application starting...
2026-02-13 16:20:57,640 - SpareERP - INFO - Database initialized at c:\Users\Admin\Desktop\spare_ERP\data\spareparts_pro.db
2026-02-13 16:20:57,645 - SpareERP - INFO - Launching Login Window...
2026-02-13 16:21:12,089 - SpareERP - INFO - User admin logged in successfully
2026-02-13 16:21:17,131 - SpareERP - ERROR - Error logging activity: database is locked
2026-02-13 16:21:17,133 - SpareERP - INFO - Login success signal received. Role: ADMIN
2026-02-13 16:21:17,147 - SpareERP - INFO - User authenticated as ADMIN. Launching Main Window.
2026-02-13 16:21:17,151 - SpareERP - INFO - Initializing MainWindow...
2026-02-13 16:21:17,257 - SpareERP - INFO - Lazy loading page: Dashboard
2026-02-13 16:21:17,356 - SpareERP - INFO - AI Cache: 221 vehicle models, 360 part keywords
2026-02-13 16:21:19,603 - SpareERP - INFO - Lazy loading page: Billing
2026-02-13 16:21:42,605 - SpareERP - INFO - Generated new Invoice ID: INV-1018
2026-02-13 16:21:42,611 - SpareERP - INFO - Invoice saved: INV-1018
2026-02-13 16:21:42,611 - SpareERP - INFO - Invoice generated: INV-1018 for GYANI
2026-02-13 16:21:42,617 - SpareERP - INFO - Part sold: N9220290, Qty: 1, Inv: INV-1018
2026-02-13 16:21:42,624 - SpareERP - INFO - Part sold: TR600080, Qty: 1, Inv: INV-1018
2026-02-13 16:21:42,633 - SpareERP - INFO - Part sold: N4030420, Qty: 1, Inv: INV-1018
2026-02-13 16:21:42,639 - SpareERP - INFO - Part sold: N6030270, Qty: 1, Inv: INV-1018
2026-02-13 16:21:42,642 - SpareERP - INFO - Generating PDF with Theme: 'Executive (Black/Gold)' for Invoice: INV-1018
2026-02-13 16:23:56,167 - SpareERP - INFO - Application starting...
2026-02-13 16:23:57,958 - SpareERP - INFO - Database initialized at c:\Users\Admin\Desktop\spare_ERP\data\spareparts_pro.db
2026-02-13 16:23:57,963 - SpareERP - INFO - Launching Login Window...
2026-02-13 16:24:05,894 - SpareERP - INFO - User admin logged in successfully
2026-02-13 16:24:10,939 - SpareERP - ERROR - Error logging activity: database is locked
2026-02-13 16:24:10,941 - SpareERP - INFO - Login success signal received. Role: ADMIN
2026-02-13 16:24:10,955 - SpareERP - INFO - User authenticated as ADMIN. Launching Main Window.
2026-02-13 16:24:10,959 - SpareERP - INFO - Initializing MainWindow...
2026-02-13 16:24:11,066 - SpareERP - INFO - Lazy loading page: Dashboard
2026-02-13 16:24:11,177 - SpareERP - INFO - AI Cache: 221 vehicle models, 360 part keywords
2026-02-13 16:24:12,414 - SpareERP - INFO - Lazy loading page: Billing
2026-02-13 16:24:33,082 - SpareERP - INFO - Generated new Invoice ID: INV-1019
2026-02-13 16:24:33,088 - SpareERP - INFO - Invoice saved: INV-1019
2026-02-13 16:24:33,088 - SpareERP - INFO - Invoice generated: INV-1019 for GYANI
2026-02-13 16:24:33,094 - SpareERP - INFO - Part sold: TR600080, Qty: 1, Inv: INV-1019
2026-02-13 16:24:33,101 - SpareERP - INFO - Part sold: N6030270, Qty: 1, Inv: INV-1019
2026-02-13 16:24:33,108 - SpareERP - INFO - Part sold: N9092460, Qty: 1, Inv: INV-1019
2026-02-13 16:24:33,111 - SpareERP - INFO - Generating PDF with Theme: 'Executive (Black/Gold)' for Invoice: INV-1019
2026-02-13 16:25:04,746 - SpareERP - INFO - Lazy loading page: Settings
2026-02-13 16:25:08,110 - SpareERP - INFO - Setting updated: invoice_theme
2026-02-13 16:25:24,228 - SpareERP - INFO - Generated new Invoice ID: INV-1020
2026-02-13 16:25:24,234 - SpareERP - INFO - Invoice saved: INV-1020
2026-02-13 16:25:24,234 - SpareERP - INFO - Invoice generated: INV-1020 for GYANI
2026-02-13 16:25:24,240 - SpareERP - INFO - Part sold: P110650, Qty: 1, Inv: INV-1020
2026-02-13 16:25:24,247 - SpareERP - INFO - Part sold: N9151910, Qty: 1, Inv: INV-1020
2026-02-13 16:25:24,254 - SpareERP - INFO - Part sold: P6100120, Qty: 1, Inv: INV-1020
2026-02-13 16:25:24,256 - SpareERP - INFO - Generating PDF with Theme: 'Logo Adaptive' for Invoice: INV-1020
2026-02-13 16:27:18,239 - SpareERP - INFO - Application starting...
2026-02-13 16:27:20,107 - SpareERP - INFO - Database initialized at c:\Users\Admin\Desktop\spare_ERP\data\spareparts_pro.db
2026-02-13 16:27:20,112 - SpareERP - INFO - Launching Login Window...
2026-02-13 16:27:27,444 - SpareERP - INFO - User admin logged in successfully
2026-02-13 16:27:32,493 - SpareERP - ERROR - Error logging activity: database is locked
2026-02-13 16:27:32,494 - SpareERP - INFO - Login success signal received. Role: ADMIN
2026-02-13 16:27:32,508 - SpareERP - INFO - User authenticated as ADMIN. Launching Main Window.
2026-02-13 16:27:32,511 - SpareERP - INFO - Initializing MainWindow...
2026-02-13 16:27:32,613 - SpareERP - INFO - Lazy loading page: Dashboard
2026-02-13 16:27:32,737 - SpareERP - INFO - AI Cache: 221 vehicle models, 360 part keywords
2026-02-13 16:27:35,273 - SpareERP - INFO - Lazy loading page: Billing
2026-02-13 16:28:53,078 - SpareERP - INFO - Generated new Invoice ID: INV-1021
2026-02-13 16:28:53,083 - SpareERP - INFO - Invoice saved: INV-1021
2026-02-13 16:28:53,084 - SpareERP - INFO - Invoice generated: INV-1021 for GYANI
2026-02-13 16:28:53,090 - SpareERP - INFO - Part sold: M1080540, Qty: 1, Inv: INV-1021
2026-02-13 16:28:53,097 - SpareERP - INFO - Part sold: NF040510, Qty: 1, Inv: INV-1021
2026-02-13 16:28:53,104 - SpareERP - INFO - Part sold: N4031120, Qty: 1, Inv: INV-1021
2026-02-13 16:28:53,110 - SpareERP - INFO - Part sold: N33225103C, Qty: 1, Inv: INV-1021
2026-02-13 16:28:53,116 - SpareERP - INFO - Part sold: NF150210, Qty: 1, Inv: INV-1021
2026-02-13 16:28:53,123 - SpareERP - INFO - Part sold: N5150150, Qty: 1, Inv: INV-1021
2026-02-13 16:28:53,129 - SpareERP - INFO - Part sold: NF1502105D, Qty: 1, Inv: INV-1021
2026-02-13 16:28:53,136 - SpareERP - INFO - Part sold: N3102420, Qty: 1, Inv: INV-1021
2026-02-13 16:28:53,142 - SpareERP - INFO - Part sold: N3012100, Qty: 1, Inv: INV-1021
2026-02-13 16:28:53,148 - SpareERP - INFO - Part sold: N2180040, Qty: 1, Inv: INV-1021
2026-02-13 16:28:53,154 - SpareERP - INFO - Part sold: N9151220, Qty: 1, Inv: INV-1021
2026-02-13 16:28:53,161 - SpareERP - INFO - Part sold: N6121890, Qty: 1, Inv: INV-1021
2026-02-13 16:28:53,168 - SpareERP - INFO - Part sold: M1080570, Qty: 1, Inv: INV-1021
2026-02-13 16:28:53,174 - SpareERP - INFO - Part sold: N9127200, Qty: 1, Inv: INV-1021
2026-02-13 16:28:53,180 - SpareERP - INFO - Part sold: P110650, Qty: 1, Inv: INV-1021
2026-02-13 16:28:53,186 - SpareERP - INFO - Part sold: N9161380, Qty: 1, Inv: INV-1021
2026-02-13 16:28:53,193 - SpareERP - INFO - Part sold: B1160080, Qty: 1, Inv: INV-1021
2026-02-13 16:28:53,199 - SpareERP - INFO - Part sold: M7160190, Qty: 1, Inv: INV-1021
2026-02-13 16:28:53,205 - SpareERP - INFO - Part sold: N9162650, Qty: 1, Inv: INV-1021
2026-02-13 16:28:53,211 - SpareERP - INFO - Part sold: ND210020, Qty: 1, Inv: INV-1021
2026-02-13 16:28:53,217 - SpareERP - INFO - Part sold: N9170340, Qty: 1, Inv: INV-1021
2026-02-13 16:28:53,223 - SpareERP - INFO - Part sold: P7170060, Qty: 1, Inv: INV-1021
2026-02-13 16:28:53,230 - SpareERP - INFO - Part sold: P6170030, Qty: 1, Inv: INV-1021
2026-02-13 16:28:53,233 - SpareERP - INFO - Generating PDF with Theme: 'Logo Adaptive' for Invoice: INV-1021
2026-02-13 16:28:54,383 - SpareERP - INFO - Sending WhatsApp for INV-1021 to 9335668077
2026-02-13 16:35:30,001 - SpareERP - INFO - Generating PDF with Theme: 'Modern (Blue)' for Invoice: TEST-PAGE-001
2026-02-13 16:36:10,393 - SpareERP - INFO - Generating PDF with Theme: 'Modern (Blue)' for Invoice: TEST-MODERN-PAGES
2026-02-13 16:36:10,424 - SpareERP - INFO - Generating PDF with Theme: 'Executive (Black/Gold)' for Invoice: TEST-EXECUTIVE-PAGES
2026-02-13 16:36:10,456 - SpareERP - INFO - Generating PDF with Theme: 'Minimal (B&W)' for Invoice: TEST-MINIMAL-PAGES
2026-02-13 17:20:18,108 - SpareERP - INFO - Application starting...
2026-02-13 17:20:23,442 - SpareERP - INFO - Database initialized at c:\Users\Admin\Desktop\spare_ERP\data\spareparts_pro.db
2026-02-13 17:20:23,449 - SpareERP - INFO - Launching Login Window...
2026-02-13 17:26:13,523 - SpareERP - INFO - User admin logged in successfully
2026-02-13 17:26:18,565 - SpareERP - ERROR - Error logging activity: database is locked
2026-02-13 17:26:18,567 - SpareERP - INFO - Login success signal received. Role: ADMIN
2026-02-13 17:26:18,581 - SpareERP - INFO - User authenticated as ADMIN. Launching Main Window.
2026-02-13 17:26:18,588 - SpareERP - INFO - Initializing MainWindow...
2026-02-13 17:26:18,711 - SpareERP - INFO - Lazy loading page: Dashboard
2026-02-13 17:26:19,313 - SpareERP - INFO - AI Cache: 221 vehicle models, 360 part keywords
2026-02-13 17:26:20,659 - SpareERP - INFO - Lazy loading page: Inventory
2026-02-13 17:26:21,173 - SpareERP - INFO - Initializing InventoryPage...
2026-02-13 17:26:21,220 - SpareERP - INFO - InventoryPage Initialized Successfully.
2026-02-13 17:26:21,924 - SpareERP - INFO - Lazy loading page: Reports
2026-02-13 17:26:23,108 - SpareERP - INFO - Lazy loading page: Expenses
2026-02-13 17:26:23,120 - SpareERP - INFO - AI Cache: 221 vehicle models, 360 part keywords
2026-02-13 17:26:23,128 - SpareERP - INFO - Query all expenses: 19 found
2026-02-13 17:26:23,128 - SpareERP - INFO - Querying ALL expenses
2026-02-13 17:26:23,128 - SpareERP - INFO - Found 19 expense entries
2026-02-13 17:26:23,129 - SpareERP - INFO - Loading 19 expenses
2026-02-13 17:26:27,000 - SpareERP - INFO - Lazy loading page: Orders
2026-02-13 17:26:54,659 - SpareERP - INFO - Lazy loading page: Settings
2026-02-13 17:26:58,771 - SpareERP - INFO - Lazy loading page: Billing
2026-02-13 17:35:17,346 - SpareERP - INFO - Inventory imported from C:/Users/Admin/Desktop/spare_ERP/parts_inventory.csv, 600 records processed
2026-02-13 17:36:42,263 - SpareERP - INFO - Application starting...
2026-02-13 17:36:44,079 - SpareERP - INFO - Database initialized at c:\Users\Admin\Desktop\spare_ERP\data\spareparts_pro.db
2026-02-13 17:36:44,087 - SpareERP - INFO - Launching Login Window...
2026-02-13 17:37:11,126 - SpareERP - INFO - Login cancelled. Exiting.
2026-02-13 17:38:51,089 - SpareERP - ERROR - Error adding part: tuple indices must be integers or slices, not str
2026-02-13 17:42:12,563 - SpareERP - INFO - Application starting...
2026-02-13 17:42:14,436 - SpareERP - INFO - Database initialized at c:\Users\Admin\Desktop\spare_ERP\data\spareparts_pro.db
2026-02-13 17:42:14,444 - SpareERP - INFO - Launching Login Window...
2026-02-13 17:42:26,365 - SpareERP - INFO - User admin logged in successfully
2026-02-13 17:42:31,402 - SpareERP - ERROR - Error logging activity: database is locked
2026-02-13 17:42:31,404 - SpareERP - INFO - Login success signal received. Role: ADMIN
2026-02-13 17:42:31,421 - SpareERP - INFO - User authenticated as ADMIN. Launching Main Window.
2026-02-13 17:42:31,424 - SpareERP - INFO - Initializing MainWindow...
2026-02-13 17:42:31,563 - SpareERP - INFO - Lazy loading page: Dashboard
2026-02-13 17:42:31,702 - SpareERP - INFO - AI Cache: 221 vehicle models, 361 part keywords
2026-02-13 17:42:39,817 - SpareERP - INFO - Lazy loading page: Inventory
2026-02-13 17:42:40,118 - SpareERP - INFO - Initializing InventoryPage...
2026-02-13 17:42:40,156 - SpareERP - INFO - InventoryPage Initialized Successfully.
2026-02-13 17:43:17,216 - SpareERP - INFO - Refreshing page at index 2
2026-02-13 17:43:18,664 - SpareERP - INFO - Refreshing page at index 2
2026-02-13 17:43:18,904 - SpareERP - INFO - Refreshing page at index 2
2026-02-13 17:43:19,155 - SpareERP - INFO - Refreshing page at index 2
2026-02-13 17:43:19,573 - SpareERP - INFO - Refreshing page at index 2
2026-02-13 17:43:19,864 - SpareERP - INFO - Refreshing page at index 2
2026-02-13 17:43:20,096 - SpareERP - INFO - Refreshing page at index 2
2026-02-13 17:43:24,896 - SpareERP - INFO - Refreshing page at index 2
2026-02-13 17:43:25,256 - SpareERP - INFO - Refreshing page at index 2
2026-02-13 17:43:30,752 - SpareERP - INFO - Refreshing page at index 2
2026-02-13 17:43:31,008 - SpareERP - INFO - Refreshing page at index 2
2026-02-13 17:43:31,272 - SpareERP - INFO - Refreshing page at index 2
2026-02-13 17:43:31,512 - SpareERP - INFO - Refreshing page at index 2
2026-02-13 17:43:31,812 - SpareERP - INFO - Refreshing page at index 2
2026-02-13 17:43:32,434 - SpareERP - INFO - Refreshing page at index 2
2026-02-13 17:43:36,920 - SpareERP - INFO - Refreshing page at index 2
2026-02-13 17:43:37,216 - SpareERP - INFO - Refreshing page at index 2
2026-02-13 17:43:37,721 - SpareERP - INFO - Refreshing page at index 2
2026-02-13 17:43:37,992 - SpareERP - INFO - Refreshing page at index 2
2026-02-13 17:46:28,240 - SpareERP - INFO - Application starting...
2026-02-13 17:46:30,003 - SpareERP - INFO - Database initialized at c:\Users\Admin\Desktop\spare_ERP\data\spareparts_pro.db
2026-02-13 17:46:30,008 - SpareERP - INFO - Launching Login Window...
2026-02-13 17:46:38,706 - SpareERP - INFO - User admin logged in successfully
2026-02-13 17:46:43,749 - SpareERP - ERROR - Error logging activity: database is locked
2026-02-13 17:46:43,751 - SpareERP - INFO - Login success signal received. Role: ADMIN
2026-02-13 17:46:43,764 - SpareERP - INFO - User authenticated as ADMIN. Launching Main Window.
2026-02-13 17:46:43,766 - SpareERP - INFO - Initializing MainWindow...
2026-02-13 17:46:43,871 - SpareERP - INFO - Lazy loading page: Dashboard
2026-02-13 17:46:43,976 - SpareERP - INFO - AI Cache: 221 vehicle models, 361 part keywords
2026-02-13 17:46:45,415 - SpareERP - INFO - Lazy loading page: Inventory
2026-02-13 17:46:45,698 - SpareERP - INFO - Initializing InventoryPage...
2026-02-13 17:46:45,733 - SpareERP - INFO - InventoryPage Initialized Successfully.
2026-02-13 17:50:13,096 - SpareERP - INFO - Application starting...
2026-02-13 17:50:14,868 - SpareERP - INFO - Database initialized at c:\Users\Admin\Desktop\spare_ERP\data\spareparts_pro.db
2026-02-13 17:50:14,874 - SpareERP - INFO - Launching Login Window...
2026-02-13 17:50:22,976 - SpareERP - INFO - User admin logged in successfully
2026-02-13 17:50:28,025 - SpareERP - ERROR - Error logging activity: database is locked
2026-02-13 17:50:28,026 - SpareERP - INFO - Login success signal received. Role: ADMIN
2026-02-13 17:50:28,033 - SpareERP - INFO - User authenticated as ADMIN. Launching Main Window.
2026-02-13 17:50:28,034 - SpareERP - INFO - Initializing MainWindow...
2026-02-13 17:50:28,134 - SpareERP - INFO - Lazy loading page: Dashboard
2026-02-13 17:50:28,246 - SpareERP - INFO - AI Cache: 221 vehicle models, 361 part keywords
2026-02-13 17:50:30,573 - SpareERP - INFO - Lazy loading page: Inventory
2026-02-13 17:50:30,873 - SpareERP - INFO - Initializing InventoryPage...
2026-02-13 17:50:30,907 - SpareERP - INFO - InventoryPage Initialized Successfully.
2026-02-13 17:52:25,607 - SpareERP - ERROR - Error adding part: tuple indices must be integers or slices, not str
2026-02-13 17:53:10,994 - SpareERP - INFO - Lazy loading page: Reports
2026-02-13 17:53:12,586 - SpareERP - INFO - Lazy loading page: Expenses
2026-02-13 17:53:12,596 - SpareERP - INFO - AI Cache: 221 vehicle models, 361 part keywords
2026-02-13 17:53:12,604 - SpareERP - INFO - Query all expenses: 19 found
2026-02-13 17:53:12,604 - SpareERP - INFO - Querying ALL expenses
2026-02-13 17:53:12,604 - SpareERP - INFO - Found 19 expense entries
2026-02-13 17:53:12,605 - SpareERP - INFO - Loading 19 expenses
2026-02-13 17:53:14,418 - SpareERP - INFO - Lazy loading page: Orders
2026-02-13 17:53:25,146 - SpareERP - WARNING - Current page (index 6) does not have a load_data method
2026-02-13 17:53:26,018 - SpareERP - WARNING - Current page (index 6) does not have a load_data method
2026-02-13 17:53:26,210 - SpareERP - WARNING - Current page (index 6) does not have a load_data method
2026-02-13 17:53:26,412 - SpareERP - WARNING - Current page (index 6) does not have a load_data method
2026-02-13 17:54:19,761 - SpareERP - WARNING - Current page (index 6) does not have a load_data method
2026-02-13 17:54:50,952 - SpareERP - INFO - Application starting...
2026-02-13 17:54:52,765 - SpareERP - INFO - Database initialized at c:\Users\Admin\Desktop\spare_ERP\data\spareparts_pro.db
2026-02-13 17:54:52,770 - SpareERP - INFO - Launching Login Window...
2026-02-13 17:55:06,309 - SpareERP - INFO - User admin logged in successfully
2026-02-13 17:55:11,350 - SpareERP - ERROR - Error logging activity: database is locked
2026-02-13 17:55:11,352 - SpareERP - INFO - Login success signal received. Role: ADMIN
2026-02-13 17:55:11,367 - SpareERP - INFO - User authenticated as ADMIN. Launching Main Window.
2026-02-13 17:55:11,371 - SpareERP - INFO - Initializing MainWindow...
2026-02-13 17:55:11,478 - SpareERP - INFO - Lazy loading page: Dashboard
2026-02-13 17:55:11,595 - SpareERP - INFO - AI Cache: 221 vehicle models, 361 part keywords
2026-02-13 17:55:12,761 - SpareERP - INFO - Lazy loading page: Inventory
2026-02-13 17:55:13,072 - SpareERP - INFO - Initializing InventoryPage...
2026-02-13 17:55:13,107 - SpareERP - INFO - InventoryPage Initialized Successfully.
2026-02-13 17:55:32,364 - SpareERP - ERROR - Error adding part: cannot access local variable 'data' where it is not associated with a value
2026-02-13 17:58:38,023 - SpareERP - INFO - Application starting...
2026-02-13 17:58:39,818 - SpareERP - INFO - Database initialized at c:\Users\Admin\Desktop\spare_ERP\data\spareparts_pro.db
2026-02-13 17:58:39,824 - SpareERP - INFO - Launching Login Window...
2026-02-13 17:58:54,042 - SpareERP - WARNING - Failed login attempt for user: admin
2026-02-13 18:00:23,105 - SpareERP - INFO - User admin logged in successfully
2026-02-13 18:00:28,151 - SpareERP - ERROR - Error logging activity: database is locked
2026-02-13 18:00:28,153 - SpareERP - INFO - Login success signal received. Role: ADMIN
2026-02-13 18:00:28,159 - SpareERP - INFO - User authenticated as ADMIN. Launching Main Window.
2026-02-13 18:00:28,161 - SpareERP - INFO - Initializing MainWindow...
2026-02-13 18:00:28,251 - SpareERP - INFO - Lazy loading page: Dashboard
2026-02-13 18:00:28,382 - SpareERP - INFO - AI Cache: 221 vehicle models, 361 part keywords
2026-02-13 18:02:13,212 - SpareERP - INFO - Lazy loading page: Inventory
2026-02-13 18:02:13,484 - SpareERP - INFO - Initializing InventoryPage...
2026-02-13 18:02:13,518 - SpareERP - INFO - InventoryPage Initialized Successfully.
2026-02-13 18:02:42,725 - SpareERP - INFO - Part added: A23SS - AAA by ADMIN
2026-02-13 18:02:49,154 - SpareERP - INFO - Part deleted: A23SS
2026-02-13 18:04:23,890 - SpareERP - INFO - Lazy loading page: Orders
2026-02-14 09:49:24,489 - SpareERP - INFO - Application starting...
2026-02-14 09:49:28,342 - SpareERP - INFO - Application starting...
2026-02-14 09:49:30,788 - SpareERP - INFO - Database initialized at c:\Users\Admin\Desktop\spare_ERP\data\spareparts_pro.db
2026-02-14 09:49:30,794 - SpareERP - INFO - Launching Login Window...
2026-02-14 09:49:40,039 - SpareERP - INFO - User admin logged in successfully
2026-02-14 09:49:45,081 - SpareERP - ERROR - Error logging activity: database is locked
2026-02-14 09:49:45,083 - SpareERP - INFO - Login success signal received. Role: ADMIN
2026-02-14 09:49:45,097 - SpareERP - INFO - User authenticated as ADMIN. Launching Main Window.
2026-02-14 09:49:45,103 - SpareERP - INFO - Initializing MainWindow...
2026-02-14 09:49:45,214 - SpareERP - INFO - Lazy loading page: Dashboard
2026-02-14 09:49:45,375 - SpareERP - INFO - AI Cache: 221 vehicle models, 361 part keywords
2026-02-14 09:49:49,774 - SpareERP - INFO - Lazy loading page: Inventory
2026-02-14 09:49:50,167 - SpareERP - INFO - Initializing InventoryPage...
2026-02-14 09:49:50,225 - SpareERP - INFO - InventoryPage Initialized Successfully.
2026-02-14 09:50:04,343 - SpareERP - INFO - Lazy loading page: Billing
2026-02-14 09:50:20,800 - SpareERP - INFO - Lazy loading page: Settings
2026-02-14 09:50:32,207 - SpareERP - INFO - Lazy loading page: Orders
2026-02-14 09:58:19,885 - SpareERP - INFO - Database initialized at spareparts.db
2026-02-14 09:58:19,899 - SpareERP - INFO - Part added: TEST-PART-001 - Flux Capacitor by ADMIN
2026-02-14 09:58:19,906 - SpareERP - INFO - Created PO PO-1771043299 with 1 items
2026-02-14 09:58:51,540 - SpareERP - INFO - Application starting...
2026-02-14 09:58:55,865 - SpareERP - INFO - Database initialized at c:\Users\Admin\Desktop\spare_ERP\data\spareparts_pro.db
2026-02-14 09:58:55,870 - SpareERP - INFO - Launching Login Window...
2026-02-14 09:59:07,901 - SpareERP - INFO - User admin logged in successfully
2026-02-14 09:59:12,940 - SpareERP - ERROR - Error logging activity: database is locked
2026-02-14 09:59:12,942 - SpareERP - INFO - Login success signal received. Role: ADMIN
2026-02-14 09:59:12,957 - SpareERP - INFO - User authenticated as ADMIN. Launching Main Window.
2026-02-14 09:59:12,960 - SpareERP - INFO - Initializing MainWindow...
2026-02-14 09:59:13,067 - SpareERP - INFO - Lazy loading page: Dashboard
2026-02-14 09:59:13,579 - SpareERP - INFO - AI Cache: 221 vehicle models, 361 part keywords
2026-02-14 09:59:44,481 - SpareERP - INFO - Lazy loading page: Orders
2026-02-14 10:04:34,001 - SpareERP - INFO - Application starting...
2026-02-14 10:04:35,737 - SpareERP - INFO - Database initialized at c:\Users\Admin\Desktop\spare_ERP\data\spareparts_pro.db
2026-02-14 10:04:35,742 - SpareERP - INFO - Launching Login Window...
2026-02-14 10:05:02,505 - SpareERP - INFO - User admin logged in successfully
2026-02-14 10:05:07,553 - SpareERP - ERROR - Error logging activity: database is locked
2026-02-14 10:05:07,554 - SpareERP - INFO - Login success signal received. Role: ADMIN
2026-02-14 10:05:07,569 - SpareERP - INFO - User authenticated as ADMIN. Launching Main Window.
2026-02-14 10:05:07,572 - SpareERP - INFO - Initializing MainWindow...
2026-02-14 10:05:07,671 - SpareERP - INFO - Lazy loading page: Dashboard
2026-02-14 10:05:07,777 - SpareERP - INFO - AI Cache: 221 vehicle models, 361 part keywords
2026-02-14 10:05:10,269 - SpareERP - INFO - Lazy loading page: Orders
2026-02-14 10:07:27,373 - SpareERP - ERROR - Error adding vendor: table vendors has no column named rep_name
2026-02-14 10:07:32,468 - SpareERP - ERROR - Error adding vendor: table vendors has no column named rep_name
2026-02-14 10:11:04,763 - SpareERP - INFO - Database initialized at spareparts.db
2026-02-14 10:11:04,767 - SpareERP - WARNING - Duplicate part entry attempted: TEST-PART-001
2026-02-14 10:11:04,773 - SpareERP - INFO - Created PO PO-1771044064 with 1 items
2026-02-14 10:11:39,249 - SpareERP - INFO - Application starting...
2026-02-14 10:11:41,058 - SpareERP - INFO - Migrated schema: Added rep_name to vendors table
2026-02-14 10:11:41,062 - SpareERP - INFO - Migrated schema: Added gstin to vendors table
2026-02-14 10:11:41,066 - SpareERP - INFO - Migrated schema: Added notes to vendors table
2026-02-14 10:11:41,066 - SpareERP - INFO - Database initialized at c:\Users\Admin\Desktop\spare_ERP\data\spareparts_pro.db
2026-02-14 10:11:41,074 - SpareERP - INFO - Launching Login Window...
2026-02-14 10:11:54,670 - SpareERP - INFO - User admin logged in successfully
2026-02-14 10:11:59,716 - SpareERP - ERROR - Error logging activity: database is locked
2026-02-14 10:11:59,718 - SpareERP - INFO - Login success signal received. Role: ADMIN
2026-02-14 10:11:59,729 - SpareERP - INFO - User authenticated as ADMIN. Launching Main Window.
2026-02-14 10:11:59,732 - SpareERP - INFO - Initializing MainWindow...
2026-02-14 10:11:59,831 - SpareERP - INFO - Lazy loading page: Dashboard
2026-02-14 10:11:59,929 - SpareERP - INFO - AI Cache: 221 vehicle models, 361 part keywords
2026-02-14 10:12:02,010 - SpareERP - INFO - Lazy loading page: Orders
2026-02-14 10:22:58,404 - SpareERP - INFO - Database initialized at spareparts.db
2026-02-14 10:23:24,982 - SpareERP - INFO - Application starting...
2026-02-14 10:23:26,779 - SpareERP - INFO - Database initialized at c:\Users\Admin\Desktop\spare_ERP\data\spareparts_pro.db
2026-02-14 10:23:26,787 - SpareERP - INFO - Launching Login Window...
2026-02-14 10:23:39,581 - SpareERP - INFO - User admin logged in successfully
2026-02-14 10:23:44,627 - SpareERP - ERROR - Error logging activity: database is locked
2026-02-14 10:23:44,629 - SpareERP - INFO - Login success signal received. Role: ADMIN
2026-02-14 10:23:44,644 - SpareERP - INFO - User authenticated as ADMIN. Launching Main Window.
2026-02-14 10:23:44,650 - SpareERP - INFO - Initializing MainWindow...
2026-02-14 10:23:44,749 - SpareERP - INFO - Lazy loading page: Dashboard
2026-02-14 10:23:44,850 - SpareERP - INFO - AI Cache: 221 vehicle models, 361 part keywords
2026-02-14 10:23:48,465 - SpareERP - INFO - Lazy loading page: Orders
2026-02-14 10:39:26,376 - SpareERP - INFO - Application starting...
2026-02-14 10:39:28,161 - SpareERP - INFO - Database initialized at c:\Users\Admin\Desktop\spare_ERP\data\spareparts_pro.db
2026-02-14 10:39:28,168 - SpareERP - INFO - Launching Login Window...
2026-02-14 10:39:36,499 - SpareERP - INFO - User admin logged in successfully
2026-02-14 10:39:41,545 - SpareERP - ERROR - Error logging activity: database is locked
2026-02-14 10:39:41,546 - SpareERP - INFO - Login success signal received. Role: ADMIN
2026-02-14 10:39:41,561 - SpareERP - INFO - User authenticated as ADMIN. Launching Main Window.
2026-02-14 10:39:41,564 - SpareERP - INFO - Initializing MainWindow...
2026-02-14 10:39:41,670 - SpareERP - INFO - Lazy loading page: Dashboard
2026-02-14 10:39:41,782 - SpareERP - INFO - AI Cache: 221 vehicle models, 361 part keywords
2026-02-14 10:39:44,771 - SpareERP - INFO - Lazy loading page: Access
2026-02-14 10:39:45,518 - SpareERP - INFO - Lazy loading page: Orders
2026-02-14 10:40:30,129 - SpareERP - INFO - Database initialized at spareparts.db
2026-02-14 10:41:13,511 - SpareERP - INFO - Application starting...
2026-02-14 10:41:15,323 - SpareERP - INFO - Database initialized at c:\Users\Admin\Desktop\spare_ERP\data\spareparts_pro.db
2026-02-14 10:41:15,328 - SpareERP - INFO - Launching Login Window...
2026-02-14 10:41:27,057 - SpareERP - WARNING - Failed login attempt for user: admin
2026-02-14 10:41:32,833 - SpareERP - INFO - User admin logged in successfully
2026-02-14 10:41:37,876 - SpareERP - ERROR - Error logging activity: database is locked
2026-02-14 10:41:37,878 - SpareERP - INFO - Login success signal received. Role: ADMIN
2026-02-14 10:41:37,890 - SpareERP - INFO - User authenticated as ADMIN. Launching Main Window.
2026-02-14 10:41:37,892 - SpareERP - INFO - Initializing MainWindow...
2026-02-14 10:41:37,991 - SpareERP - INFO - Lazy loading page: Dashboard
2026-02-14 10:41:38,096 - SpareERP - INFO - AI Cache: 221 vehicle models, 361 part keywords
2026-02-14 10:41:39,526 - SpareERP - INFO - Lazy loading page: Orders
2026-02-14 10:51:57,194 - SpareERP - INFO - Database initialized at spareparts.db
2026-02-14 10:51:57,209 - SpareERP - INFO - Part added: TEST-PART-FULL-1 - Full Test Part by ADMIN
2026-02-14 10:51:57,215 - SpareERP - INFO - Created PO PO-1771046517 with 1 items
2026-02-14 10:53:28,513 - SpareERP - INFO - Database initialized at spareparts.db
2026-02-14 10:53:28,525 - SpareERP - WARNING - Duplicate part entry attempted: TEST-PART-FULL-1
2026-02-14 10:53:28,530 - SpareERP - INFO - Created PO PO-1771046608 with 1 items
2026-02-14 10:53:28,540 - SpareERP - INFO - Received item 4: 5 @ 90.0
2026-02-14 10:54:10,394 - SpareERP - INFO - Application starting...
2026-02-14 10:54:12,182 - SpareERP - INFO - Database initialized at c:\Users\Admin\Desktop\spare_ERP\data\spareparts_pro.db
2026-02-14 10:54:12,189 - SpareERP - INFO - Launching Login Window...
2026-02-14 10:54:22,737 - SpareERP - INFO - User admin logged in successfully
2026-02-14 10:54:27,778 - SpareERP - ERROR - Error logging activity: database is locked
2026-02-14 10:54:27,780 - SpareERP - INFO - Login success signal received. Role: ADMIN
2026-02-14 10:54:27,795 - SpareERP - INFO - User authenticated as ADMIN. Launching Main Window.
2026-02-14 10:54:27,798 - SpareERP - INFO - Initializing MainWindow...
2026-02-14 10:54:27,908 - SpareERP - INFO - Lazy loading page: Dashboard
2026-02-14 10:54:28,015 - SpareERP - INFO - AI Cache: 221 vehicle models, 361 part keywords
2026-02-14 10:54:29,815 - SpareERP - INFO - Lazy loading page: Orders
2026-02-14 10:59:52,777 - SpareERP - INFO - Lazy loading page: Inventory
2026-02-14 10:59:52,778 - SpareERP - INFO - Initializing InventoryPage...
2026-02-14 10:59:52,822 - SpareERP - INFO - InventoryPage Initialized Successfully.
2026-02-14 11:00:29,953 - SpareERP - INFO - Lazy loading page: Reports
2026-02-14 11:00:37,522 - SpareERP - INFO - Database initialized at spareparts.db
2026-02-14 11:01:11,661 - SpareERP - INFO - Application starting...
2026-02-14 11:01:13,440 - SpareERP - INFO - Database initialized at c:\Users\Admin\Desktop\spare_ERP\data\spareparts_pro.db
2026-02-14 11:01:13,446 - SpareERP - INFO - Launching Login Window...
2026-02-14 11:01:21,349 - SpareERP - WARNING - Failed login attempt for user: ADMIN
2026-02-14 11:01:46,412 - SpareERP - INFO - User admin logged in successfully
2026-02-14 11:01:51,456 - SpareERP - ERROR - Error logging activity: database is locked
2026-02-14 11:01:51,458 - SpareERP - INFO - Login success signal received. Role: ADMIN
2026-02-14 11:01:51,476 - SpareERP - INFO - User authenticated as ADMIN. Launching Main Window.
2026-02-14 11:01:51,478 - SpareERP - INFO - Initializing MainWindow...
2026-02-14 11:01:51,572 - SpareERP - INFO - Lazy loading page: Dashboard
2026-02-14 11:01:51,677 - SpareERP - INFO - AI Cache: 221 vehicle models, 361 part keywords
2026-02-14 11:02:04,368 - SpareERP - INFO - Lazy loading page: Orders
2026-02-14 11:02:52,912 - SpareERP - INFO - Created PO PO-1771047172 with 2 items
2026-02-14 11:12:17,794 - SpareERP - INFO - Application starting...
2026-02-14 11:12:19,632 - SpareERP - INFO - Database initialized at c:\Users\Admin\Desktop\spare_ERP\data\spareparts_pro.db
2026-02-14 11:12:19,637 - SpareERP - INFO - Launching Login Window...
2026-02-14 11:12:27,358 - SpareERP - INFO - User admin logged in successfully
2026-02-14 11:12:32,400 - SpareERP - ERROR - Error logging activity: database is locked
2026-02-14 11:12:32,402 - SpareERP - INFO - Login success signal received. Role: ADMIN
2026-02-14 11:12:32,418 - SpareERP - INFO - User authenticated as ADMIN. Launching Main Window.
2026-02-14 11:12:32,421 - SpareERP - INFO - Initializing MainWindow...
2026-02-14 11:12:32,521 - SpareERP - INFO - Lazy loading page: Dashboard
2026-02-14 11:12:32,698 - SpareERP - INFO - AI Cache: 221 vehicle models, 361 part keywords
2026-02-14 11:12:37,050 - SpareERP - INFO - Lazy loading page: Orders
2026-02-14 11:13:53,306 - SpareERP - INFO - Lazy loading page: Inventory
2026-02-14 11:13:53,307 - SpareERP - INFO - Initializing InventoryPage...
2026-02-14 11:13:53,358 - SpareERP - INFO - InventoryPage Initialized Successfully.
2026-02-14 11:14:46,593 - SpareERP - INFO - Application starting...
2026-02-14 11:14:48,376 - SpareERP - INFO - Database initialized at c:\Users\Admin\Desktop\spare_ERP\data\spareparts_pro.db
2026-02-14 11:14:48,381 - SpareERP - INFO - Launching Login Window...
2026-02-14 11:18:15,913 - SpareERP - INFO - User admin logged in successfully
2026-02-14 11:18:20,959 - SpareERP - ERROR - Error logging activity: database is locked
2026-02-14 11:18:20,961 - SpareERP - INFO - Login success signal received. Role: ADMIN
2026-02-14 11:18:20,977 - SpareERP - INFO - User authenticated as ADMIN. Launching Main Window.
2026-02-14 11:18:20,980 - SpareERP - INFO - Initializing MainWindow...
2026-02-14 11:18:21,084 - SpareERP - INFO - Lazy loading page: Dashboard
2026-02-14 11:18:21,190 - SpareERP - INFO - AI Cache: 221 vehicle models, 361 part keywords
2026-02-14 11:18:25,638 - SpareERP - INFO - Lazy loading page: Orders
2026-02-14 11:18:39,259 - SpareERP - INFO - Received item 17: 10 @ 290.0
2026-02-14 11:18:49,906 - SpareERP - INFO - Received item 16: 10 @ 270.0
2026-02-14 11:18:57,037 - SpareERP - INFO - Received item 15: 5 @ 120.0
2026-02-14 11:19:03,276 - SpareERP - INFO - Received item 14: 10 @ 70.0
2026-02-14 11:22:02,707 - SpareERP - WARNING - Current page (index 6) does not have a load_data method
2026-02-14 11:22:05,555 - SpareERP - WARNING - Current page (index 6) does not have a load_data method
2026-02-14 11:22:06,211 - SpareERP - WARNING - Current page (index 6) does not have a load_data method
2026-02-14 11:38:53,503 - SpareERP - INFO - Application starting...
2026-02-14 11:38:55,343 - SpareERP - INFO - Database initialized at c:\Users\Admin\Desktop\spare_ERP\data\spareparts_pro.db
2026-02-14 11:38:55,349 - SpareERP - INFO - Launching Login Window...
2026-02-14 11:39:14,548 - SpareERP - INFO - User admin logged in successfully
2026-02-14 11:39:19,593 - SpareERP - ERROR - Error logging activity: database is locked
2026-02-14 11:39:19,595 - SpareERP - INFO - Login success signal received. Role: ADMIN
2026-02-14 11:39:19,611 - SpareERP - INFO - User authenticated as ADMIN. Launching Main Window.
2026-02-14 11:39:19,614 - SpareERP - INFO - Initializing MainWindow...
2026-02-14 11:39:19,726 - SpareERP - INFO - Lazy loading page: Dashboard
2026-02-14 11:39:19,837 - SpareERP - INFO - AI Cache: 221 vehicle models, 361 part keywords
2026-02-14 11:39:21,655 - SpareERP - INFO - Lazy loading page: Inventory
2026-02-14 11:39:21,917 - SpareERP - INFO - Initializing InventoryPage...
2026-02-14 11:39:21,952 - SpareERP - INFO - InventoryPage Initialized Successfully.
2026-02-14 11:39:23,904 - SpareERP - INFO - Lazy loading page: Orders
2026-02-14 11:40:15,455 - SpareERP - WARNING - Current page (index 6) does not have a load_data method
2026-02-14 11:40:19,550 - SpareERP - INFO - Created PO PO-1771049419 with 2 items
2026-02-14 11:40:27,027 - SpareERP - INFO - Received item 18: 10 @ 148.0
2026-02-14 11:40:29,440 - SpareERP - INFO - Received item 19: 10 @ 359.0
2026-02-14 11:40:37,119 - SpareERP - WARNING - Current page (index 6) does not have a load_data method
2026-02-14 11:40:37,623 - SpareERP - WARNING - Current page (index 6) does not have a load_data method
2026-02-14 11:40:37,831 - SpareERP - WARNING - Current page (index 6) does not have a load_data method
2026-02-14 11:40:38,263 - SpareERP - WARNING - Current page (index 6) does not have a load_data method
2026-02-14 11:42:56,146 - SpareERP - INFO - Database initialized at spareparts.db
2026-02-14 11:42:56,156 - SpareERP - INFO - Part added: GRN_TEST_1771049576 - GRN Test Part by ADMIN
2026-02-14 11:42:56,163 - SpareERP - INFO - Created PO PO-1771049576 with 1 items
2026-02-14 11:42:56,171 - SpareERP - INFO - Received item 5: 5 @ 105.0
2026-02-14 11:43:19,561 - SpareERP - INFO - Application starting...
2026-02-14 11:43:21,410 - SpareERP - INFO - Database initialized at c:\Users\Admin\Desktop\spare_ERP\data\spareparts_pro.db
2026-02-14 11:43:21,416 - SpareERP - INFO - Launching Login Window...
2026-02-14 11:43:41,841 - SpareERP - WARNING - Failed login attempt for user: admin
2026-02-14 11:43:46,689 - SpareERP - INFO - User admin logged in successfully
2026-02-14 11:43:51,733 - SpareERP - ERROR - Error logging activity: database is locked
2026-02-14 11:43:51,735 - SpareERP - INFO - Login success signal received. Role: ADMIN
2026-02-14 11:43:51,741 - SpareERP - INFO - User authenticated as ADMIN. Launching Main Window.
2026-02-14 11:43:51,743 - SpareERP - INFO - Initializing MainWindow...
2026-02-14 11:43:51,817 - SpareERP - INFO - Lazy loading page: Dashboard
2026-02-14 11:43:51,945 - SpareERP - INFO - AI Cache: 221 vehicle models, 361 part keywords
2026-02-14 11:44:01,315 - SpareERP - INFO - Application starting...
2026-02-14 11:44:03,080 - SpareERP - INFO - Database initialized at c:\Users\Admin\Desktop\spare_ERP\data\spareparts_pro.db
2026-02-14 11:44:03,085 - SpareERP - INFO - Launching Login Window...
2026-02-14 11:44:11,504 - SpareERP - WARNING - Failed login attempt for user: admin
2026-02-14 11:44:16,472 - SpareERP - INFO - User admin logged in successfully
2026-02-14 11:44:21,516 - SpareERP - ERROR - Error logging activity: database is locked
2026-02-14 11:44:21,518 - SpareERP - INFO - Login success signal received. Role: ADMIN
2026-02-14 11:44:21,533 - SpareERP - INFO - User authenticated as ADMIN. Launching Main Window.
2026-02-14 11:44:21,537 - SpareERP - INFO - Initializing MainWindow...
2026-02-14 11:44:21,643 - SpareERP - INFO - Lazy loading page: Dashboard
2026-02-14 11:44:21,757 - SpareERP - INFO - AI Cache: 221 vehicle models, 361 part keywords
2026-02-14 11:44:23,828 - SpareERP - INFO - Lazy loading page: Expenses
2026-02-14 11:44:23,841 - SpareERP - INFO - AI Cache: 221 vehicle models, 361 part keywords
2026-02-14 11:44:23,851 - SpareERP - INFO - Query all expenses: 19 found
2026-02-14 11:44:23,851 - SpareERP - INFO - Querying ALL expenses
2026-02-14 11:44:23,851 - SpareERP - INFO - Found 19 expense entries
2026-02-14 11:44:23,852 - SpareERP - INFO - Loading 19 expenses
2026-02-14 11:44:24,893 - SpareERP - INFO - Lazy loading page: Orders
2026-02-14 11:45:00,698 - SpareERP - INFO - Created PO PO-1771049700 with 3 items
2026-02-14 11:45:06,416 - SpareERP - INFO - Received item 22: 10 @ 359.0
2026-02-14 11:45:08,639 - SpareERP - INFO - Received item 21: 10 @ 70.0
2026-02-14 11:45:11,193 - SpareERP - INFO - Received item 20: 10 @ 37.0
2026-02-14 11:50:34,243 - SpareERP - INFO - Application starting...
2026-02-14 11:50:36,024 - SpareERP - INFO - Database initialized at c:\Users\Admin\Desktop\spare_ERP\data\spareparts_pro.db
2026-02-14 11:50:36,029 - SpareERP - INFO - Launching Login Window...
2026-02-14 11:50:47,876 - SpareERP - INFO - User admin logged in successfully
2026-02-14 11:50:52,919 - SpareERP - ERROR - Error logging activity: database is locked
2026-02-14 11:50:52,920 - SpareERP - INFO - Login success signal received. Role: ADMIN
2026-02-14 11:50:52,928 - SpareERP - INFO - User authenticated as ADMIN. Launching Main Window.
2026-02-14 11:50:52,930 - SpareERP - INFO - Initializing MainWindow...
2026-02-14 11:50:53,030 - SpareERP - INFO - Lazy loading page: Dashboard
2026-02-14 11:50:53,145 - SpareERP - INFO - AI Cache: 221 vehicle models, 361 part keywords
2026-02-14 11:51:02,974 - SpareERP - INFO - Lazy loading page: Orders
2026-02-14 11:53:07,802 - SpareERP - INFO - Database initialized at spareparts.db
2026-02-14 11:53:07,813 - SpareERP - INFO - Part added: P1_1771050187 - Part 1 by ADMIN
2026-02-14 11:53:07,819 - SpareERP - INFO - Part added: P2_1771050187 - Part 2 by ADMIN
2026-02-14 11:53:07,825 - SpareERP - INFO - Created PO PO-1771050187 with 2 items
2026-02-14 11:53:07,833 - SpareERP - INFO - Received item 6: 5 @ 100.0
2026-02-14 11:53:41,127 - SpareERP - INFO - Application starting...
2026-02-14 11:53:42,931 - SpareERP - INFO - Database initialized at c:\Users\Admin\Desktop\spare_ERP\data\spareparts_pro.db
2026-02-14 11:53:42,937 - SpareERP - INFO - Launching Login Window...
2026-02-14 11:56:15,465 - SpareERP - INFO - User admin logged in successfully
2026-02-14 11:56:20,512 - SpareERP - ERROR - Error logging activity: database is locked
2026-02-14 11:56:20,514 - SpareERP - INFO - Login success signal received. Role: ADMIN
2026-02-14 11:56:20,530 - SpareERP - INFO - User authenticated as ADMIN. Launching Main Window.
2026-02-14 11:56:20,533 - SpareERP - INFO - Initializing MainWindow...
2026-02-14 11:56:20,635 - SpareERP - INFO - Lazy loading page: Dashboard
2026-02-14 11:56:20,736 - SpareERP - INFO - AI Cache: 221 vehicle models, 361 part keywords
2026-02-14 11:56:23,733 - SpareERP - INFO - Lazy loading page: Orders
2026-02-14 11:57:49,332 - SpareERP - INFO - Created PO PO-1771050469 with 3 items
2026-02-14 11:57:59,137 - SpareERP - INFO - Received item 23: 1 @ 359.0
2026-02-14 11:58:07,333 - SpareERP - INFO - Received item 25: 5 @ 79.0
2026-02-14 11:58:10,102 - SpareERP - INFO - Received item 24: 10 @ 298.0
2026-02-14 11:58:18,251 - SpareERP - WARNING - Current page (index 6) does not have a load_data method
2026-02-14 11:58:18,836 - SpareERP - WARNING - Current page (index 6) does not have a load_data method
2026-02-14 11:58:19,219 - SpareERP - WARNING - Current page (index 6) does not have a load_data method
2026-02-14 11:58:19,643 - SpareERP - WARNING - Current page (index 6) does not have a load_data method
2026-02-14 11:59:07,517 - SpareERP - INFO - Application starting...
2026-02-14 11:59:09,354 - SpareERP - INFO - Database initialized at c:\Users\Admin\Desktop\spare_ERP\data\spareparts_pro.db
2026-02-14 11:59:09,359 - SpareERP - INFO - Launching Login Window...
2026-02-14 11:59:22,887 - SpareERP - INFO - User admin logged in successfully
2026-02-14 11:59:27,930 - SpareERP - ERROR - Error logging activity: database is locked
2026-02-14 11:59:27,932 - SpareERP - INFO - Login success signal received. Role: ADMIN
2026-02-14 11:59:27,949 - SpareERP - INFO - User authenticated as ADMIN. Launching Main Window.
2026-02-14 11:59:27,951 - SpareERP - INFO - Initializing MainWindow...
2026-02-14 11:59:28,057 - SpareERP - INFO - Lazy loading page: Dashboard
2026-02-14 11:59:28,160 - SpareERP - INFO - AI Cache: 221 vehicle models, 361 part keywords
2026-02-14 11:59:31,283 - SpareERP - INFO - Lazy loading page: Orders
2026-02-14 12:04:22,872 - SpareERP - INFO - Application starting...
2026-02-14 12:04:27,253 - SpareERP - INFO - Database initialized at c:\Users\Admin\Desktop\spare_ERP\data\spareparts_pro.db
2026-02-14 12:04:27,258 - SpareERP - INFO - Launching Login Window...
2026-02-14 12:04:43,627 - SpareERP - INFO - User admin logged in successfully
2026-02-14 12:04:48,669 - SpareERP - ERROR - Error logging activity: database is locked
2026-02-14 12:04:48,670 - SpareERP - INFO - Login success signal received. Role: ADMIN
2026-02-14 12:04:48,685 - SpareERP - INFO - User authenticated as ADMIN. Launching Main Window.
2026-02-14 12:04:48,688 - SpareERP - INFO - Initializing MainWindow...
2026-02-14 12:04:48,869 - SpareERP - INFO - Lazy loading page: Dashboard
2026-02-14 12:04:49,344 - SpareERP - INFO - AI Cache: 221 vehicle models, 361 part keywords
2026-02-14 12:04:51,270 - SpareERP - INFO - Lazy loading page: Orders
2026-02-14 12:06:43,250 - SpareERP - INFO - Application starting...
2026-02-14 12:06:44,989 - SpareERP - INFO - Database initialized at c:\Users\Admin\Desktop\spare_ERP\data\spareparts_pro.db
2026-02-14 12:06:44,993 - SpareERP - INFO - Launching Login Window...
2026-02-14 12:06:56,754 - SpareERP - INFO - User admin logged in successfully
2026-02-14 12:07:01,802 - SpareERP - ERROR - Error logging activity: database is locked
2026-02-14 12:07:01,804 - SpareERP - INFO - Login success signal received. Role: ADMIN
2026-02-14 12:07:01,819 - SpareERP - INFO - User authenticated as ADMIN. Launching Main Window.
2026-02-14 12:07:01,822 - SpareERP - INFO - Initializing MainWindow...
2026-02-14 12:07:02,012 - SpareERP - INFO - Lazy loading page: Dashboard
2026-02-14 12:07:02,132 - SpareERP - INFO - AI Cache: 221 vehicle models, 361 part keywords
2026-02-14 12:07:03,861 - SpareERP - INFO - Lazy loading page: Orders
2026-02-14 12:07:14,494 - SpareERP - INFO - Deleted PO PO-20260213-001
2026-02-14 12:11:39,485 - SpareERP - INFO - Received item 23: 9 @ 359.0
2026-02-14 12:11:41,468 - SpareERP - INFO - Received item 25: 5 @ 79.0
2026-02-14 12:12:36,338 - SpareERP - INFO - Lazy loading page: Reports
2026-02-14 12:12:36,994 - SpareERP - INFO - Lazy loading page: Inventory
2026-02-14 12:12:36,995 - SpareERP - INFO - Initializing InventoryPage...
2026-02-14 12:12:37,023 - SpareERP - INFO - InventoryPage Initialized Successfully.
2026-02-14 12:13:16,407 - SpareERP - INFO - Deleted PO PO-1770965106
2026-02-14 12:13:21,164 - SpareERP - INFO - Refreshing page at index 2
2026-02-14 12:13:21,803 - SpareERP - INFO - Refreshing page at index 2
2026-02-14 12:13:22,353 - SpareERP - INFO - Refreshing page at index 2
2026-02-14 12:13:22,876 - SpareERP - INFO - Refreshing page at index 2
2026-02-14 12:13:23,393 - SpareERP - INFO - Refreshing page at index 2
2026-02-14 12:13:52,232 - SpareERP - INFO - Created PO PO-1771051432 with 1 items
2026-02-14 12:14:04,620 - SpareERP - INFO - Received item 26: 10 @ 40.0
2026-02-14 12:14:09,321 - SpareERP - INFO - Refreshing page at index 2
2026-02-14 12:22:14,143 - SpareERP - INFO - Application starting...
2026-02-14 12:22:15,915 - SpareERP - INFO - Database initialized at c:\Users\Admin\Desktop\spare_ERP\data\spareparts_pro.db
2026-02-14 12:22:15,920 - SpareERP - INFO - Launching Login Window...
2026-02-14 12:22:24,703 - SpareERP - INFO - User admin logged in successfully
2026-02-14 12:22:29,746 - SpareERP - ERROR - Error logging activity: database is locked
2026-02-14 12:22:29,748 - SpareERP - INFO - Login success signal received. Role: ADMIN
2026-02-14 12:22:29,763 - SpareERP - INFO - User authenticated as ADMIN. Launching Main Window.
2026-02-14 12:22:29,766 - SpareERP - INFO - Initializing MainWindow...
2026-02-14 12:22:29,875 - SpareERP - INFO - Lazy loading page: Dashboard
2026-02-14 12:22:29,981 - SpareERP - INFO - AI Cache: 221 vehicle models, 361 part keywords
2026-02-14 12:22:31,691 - SpareERP - INFO - Lazy loading page: Expenses
2026-02-14 12:22:31,699 - SpareERP - INFO - AI Cache: 221 vehicle models, 361 part keywords
2026-02-14 12:22:31,707 - SpareERP - INFO - Query all expenses: 19 found
2026-02-14 12:22:31,708 - SpareERP - INFO - Querying ALL expenses
2026-02-14 12:22:31,708 - SpareERP - INFO - Found 19 expense entries
2026-02-14 12:22:31,708 - SpareERP - INFO - Loading 19 expenses
2026-02-14 12:22:32,348 - SpareERP - INFO - Lazy loading page: Orders
2026-02-14 12:49:52,036 - SpareERP - INFO - Application starting...
2026-02-14 12:49:56,960 - SpareERP - INFO - Database initialized at c:\Users\Admin\Desktop\spare_ERP\data\spareparts_pro.db
2026-02-14 12:49:56,965 - SpareERP - INFO - Launching Login Window...
2026-02-14 12:50:15,566 - SpareERP - INFO - User admin logged in successfully
2026-02-14 12:50:20,613 - SpareERP - ERROR - Error logging activity: database is locked
2026-02-14 12:50:20,615 - SpareERP - INFO - Login success signal received. Role: ADMIN
2026-02-14 12:50:20,630 - SpareERP - INFO - User authenticated as ADMIN. Launching Main Window.
2026-02-14 12:50:20,633 - SpareERP - INFO - Initializing MainWindow...
2026-02-14 12:50:20,756 - SpareERP - INFO - Lazy loading page: Dashboard
2026-02-14 12:50:21,260 - SpareERP - INFO - AI Cache: 221 vehicle models, 361 part keywords
2026-02-14 12:50:23,417 - SpareERP - INFO - Lazy loading page: Orders
2026-02-14 12:50:48,305 - SpareERP - INFO - Lazy loading page: Settings
2026-02-14 12:50:49,058 - SpareERP - INFO - Lazy loading page: Access
2026-02-14 12:51:07,983 - SpareERP - INFO - Application starting...
2026-02-14 12:51:09,753 - SpareERP - INFO - Database initialized at c:\Users\Admin\Desktop\spare_ERP\data\spareparts_pro.db
2026-02-14 12:51:09,762 - SpareERP - INFO - Launching Login Window...
2026-02-14 12:51:26,341 - SpareERP - INFO - User aman logged in successfully
2026-02-14 12:51:31,384 - SpareERP - ERROR - Error logging activity: database is locked
2026-02-14 12:51:31,386 - SpareERP - INFO - Login success signal received. Role: STAFF
2026-02-14 12:51:31,402 - SpareERP - INFO - User authenticated as STAFF. Launching Main Window.
2026-02-14 12:51:31,405 - SpareERP - INFO - Initializing MainWindow...
2026-02-14 12:51:31,506 - SpareERP - INFO - Lazy loading page: Dashboard
2026-02-14 12:51:31,605 - SpareERP - INFO - AI Cache: 221 vehicle models, 361 part keywords
2026-02-14 12:51:35,217 - SpareERP - INFO - Lazy loading page: Billing
2026-02-14 12:51:36,672 - SpareERP - INFO - Lazy loading page: Inventory
2026-02-14 12:51:36,939 - SpareERP - INFO - Initializing InventoryPage...
2026-02-14 12:51:36,967 - SpareERP - INFO - InventoryPage Initialized Successfully.
2026-02-14 12:52:13,210 - SpareERP - INFO - Generated new Invoice ID: INV-1022
2026-02-14 12:52:13,216 - SpareERP - INFO - Invoice saved: INV-1022
2026-02-14 12:52:13,216 - SpareERP - INFO - Invoice generated: INV-1022 for GYANI
2026-02-14 12:52:13,222 - SpareERP - INFO - Part sold: M100050, Qty: 1, Inv: INV-1022
2026-02-14 12:52:13,226 - SpareERP - INFO - Generating PDF with Theme: 'Logo Adaptive' for Invoice: INV-1022
2026-02-14 12:53:03,250 - SpareERP - INFO - Application starting...
2026-02-14 12:53:05,004 - SpareERP - INFO - Database initialized at c:\Users\Admin\Desktop\spare_ERP\data\spareparts_pro.db
2026-02-14 12:53:05,010 - SpareERP - INFO - Launching Login Window...
2026-02-14 12:53:13,739 - SpareERP - INFO - User admin logged in successfully
2026-02-14 12:53:18,782 - SpareERP - ERROR - Error logging activity: database is locked
2026-02-14 12:53:18,785 - SpareERP - INFO - Login success signal received. Role: ADMIN
2026-02-14 12:53:18,800 - SpareERP - INFO - User authenticated as ADMIN. Launching Main Window.
2026-02-14 12:53:18,803 - SpareERP - INFO - Initializing MainWindow...
2026-02-14 12:53:18,909 - SpareERP - INFO - Lazy loading page: Dashboard
2026-02-14 12:53:19,016 - SpareERP - INFO - AI Cache: 221 vehicle models, 361 part keywords
2026-02-14 12:53:22,311 - SpareERP - INFO - Lazy loading page: Settings
2026-02-14 12:53:35,239 - SpareERP - INFO - Lazy loading page: Access
2026-02-14 13:06:47,642 - SpareERP - INFO - Application starting...
2026-02-14 13:06:48,831 - SpareERP - CRITICAL - Unhandled exception in main loop: expected 'except' or 'finally' block (database_manager.py, line 247)
Traceback (most recent call last):
  File "c:\Users\Admin\Desktop\spare_ERP\main.py", line 86, in main
    from database_manager import DatabaseManager
  File "c:\Users\Admin\Desktop\spare_ERP\database_manager.py", line 247
    def get_user_login_history(self, username, limit=15):
SyntaxError: expected 'except' or 'finally' block
2026-02-14 13:07:00,809 - SpareERP - INFO - Application starting...
2026-02-14 13:07:01,972 - SpareERP - CRITICAL - Unhandled exception in main loop: expected 'except' or 'finally' block (database_manager.py, line 247)
Traceback (most recent call last):
  File "c:\Users\Admin\Desktop\spare_ERP\main.py", line 86, in main
    from database_manager import DatabaseManager
  File "c:\Users\Admin\Desktop\spare_ERP\database_manager.py", line 247
    def get_user_login_history(self, username, limit=15):
SyntaxError: expected 'except' or 'finally' block
2026-02-14 13:07:53,761 - SpareERP - INFO - Application starting...
2026-02-14 13:07:55,651 - SpareERP - INFO - Database initialized at c:\Users\Admin\Desktop\spare_ERP\data\spareparts_pro.db
2026-02-14 13:07:55,656 - SpareERP - INFO - Launching Login Window...
2026-02-14 13:08:03,922 - SpareERP - INFO - User admin logged in successfully
2026-02-14 13:08:08,967 - SpareERP - ERROR - Error logging activity: database is locked
2026-02-14 13:08:08,968 - SpareERP - INFO - Login success signal received. Role: ADMIN
2026-02-14 13:08:08,985 - SpareERP - INFO - User authenticated as ADMIN. Launching Main Window.
2026-02-14 13:08:08,988 - SpareERP - INFO - Initializing MainWindow...
2026-02-14 13:08:09,093 - SpareERP - INFO - Lazy loading page: Dashboard
2026-02-14 13:08:09,193 - SpareERP - INFO - AI Cache: 221 vehicle models, 361 part keywords
2026-02-14 13:08:11,350 - SpareERP - INFO - Lazy loading page: Access
2026-02-14 13:11:15,894 - SpareERP - INFO - Application starting...
2026-02-14 13:11:17,651 - SpareERP - INFO - Database initialized at c:\Users\Admin\Desktop\spare_ERP\data\spareparts_pro.db
2026-02-14 13:11:17,655 - SpareERP - INFO - Launching Login Window...
2026-02-14 13:11:24,775 - SpareERP - INFO - User admin logged in successfully
2026-02-14 13:11:29,817 - SpareERP - ERROR - Error logging activity: database is locked
2026-02-14 13:11:29,818 - SpareERP - INFO - Login success signal received. Role: ADMIN
2026-02-14 13:11:29,834 - SpareERP - INFO - User authenticated as ADMIN. Launching Main Window.
2026-02-14 13:11:29,836 - SpareERP - INFO - Initializing MainWindow...
2026-02-14 13:11:29,938 - SpareERP - INFO - Lazy loading page: Dashboard
2026-02-14 13:11:30,047 - SpareERP - INFO - AI Cache: 221 vehicle models, 361 part keywords
2026-02-14 13:11:31,804 - SpareERP - INFO - Lazy loading page: Access
2026-02-14 13:18:52,601 - SpareERP - INFO - Application starting...
2026-02-14 13:18:54,418 - SpareERP - INFO - Database initialized at c:\Users\Admin\Desktop\spare_ERP\data\spareparts_pro.db
2026-02-14 13:18:54,422 - SpareERP - INFO - Launching Login Window...
2026-02-14 13:19:07,348 - SpareERP - INFO - User admin logged in successfully
2026-02-14 13:19:12,394 - SpareERP - ERROR - Error logging activity: database is locked
2026-02-14 13:19:12,396 - SpareERP - INFO - Login success signal received. Role: ADMIN
2026-02-14 13:19:12,410 - SpareERP - INFO - User authenticated as ADMIN. Launching Main Window.
2026-02-14 13:19:12,413 - SpareERP - INFO - Initializing MainWindow...
2026-02-14 13:19:12,517 - SpareERP - INFO - Lazy loading page: Dashboard
2026-02-14 13:19:12,619 - SpareERP - INFO - AI Cache: 221 vehicle models, 361 part keywords
2026-02-14 13:19:16,118 - SpareERP - INFO - Lazy loading page: Access
2026-02-14 13:19:34,035 - SpareERP - INFO - User updated: ID 17
2026-02-14 13:25:27,856 - SpareERP - INFO - Application starting...
2026-02-14 13:25:29,604 - SpareERP - INFO - Database initialized at c:\Users\Admin\Desktop\spare_ERP\data\spareparts_pro.db
2026-02-14 13:25:29,609 - SpareERP - INFO - Launching Login Window...
2026-02-14 13:25:43,998 - SpareERP - INFO - User admin logged in successfully
2026-02-14 13:25:49,038 - SpareERP - ERROR - Error logging activity: database is locked
2026-02-14 13:25:49,040 - SpareERP - INFO - Login success signal received. Role: ADMIN
2026-02-14 13:25:49,057 - SpareERP - INFO - User authenticated as ADMIN. Launching Main Window.
2026-02-14 13:25:49,060 - SpareERP - INFO - Initializing MainWindow...
2026-02-14 13:25:49,158 - SpareERP - INFO - Lazy loading page: Dashboard
2026-02-14 13:25:49,267 - SpareERP - INFO - AI Cache: 221 vehicle models, 361 part keywords
2026-02-14 13:25:51,531 - SpareERP - INFO - Lazy loading page: Access
2026-02-14 13:26:07,224 - SpareERP - INFO - User updated: ID 1
2026-02-14 13:29:26,975 - SpareERP - INFO - Application starting...
2026-02-14 13:29:28,773 - SpareERP - INFO - Database initialized at c:\Users\Admin\Desktop\spare_ERP\data\spareparts_pro.db
2026-02-14 13:29:28,778 - SpareERP - INFO - Launching Login Window...
2026-02-14 13:29:36,500 - SpareERP - INFO - User admin logged in successfully
2026-02-14 13:29:36,513 - SpareERP - INFO - Login success signal received. Role: ADMIN
2026-02-14 13:29:36,519 - SpareERP - INFO - User authenticated as ADMIN. Launching Main Window.
2026-02-14 13:29:36,521 - SpareERP - INFO - Initializing MainWindow...
2026-02-14 13:29:36,617 - SpareERP - INFO - Lazy loading page: Dashboard
2026-02-14 13:29:36,723 - SpareERP - INFO - AI Cache: 221 vehicle models, 361 part keywords
2026-02-14 13:29:42,607 - SpareERP - INFO - Lazy loading page: Access
2026-02-14 13:30:22,009 - SpareERP - INFO - Application starting...
2026-02-14 13:30:23,886 - SpareERP - INFO - Database initialized at c:\Users\Admin\Desktop\spare_ERP\data\spareparts_pro.db
2026-02-14 13:30:23,894 - SpareERP - INFO - Launching Login Window...
2026-02-14 13:30:32,827 - SpareERP - INFO - User admin logged in successfully
2026-02-14 13:30:32,840 - SpareERP - INFO - Login success signal received. Role: ADMIN
2026-02-14 13:30:32,847 - SpareERP - INFO - User authenticated as ADMIN. Launching Main Window.
2026-02-14 13:30:32,848 - SpareERP - INFO - Initializing MainWindow...
2026-02-14 13:30:32,946 - SpareERP - INFO - Lazy loading page: Dashboard
2026-02-14 13:30:33,058 - SpareERP - INFO - AI Cache: 221 vehicle models, 361 part keywords
2026-02-14 13:30:35,965 - SpareERP - INFO - Lazy loading page: Access
2026-02-14 13:30:51,031 - SpareERP - INFO - Lazy loading page: Settings
2026-02-14 13:30:54,367 - SpareERP - INFO - Lazy loading page: Orders
2026-02-14 13:33:10,910 - SpareERP - INFO - Application starting...
2026-02-14 13:33:12,807 - SpareERP - INFO - Database initialized at c:\Users\Admin\Desktop\spare_ERP\data\spareparts_pro.db
2026-02-14 13:33:12,816 - SpareERP - INFO - Launching Login Window...
2026-02-14 13:33:20,881 - SpareERP - INFO - User admin logged in successfully
2026-02-14 13:33:20,894 - SpareERP - INFO - Login success signal received. Role: ADMIN
2026-02-14 13:33:20,900 - SpareERP - INFO - User authenticated as ADMIN. Launching Main Window.
2026-02-14 13:33:20,901 - SpareERP - INFO - Initializing MainWindow...
2026-02-14 13:33:21,000 - SpareERP - INFO - Lazy loading page: Dashboard
2026-02-14 13:33:21,113 - SpareERP - INFO - AI Cache: 221 vehicle models, 361 part keywords
2026-02-14 13:33:24,549 - SpareERP - INFO - Lazy loading page: Access
2026-02-14 13:33:31,069 - SpareERP - INFO - Lazy loading page: Orders
2026-02-14 13:34:22,289 - SpareERP - INFO - Application starting...
2026-02-14 13:34:24,075 - SpareERP - INFO - Database initialized at c:\Users\Admin\Desktop\spare_ERP\data\spareparts_pro.db
2026-02-14 13:34:24,081 - SpareERP - INFO - Launching Login Window...
2026-02-14 13:34:30,752 - SpareERP - INFO - User admin logged in successfully
2026-02-14 13:34:30,766 - SpareERP - INFO - Login success signal received. Role: ADMIN
2026-02-14 13:34:30,772 - SpareERP - INFO - User authenticated as ADMIN. Launching Main Window.
2026-02-14 13:34:30,774 - SpareERP - INFO - Initializing MainWindow...
2026-02-14 13:34:30,873 - SpareERP - INFO - Lazy loading page: Dashboard
2026-02-14 13:34:30,988 - SpareERP - INFO - AI Cache: 221 vehicle models, 361 part keywords
2026-02-14 13:34:33,989 - SpareERP - INFO - Lazy loading page: Access
2026-02-14 13:34:35,925 - SpareERP - INFO - Lazy loading page: Orders
2026-02-14 13:35:32,172 - SpareERP - INFO - Lazy loading page: Billing
2026-02-14 13:35:33,092 - SpareERP - INFO - Lazy loading page: Inventory
2026-02-14 13:35:33,092 - SpareERP - INFO - Initializing InventoryPage...
2026-02-14 13:35:33,123 - SpareERP - INFO - InventoryPage Initialized Successfully.
2026-02-14 13:35:39,948 - SpareERP - INFO - Lazy loading page: Reports
2026-02-14 13:36:25,357 - SpareERP - INFO - Application starting...
2026-02-14 13:36:27,109 - SpareERP - INFO - Database initialized at c:\Users\Admin\Desktop\spare_ERP\data\spareparts_pro.db
2026-02-14 13:36:27,113 - SpareERP - INFO - Launching Login Window...
2026-02-14 13:36:34,351 - SpareERP - INFO - User admin logged in successfully
2026-02-14 13:36:34,363 - SpareERP - INFO - Login success signal received. Role: ADMIN
2026-02-14 13:36:34,369 - SpareERP - INFO - User authenticated as ADMIN. Launching Main Window.
2026-02-14 13:36:34,371 - SpareERP - INFO - Initializing MainWindow...
2026-02-14 13:36:34,459 - SpareERP - INFO - Lazy loading page: Dashboard
2026-02-14 13:36:34,570 - SpareERP - INFO - AI Cache: 221 vehicle models, 361 part keywords
2026-02-14 13:36:37,284 - SpareERP - INFO - Lazy loading page: Orders
2026-02-14 13:38:19,045 - SpareERP - INFO - Application starting...
2026-02-14 13:38:20,820 - SpareERP - INFO - Database initialized at c:\Users\Admin\Desktop\spare_ERP\data\spareparts_pro.db
2026-02-14 13:38:20,825 - SpareERP - INFO - Launching Login Window...
2026-02-14 13:38:30,926 - SpareERP - INFO - User admin logged in successfully
2026-02-14 13:38:30,938 - SpareERP - INFO - Login success signal received. Role: ADMIN
2026-02-14 13:38:30,944 - SpareERP - INFO - User authenticated as ADMIN. Launching Main Window.
2026-02-14 13:38:30,945 - SpareERP - INFO - Initializing MainWindow...
2026-02-14 13:38:31,039 - SpareERP - INFO - Lazy loading page: Dashboard
2026-02-14 13:38:31,157 - SpareERP - INFO - AI Cache: 221 vehicle models, 361 part keywords
2026-02-14 13:38:40,553 - SpareERP - INFO - Lazy loading page: Orders
2026-02-14 13:44:55,428 - SpareERP - INFO - Application starting...
2026-02-14 13:44:57,247 - SpareERP - INFO - Database initialized at c:\Users\Admin\Desktop\spare_ERP\data\spareparts_pro.db
2026-02-14 13:44:57,252 - SpareERP - INFO - Launching Login Window...
2026-02-14 13:45:05,041 - SpareERP - INFO - User admin logged in successfully
2026-02-14 13:45:05,055 - SpareERP - INFO - Login success signal received. Role: ADMIN
2026-02-14 13:45:05,062 - SpareERP - INFO - User authenticated as ADMIN. Launching Main Window.
2026-02-14 13:45:05,063 - SpareERP - INFO - Initializing MainWindow...
2026-02-14 13:45:05,157 - SpareERP - INFO - Lazy loading page: Dashboard
2026-02-14 13:45:05,318 - SpareERP - INFO - AI Cache: 221 vehicle models, 361 part keywords
2026-02-14 13:45:08,038 - SpareERP - INFO - Lazy loading page: Orders
2026-02-14 13:59:18,769 - SpareERP - INFO - Application starting...
2026-02-14 13:59:20,636 - SpareERP - INFO - Database initialized at c:\Users\Admin\Desktop\spare_ERP\data\spareparts_pro.db
2026-02-14 13:59:20,641 - SpareERP - INFO - Launching Login Window...
2026-02-14 13:59:29,033 - SpareERP - INFO - User admin logged in successfully
2026-02-14 13:59:29,044 - SpareERP - INFO - Login success signal received. Role: ADMIN
2026-02-14 13:59:29,052 - SpareERP - INFO - User authenticated as ADMIN. Launching Main Window.
2026-02-14 13:59:29,054 - SpareERP - INFO - Initializing MainWindow...
2026-02-14 13:59:29,148 - SpareERP - INFO - Lazy loading page: Dashboard
2026-02-14 13:59:29,268 - SpareERP - INFO - AI Cache: 221 vehicle models, 361 part keywords
2026-02-14 13:59:33,237 - SpareERP - INFO - Lazy loading page: Orders
2026-02-14 14:00:42,037 - SpareERP - INFO - Application starting...
2026-02-14 14:00:43,792 - SpareERP - INFO - Database initialized at c:\Users\Admin\Desktop\spare_ERP\data\spareparts_pro.db
2026-02-14 14:00:43,797 - SpareERP - INFO - Launching Login Window...
2026-02-14 14:00:53,759 - SpareERP - INFO - User admin logged in successfully
2026-02-14 14:00:53,772 - SpareERP - INFO - Login success signal received. Role: ADMIN
2026-02-14 14:00:53,779 - SpareERP - INFO - User authenticated as ADMIN. Launching Main Window.
2026-02-14 14:00:53,781 - SpareERP - INFO - Initializing MainWindow...
2026-02-14 14:00:53,881 - SpareERP - INFO - Lazy loading page: Dashboard
2026-02-14 14:00:53,993 - SpareERP - INFO - AI Cache: 221 vehicle models, 361 part keywords
2026-02-14 14:00:58,901 - SpareERP - INFO - Lazy loading page: Expenses
2026-02-14 14:00:58,910 - SpareERP - INFO - AI Cache: 221 vehicle models, 361 part keywords
2026-02-14 14:00:58,919 - SpareERP - INFO - Query all expenses: 19 found
2026-02-14 14:00:58,920 - SpareERP - INFO - Querying ALL expenses
2026-02-14 14:00:58,920 - SpareERP - INFO - Found 19 expense entries
2026-02-14 14:00:58,920 - SpareERP - INFO - Loading 19 expenses
2026-02-14 14:01:01,787 - SpareERP - INFO - Lazy loading page: Access
2026-02-14 14:01:04,459 - SpareERP - INFO - Lazy loading page: Orders
2026-02-14 14:01:47,668 - SpareERP - INFO - Application starting...
2026-02-14 14:01:49,511 - SpareERP - INFO - Database initialized at c:\Users\Admin\Desktop\spare_ERP\data\spareparts_pro.db
2026-02-14 14:01:49,516 - SpareERP - INFO - Launching Login Window...
2026-02-14 14:01:57,422 - SpareERP - INFO - User admin logged in successfully
2026-02-14 14:01:57,434 - SpareERP - INFO - Login success signal received. Role: ADMIN
2026-02-14 14:01:57,441 - SpareERP - INFO - User authenticated as ADMIN. Launching Main Window.
2026-02-14 14:01:57,443 - SpareERP - INFO - Initializing MainWindow...
2026-02-14 14:01:57,549 - SpareERP - INFO - Lazy loading page: Dashboard
2026-02-14 14:01:57,670 - SpareERP - INFO - AI Cache: 221 vehicle models, 361 part keywords
2026-02-14 14:01:59,786 - SpareERP - INFO - Lazy loading page: Orders
2026-02-14 14:03:39,761 - SpareERP - INFO - Application starting...
2026-02-14 14:03:41,564 - SpareERP - INFO - Database initialized at c:\Users\Admin\Desktop\spare_ERP\data\spareparts_pro.db
2026-02-14 14:03:41,572 - SpareERP - INFO - Launching Login Window...
2026-02-14 14:03:48,949 - SpareERP - INFO - User admin logged in successfully
2026-02-14 14:03:48,962 - SpareERP - INFO - Login success signal received. Role: ADMIN
2026-02-14 14:03:48,969 - SpareERP - INFO - User authenticated as ADMIN. Launching Main Window.
2026-02-14 14:03:48,970 - SpareERP - INFO - Initializing MainWindow...
2026-02-14 14:03:49,065 - SpareERP - INFO - Lazy loading page: Dashboard
2026-02-14 14:03:49,182 - SpareERP - INFO - AI Cache: 221 vehicle models, 361 part keywords
2026-02-14 14:03:51,418 - SpareERP - INFO - Lazy loading page: Orders
2026-02-14 14:11:46,165 - SpareERP - INFO - Application starting...
2026-02-14 14:11:47,918 - SpareERP - INFO - Database initialized at c:\Users\Admin\Desktop\spare_ERP\data\spareparts_pro.db
2026-02-14 14:11:47,923 - SpareERP - INFO - Launching Login Window...
2026-02-14 14:11:55,864 - SpareERP - INFO - User admin logged in successfully
2026-02-14 14:11:55,876 - SpareERP - INFO - Login success signal received. Role: ADMIN
2026-02-14 14:11:55,883 - SpareERP - INFO - User authenticated as ADMIN. Launching Main Window.
2026-02-14 14:11:55,887 - SpareERP - INFO - Initializing MainWindow...
2026-02-14 14:11:55,988 - SpareERP - INFO - Lazy loading page: Dashboard
2026-02-14 14:11:56,102 - SpareERP - INFO - AI Cache: 221 vehicle models, 361 part keywords
2026-02-14 14:11:57,820 - SpareERP - INFO - Lazy loading page: Orders
2026-02-14 14:13:35,595 - SpareERP - INFO - Lazy loading page: Reports
2026-02-14 14:13:37,883 - SpareERP - INFO - Lazy loading page: Inventory
2026-02-14 14:13:37,883 - SpareERP - INFO - Initializing InventoryPage...
2026-02-14 14:13:37,914 - SpareERP - INFO - InventoryPage Initialized Successfully.
2026-02-14 14:13:52,619 - SpareERP - ERROR - Error exporting data: 13 columns passed, passed data had 14 columns
2026-02-14 14:29:10,620 - SpareERP - INFO - Application starting...
2026-02-14 14:29:22,208 - SpareERP - INFO - Database initialized at c:\Users\Admin\Desktop\spare_ERP\data\spareparts_pro.db
2026-02-14 14:29:22,220 - SpareERP - INFO - Launching Login Window...
2026-02-14 14:29:29,346 - SpareERP - INFO - User admin logged in successfully
2026-02-14 14:29:29,356 - SpareERP - INFO - Login success signal received. Role: ADMIN
2026-02-14 14:29:29,361 - SpareERP - INFO - User authenticated as ADMIN. Launching Main Window.
2026-02-14 14:29:29,365 - SpareERP - INFO - Initializing MainWindow...
2026-02-14 14:29:29,458 - SpareERP - INFO - Lazy loading page: Dashboard
2026-02-14 14:29:30,068 - SpareERP - INFO - AI Cache: 221 vehicle models, 361 part keywords
2026-02-14 14:29:31,555 - SpareERP - INFO - Lazy loading page: Billing
2026-02-14 14:31:48,187 - SpareERP - INFO - Lazy loading page: Inventory
2026-02-14 14:31:48,618 - SpareERP - INFO - Initializing InventoryPage...
2026-02-14 14:31:48,654 - SpareERP - INFO - InventoryPage Initialized Successfully.
2026-02-14 14:32:18,790 - SpareERP - WARNING - Duplicate part entry attempted: TR600220
2026-02-14 14:32:20,243 - SpareERP - ERROR - Error adding part: UNIQUE constraint failed: parts.part_id
2026-02-14 14:37:12,435 - SpareERP - WARNING - Duplicate part entry attempted: TR600220
2026-02-14 14:37:21,136 - SpareERP - ERROR - Error adding part: UNIQUE constraint failed: parts.part_id
2026-02-14 14:37:27,386 - SpareERP - WARNING - Duplicate part entry attempted: TR600220
2026-02-14 14:37:29,002 - SpareERP - ERROR - Error adding part: UNIQUE constraint failed: parts.part_id
2026-02-14 14:37:51,174 - SpareERP - INFO - Lazy loading page: Orders
2026-02-14 14:56:44,767 - SpareERP - INFO - Application starting...
2026-02-14 14:56:49,236 - SpareERP - INFO - Database initialized at c:\Users\Admin\Desktop\spare_ERP\data\spareparts_pro.db
2026-02-14 14:56:49,242 - SpareERP - INFO - Launching Login Window...
2026-02-14 14:57:09,301 - SpareERP - INFO - User admin logged in successfully
2026-02-14 14:57:09,312 - SpareERP - INFO - Login success signal received. Role: ADMIN
2026-02-14 14:57:09,319 - SpareERP - INFO - User authenticated as ADMIN. Launching Main Window.
2026-02-14 14:57:09,320 - SpareERP - INFO - Initializing MainWindow...
2026-02-14 14:57:09,450 - SpareERP - INFO - Lazy loading page: Dashboard
2026-02-14 14:57:09,960 - SpareERP - INFO - AI Cache: 221 vehicle models, 361 part keywords
2026-02-14 14:57:12,362 - SpareERP - INFO - Lazy loading page: Orders
2026-02-14 15:04:06,472 - SpareERP - INFO - Application starting...
2026-02-14 15:04:08,301 - SpareERP - INFO - Database initialized at c:\Users\Admin\Desktop\spare_ERP\data\spareparts_pro.db
2026-02-14 15:04:08,308 - SpareERP - INFO - Launching Login Window...
2026-02-14 15:04:16,528 - SpareERP - INFO - User admin logged in successfully
2026-02-14 15:04:16,544 - SpareERP - INFO - Login success signal received. Role: ADMIN
2026-02-14 15:04:16,550 - SpareERP - INFO - User authenticated as ADMIN. Launching Main Window.
2026-02-14 15:04:16,551 - SpareERP - INFO - Initializing MainWindow...
2026-02-14 15:04:16,646 - SpareERP - INFO - Lazy loading page: Dashboard
2026-02-14 15:04:16,755 - SpareERP - INFO - AI Cache: 221 vehicle models, 361 part keywords
2026-02-14 15:04:20,644 - SpareERP - INFO - Lazy loading page: Orders
2026-02-14 15:06:33,126 - SpareERP - INFO - Application starting...
2026-02-14 15:06:34,909 - SpareERP - INFO - Database initialized at c:\Users\Admin\Desktop\spare_ERP\data\spareparts_pro.db
2026-02-14 15:06:34,916 - SpareERP - INFO - Launching Login Window...
2026-02-14 15:06:42,318 - SpareERP - INFO - User admin logged in successfully
2026-02-14 15:06:42,332 - SpareERP - INFO - Login success signal received. Role: ADMIN
2026-02-14 15:06:42,340 - SpareERP - INFO - User authenticated as ADMIN. Launching Main Window.
2026-02-14 15:06:42,341 - SpareERP - INFO - Initializing MainWindow...
2026-02-14 15:06:42,433 - SpareERP - INFO - Lazy loading page: Dashboard
2026-02-14 15:06:42,544 - SpareERP - INFO - AI Cache: 221 vehicle models, 361 part keywords
2026-02-14 15:06:44,234 - SpareERP - INFO - Lazy loading page: Orders
2026-02-14 15:10:42,819 - SpareERP - INFO - Application starting...
2026-02-14 15:10:44,602 - SpareERP - INFO - Database initialized at c:\Users\Admin\Desktop\spare_ERP\data\spareparts_pro.db
2026-02-14 15:10:44,608 - SpareERP - INFO - Launching Login Window...
2026-02-14 15:10:53,053 - SpareERP - INFO - User admin logged in successfully
2026-02-14 15:10:53,065 - SpareERP - INFO - Login success signal received. Role: ADMIN
2026-02-14 15:10:53,071 - SpareERP - INFO - User authenticated as ADMIN. Launching Main Window.
2026-02-14 15:10:53,072 - SpareERP - INFO - Initializing MainWindow...
2026-02-14 15:10:53,172 - SpareERP - INFO - Lazy loading page: Dashboard
2026-02-14 15:10:53,281 - SpareERP - INFO - AI Cache: 221 vehicle models, 361 part keywords
2026-02-14 15:10:54,863 - SpareERP - INFO - Lazy loading page: Orders
2026-02-14 15:12:09,331 - SpareERP - INFO - Application starting...
2026-02-14 15:12:11,105 - SpareERP - INFO - Database initialized at c:\Users\Admin\Desktop\spare_ERP\data\spareparts_pro.db
2026-02-14 15:12:11,110 - SpareERP - INFO - Launching Login Window...
2026-02-14 15:12:18,122 - SpareERP - INFO - User admin logged in successfully
2026-02-14 15:12:18,133 - SpareERP - INFO - Login success signal received. Role: ADMIN
2026-02-14 15:12:18,140 - SpareERP - INFO - User authenticated as ADMIN. Launching Main Window.
2026-02-14 15:12:18,141 - SpareERP - INFO - Initializing MainWindow...
2026-02-14 15:12:18,235 - SpareERP - INFO - Lazy loading page: Dashboard
2026-02-14 15:12:18,341 - SpareERP - INFO - AI Cache: 221 vehicle models, 361 part keywords
2026-02-14 15:12:19,924 - SpareERP - INFO - Lazy loading page: Orders
2026-02-14 15:13:53,554 - SpareERP - INFO - Application starting...
2026-02-14 15:13:55,350 - SpareERP - INFO - Database initialized at c:\Users\Admin\Desktop\spare_ERP\data\spareparts_pro.db
2026-02-14 15:13:55,355 - SpareERP - INFO - Launching Login Window...
2026-02-14 15:14:12,474 - SpareERP - INFO - User admin logged in successfully
2026-02-14 15:14:12,485 - SpareERP - INFO - Login success signal received. Role: ADMIN
2026-02-14 15:14:12,492 - SpareERP - INFO - User authenticated as ADMIN. Launching Main Window.
2026-02-14 15:14:12,493 - SpareERP - INFO - Initializing MainWindow...
2026-02-14 15:14:12,578 - SpareERP - INFO - Lazy loading page: Dashboard
2026-02-14 15:14:12,713 - SpareERP - INFO - AI Cache: 221 vehicle models, 361 part keywords
2026-02-14 15:14:14,892 - SpareERP - INFO - Lazy loading page: Expenses
2026-02-14 15:14:14,900 - SpareERP - INFO - AI Cache: 221 vehicle models, 361 part keywords
2026-02-14 15:14:14,908 - SpareERP - INFO - Query all expenses: 19 found
2026-02-14 15:14:14,908 - SpareERP - INFO - Querying ALL expenses
2026-02-14 15:14:14,909 - SpareERP - INFO - Found 19 expense entries
2026-02-14 15:14:14,909 - SpareERP - INFO - Loading 19 expenses
2026-02-14 15:14:16,605 - SpareERP - INFO - Lazy loading page: Orders
2026-02-14 15:18:38,687 - SpareERP - INFO - Application starting...
2026-02-14 15:18:40,512 - SpareERP - INFO - Database initialized at c:\Users\Admin\Desktop\spare_ERP\data\spareparts_pro.db
2026-02-14 15:18:40,517 - SpareERP - INFO - Launching Login Window...
2026-02-14 15:18:48,102 - SpareERP - INFO - User admin logged in successfully
2026-02-14 15:18:48,119 - SpareERP - INFO - Login success signal received. Role: ADMIN
2026-02-14 15:18:48,127 - SpareERP - INFO - User authenticated as ADMIN. Launching Main Window.
2026-02-14 15:18:48,128 - SpareERP - INFO - Initializing MainWindow...
2026-02-14 15:18:48,224 - SpareERP - INFO - Lazy loading page: Dashboard
2026-02-14 15:18:48,340 - SpareERP - INFO - AI Cache: 221 vehicle models, 361 part keywords
2026-02-14 15:18:49,602 - SpareERP - INFO - Lazy loading page: Orders
2026-02-14 15:22:04,974 - SpareERP - INFO - Application starting...
2026-02-14 15:22:06,794 - SpareERP - INFO - Database initialized at c:\Users\Admin\Desktop\spare_ERP\data\spareparts_pro.db
2026-02-14 15:22:06,799 - SpareERP - INFO - Launching Login Window...
2026-02-14 15:22:16,732 - SpareERP - INFO - User admin logged in successfully
2026-02-14 15:22:16,743 - SpareERP - INFO - Login success signal received. Role: ADMIN
2026-02-14 15:22:16,750 - SpareERP - INFO - User authenticated as ADMIN. Launching Main Window.
2026-02-14 15:22:16,752 - SpareERP - INFO - Initializing MainWindow...
2026-02-14 15:22:16,841 - SpareERP - INFO - Lazy loading page: Dashboard
2026-02-14 15:22:16,954 - SpareERP - INFO - AI Cache: 221 vehicle models, 361 part keywords
2026-02-14 15:22:23,661 - SpareERP - INFO - Lazy loading page: Orders
2026-02-14 15:25:14,066 - SpareERP - INFO - Application starting...
2026-02-14 15:25:15,811 - SpareERP - INFO - Database initialized at c:\Users\Admin\Desktop\spare_ERP\data\spareparts_pro.db
2026-02-14 15:25:15,817 - SpareERP - INFO - Launching Login Window...
2026-02-14 15:25:22,865 - SpareERP - INFO - User admin logged in successfully
2026-02-14 15:25:22,879 - SpareERP - INFO - Login success signal received. Role: ADMIN
2026-02-14 15:25:22,886 - SpareERP - INFO - User authenticated as ADMIN. Launching Main Window.
2026-02-14 15:25:22,887 - SpareERP - INFO - Initializing MainWindow...
2026-02-14 15:25:23,021 - SpareERP - INFO - Lazy loading page: Dashboard
2026-02-14 15:25:23,174 - SpareERP - INFO - AI Cache: 221 vehicle models, 361 part keywords
2026-02-14 15:25:25,763 - SpareERP - INFO - Lazy loading page: Orders
2026-02-14 15:28:13,237 - SpareERP - INFO - Application starting...
2026-02-14 15:28:15,013 - SpareERP - INFO - Database initialized at c:\Users\Admin\Desktop\spare_ERP\data\spareparts_pro.db
2026-02-14 15:28:15,018 - SpareERP - INFO - Launching Login Window...
2026-02-14 15:28:23,159 - SpareERP - INFO - User admin logged in successfully
2026-02-14 15:28:23,171 - SpareERP - INFO - Login success signal received. Role: ADMIN
2026-02-14 15:28:23,179 - SpareERP - INFO - User authenticated as ADMIN. Launching Main Window.
2026-02-14 15:28:23,180 - SpareERP - INFO - Initializing MainWindow...
2026-02-14 15:28:23,272 - SpareERP - INFO - Lazy loading page: Dashboard
2026-02-14 15:28:23,403 - SpareERP - INFO - AI Cache: 221 vehicle models, 361 part keywords
2026-02-14 15:28:24,731 - SpareERP - INFO - Lazy loading page: Orders
2026-02-14 15:30:14,759 - SpareERP - INFO - Application starting...
2026-02-14 15:30:16,508 - SpareERP - INFO - Database initialized at c:\Users\Admin\Desktop\spare_ERP\data\spareparts_pro.db
2026-02-14 15:30:16,518 - SpareERP - INFO - Launching Login Window...
2026-02-14 15:30:23,902 - SpareERP - INFO - User admin logged in successfully
2026-02-14 15:30:23,913 - SpareERP - INFO - Login success signal received. Role: ADMIN
2026-02-14 15:30:23,920 - SpareERP - INFO - User authenticated as ADMIN. Launching Main Window.
2026-02-14 15:30:23,921 - SpareERP - INFO - Initializing MainWindow...
2026-02-14 15:30:24,019 - SpareERP - INFO - Lazy loading page: Dashboard
2026-02-14 15:30:24,128 - SpareERP - INFO - AI Cache: 221 vehicle models, 361 part keywords
2026-02-14 15:30:26,009 - SpareERP - INFO - Lazy loading page: Orders
2026-02-14 15:31:23,072 - SpareERP - INFO - Application starting...
2026-02-14 15:31:24,854 - SpareERP - INFO - Database initialized at c:\Users\Admin\Desktop\spare_ERP\data\spareparts_pro.db
2026-02-14 15:31:24,859 - SpareERP - INFO - Launching Login Window...
2026-02-14 15:31:32,589 - SpareERP - INFO - User admin logged in successfully
2026-02-14 15:31:32,602 - SpareERP - INFO - Login success signal received. Role: ADMIN
2026-02-14 15:31:32,609 - SpareERP - INFO - User authenticated as ADMIN. Launching Main Window.
2026-02-14 15:31:32,610 - SpareERP - INFO - Initializing MainWindow...
2026-02-14 15:31:32,698 - SpareERP - INFO - Lazy loading page: Dashboard
2026-02-14 15:31:32,852 - SpareERP - INFO - AI Cache: 221 vehicle models, 361 part keywords
2026-02-14 15:31:34,250 - SpareERP - INFO - Lazy loading page: Expenses
2026-02-14 15:31:34,261 - SpareERP - INFO - AI Cache: 221 vehicle models, 361 part keywords
2026-02-14 15:31:34,269 - SpareERP - INFO - Query all expenses: 19 found
2026-02-14 15:31:34,269 - SpareERP - INFO - Querying ALL expenses
2026-02-14 15:31:34,269 - SpareERP - INFO - Found 19 expense entries
2026-02-14 15:31:34,270 - SpareERP - INFO - Loading 19 expenses
2026-02-14 15:31:36,139 - SpareERP - INFO - Lazy loading page: Orders
2026-02-14 15:33:22,721 - SpareERP - INFO - Created PO PO-1771063402 with 3 items
2026-02-14 15:35:29,486 - SpareERP - INFO - Received item 27: 2 @ 0.0
2026-02-14 15:35:39,245 - SpareERP - INFO - Received item 29: 10 @ 0.0
2026-02-14 15:37:09,055 - SpareERP - INFO - Received item 28: 0 @ 0.0
2026-02-14 15:37:19,014 - SpareERP - INFO - Received item 28: 0 @ 0.0
2026-02-14 15:37:35,253 - SpareERP - WARNING - Current page (index 6) does not have a load_data method
2026-02-14 15:37:35,733 - SpareERP - WARNING - Current page (index 6) does not have a load_data method
2026-02-14 15:46:29,501 - SpareERP - INFO - Application starting...
2026-02-14 15:46:31,364 - SpareERP - INFO - Database initialized at c:\Users\Admin\Desktop\spare_ERP\data\spareparts_pro.db
2026-02-14 15:46:31,372 - SpareERP - INFO - Launching Login Window...
2026-02-14 15:46:39,835 - SpareERP - INFO - User admin logged in successfully
2026-02-14 15:46:39,844 - SpareERP - INFO - Login success signal received. Role: ADMIN
2026-02-14 15:46:39,852 - SpareERP - INFO - User authenticated as ADMIN. Launching Main Window.
2026-02-14 15:46:39,854 - SpareERP - INFO - Initializing MainWindow...
2026-02-14 15:46:39,954 - SpareERP - INFO - Lazy loading page: Dashboard
2026-02-14 15:46:40,066 - SpareERP - INFO - AI Cache: 221 vehicle models, 361 part keywords
2026-02-14 15:46:44,439 - SpareERP - INFO - Lazy loading page: Orders
2026-02-14 15:48:24,767 - SpareERP - INFO - Application starting...
2026-02-14 15:48:26,611 - SpareERP - INFO - Database initialized at c:\Users\Admin\Desktop\spare_ERP\data\spareparts_pro.db
2026-02-14 15:48:26,616 - SpareERP - INFO - Launching Login Window...
2026-02-14 15:48:41,329 - SpareERP - INFO - User admin logged in successfully
2026-02-14 15:48:41,341 - SpareERP - INFO - Login success signal received. Role: ADMIN
2026-02-14 15:48:41,349 - SpareERP - INFO - User authenticated as ADMIN. Launching Main Window.
2026-02-14 15:48:41,351 - SpareERP - INFO - Initializing MainWindow...
2026-02-14 15:48:41,445 - SpareERP - INFO - Lazy loading page: Dashboard
2026-02-14 15:48:41,551 - SpareERP - INFO - AI Cache: 221 vehicle models, 361 part keywords
2026-02-14 15:48:43,254 - SpareERP - INFO - Lazy loading page: Orders
2026-02-14 15:50:24,185 - SpareERP - INFO - Application starting...
2026-02-14 15:50:26,014 - SpareERP - INFO - Database initialized at c:\Users\Admin\Desktop\spare_ERP\data\spareparts_pro.db
2026-02-14 15:50:26,022 - SpareERP - INFO - Launching Login Window...
2026-02-14 15:50:35,456 - SpareERP - INFO - User admin logged in successfully
2026-02-14 15:50:35,470 - SpareERP - INFO - Login success signal received. Role: ADMIN
2026-02-14 15:50:35,477 - SpareERP - INFO - User authenticated as ADMIN. Launching Main Window.
2026-02-14 15:50:35,483 - SpareERP - INFO - Initializing MainWindow...
2026-02-14 15:50:35,573 - SpareERP - INFO - Lazy loading page: Dashboard
2026-02-14 15:50:35,672 - SpareERP - INFO - AI Cache: 221 vehicle models, 361 part keywords
2026-02-14 15:50:37,108 - SpareERP - INFO - Lazy loading page: Orders
2026-02-14 15:56:46,751 - SpareERP - INFO - Lazy loading page: Inventory
2026-02-14 15:56:46,752 - SpareERP - INFO - Initializing InventoryPage...
2026-02-14 15:56:46,793 - SpareERP - INFO - InventoryPage Initialized Successfully.
2026-02-14 15:57:05,082 - SpareERP - INFO - Part added: 1233 - tewrtwewerwer by ADMIN
2026-02-14 15:57:15,904 - SpareERP - INFO - Part deleted: 1233
2026-02-14 15:57:37,465 - SpareERP - INFO - Part added: 12345 - gfhfgdgfd by ADMIN
2026-02-14 15:58:12,452 - SpareERP - WARNING - Duplicate part entry attempted: 12345
2026-02-14 15:58:14,384 - SpareERP - ERROR - Error adding part: UNIQUE constraint failed: parts.part_id
2026-02-14 15:59:51,045 - SpareERP - INFO - Part deleted: 12345
2026-02-14 16:00:49,877 - SpareERP - INFO - Lazy loading page: Access
2026-02-14 16:01:38,117 - SpareERP - INFO - Lazy loading page: Reports
2026-02-14 16:02:09,108 - SpareERP - INFO - Application starting...
2026-02-14 16:02:10,895 - SpareERP - INFO - Database initialized at c:\Users\Admin\Desktop\spare_ERP\data\spareparts_pro.db
2026-02-14 16:02:10,901 - SpareERP - INFO - Launching Login Window...
2026-02-14 16:02:18,000 - SpareERP - INFO - User admin logged in successfully
2026-02-14 16:02:18,013 - SpareERP - INFO - Login success signal received. Role: ADMIN
2026-02-14 16:02:18,020 - SpareERP - INFO - User authenticated as ADMIN. Launching Main Window.
2026-02-14 16:02:18,022 - SpareERP - INFO - Initializing MainWindow...
2026-02-14 16:02:18,112 - SpareERP - INFO - Lazy loading page: Dashboard
2026-02-14 16:02:18,217 - SpareERP - INFO - AI Cache: 221 vehicle models, 361 part keywords
2026-02-14 16:02:20,524 - SpareERP - INFO - Lazy loading page: Orders
2026-02-14 16:02:22,628 - SpareERP - INFO - Lazy loading page: Inventory
2026-02-14 16:02:22,629 - SpareERP - INFO - Initializing InventoryPage...
2026-02-14 16:02:22,679 - SpareERP - INFO - InventoryPage Initialized Successfully.
2026-02-14 16:02:33,884 - SpareERP - WARNING - Duplicate part entry attempted: N9220290
2026-02-14 16:02:35,063 - SpareERP - ERROR - Error adding part: name 'part_name' is not defined
2026-02-14 16:04:55,817 - SpareERP - INFO - Application starting...
2026-02-14 16:04:57,675 - SpareERP - INFO - Database initialized at c:\Users\Admin\Desktop\spare_ERP\data\spareparts_pro.db
2026-02-14 16:04:57,681 - SpareERP - INFO - Launching Login Window...
2026-02-14 16:05:07,550 - SpareERP - INFO - User admin logged in successfully
2026-02-14 16:05:07,564 - SpareERP - INFO - Login success signal received. Role: ADMIN
2026-02-14 16:05:07,571 - SpareERP - INFO - User authenticated as ADMIN. Launching Main Window.
2026-02-14 16:05:07,573 - SpareERP - INFO - Initializing MainWindow...
2026-02-14 16:05:07,667 - SpareERP - INFO - Lazy loading page: Dashboard
2026-02-14 16:05:07,777 - SpareERP - INFO - AI Cache: 221 vehicle models, 361 part keywords
2026-02-14 16:05:10,402 - SpareERP - INFO - Lazy loading page: Inventory
2026-02-14 16:05:10,680 - SpareERP - INFO - Initializing InventoryPage...
2026-02-14 16:05:10,717 - SpareERP - INFO - InventoryPage Initialized Successfully.
2026-02-14 16:05:19,305 - SpareERP - WARNING - Duplicate part entry attempted: N9220290
2026-02-14 16:05:20,570 - SpareERP - INFO - Part saved: N9220290 - PROP STAND KIT 
2026-02-14 16:05:28,729 - SpareERP - INFO - Lazy loading page: Access
2026-02-14 16:12:15,213 - SpareERP - INFO - Application starting...
2026-02-14 16:12:15,273 - SpareERP - CRITICAL - Unhandled exception in main loop: name 'time' is not defined
Traceback (most recent call last):
  File "c:\Users\Admin\Desktop\spare_ERP\main.py", line 78, in main
    splash = SciFiSplashScreen()
  File "c:\Users\Admin\Desktop\spare_ERP\custom_components.py", line 352, in __init__
    self.start_time = time.time()
                      ^^^^
NameError: name 'time' is not defined. Did you forget to import 'time'?
2026-02-14 16:14:13,469 - SpareERP - INFO - Application starting...
2026-02-14 16:14:15,201 - SpareERP - INFO - Database initialized at c:\Users\Admin\Desktop\spare_ERP\data\spareparts_pro.db
2026-02-14 16:14:15,206 - SpareERP - INFO - Launching Login Window...
2026-02-14 16:14:28,406 - SpareERP - INFO - Login cancelled. Exiting.
2026-02-14 16:14:29,907 - SpareERP - INFO - Application starting...
2026-02-14 16:14:31,645 - SpareERP - INFO - Database initialized at c:\Users\Admin\Desktop\spare_ERP\data\spareparts_pro.db
2026-02-14 16:14:31,648 - SpareERP - INFO - Launching Login Window...
2026-02-14 16:14:35,390 - SpareERP - INFO - Login cancelled. Exiting.
2026-02-14 16:19:09,503 - SpareERP - INFO - Application starting...
2026-02-14 16:19:11,301 - SpareERP - INFO - Database initialized at c:\Users\Admin\Desktop\spare_ERP\data\spareparts_pro.db
2026-02-14 16:19:11,305 - SpareERP - INFO - Launching Login Window...
2026-02-14 16:19:15,586 - SpareERP - INFO - Login cancelled. Exiting.
2026-02-14 16:19:16,976 - SpareERP - INFO - Application starting...
2026-02-14 16:19:18,710 - SpareERP - INFO - Database initialized at c:\Users\Admin\Desktop\spare_ERP\data\spareparts_pro.db
2026-02-14 16:19:18,715 - SpareERP - INFO - Launching Login Window...
2026-02-14 16:21:23,947 - SpareERP - INFO - Application starting...
2026-02-14 16:21:25,760 - SpareERP - INFO - Database initialized at c:\Users\Admin\Desktop\spare_ERP\data\spareparts_pro.db
2026-02-14 16:21:25,765 - SpareERP - INFO - Launching Login Window...
2026-02-14 16:21:33,864 - SpareERP - INFO - Login cancelled. Exiting.
2026-02-14 16:21:35,703 - SpareERP - INFO - Application starting...
2026-02-14 16:21:37,433 - SpareERP - INFO - Database initialized at c:\Users\Admin\Desktop\spare_ERP\data\spareparts_pro.db
2026-02-14 16:21:37,438 - SpareERP - INFO - Launching Login Window...
2026-02-14 16:21:43,714 - SpareERP - INFO - Login cancelled. Exiting.
2026-02-14 16:21:45,238 - SpareERP - INFO - Application starting...
2026-02-14 16:21:46,959 - SpareERP - INFO - Database initialized at c:\Users\Admin\Desktop\spare_ERP\data\spareparts_pro.db
2026-02-14 16:21:46,963 - SpareERP - INFO - Launching Login Window...
2026-02-14 16:21:51,688 - SpareERP - INFO - Login cancelled. Exiting.
2026-02-14 16:21:52,874 - SpareERP - INFO - Application starting...
2026-02-14 16:21:54,627 - SpareERP - INFO - Database initialized at c:\Users\Admin\Desktop\spare_ERP\data\spareparts_pro.db
2026-02-14 16:21:54,631 - SpareERP - INFO - Launching Login Window...
2026-02-14 16:21:59,401 - SpareERP - INFO - Login cancelled. Exiting.
2026-02-14 16:22:45,461 - SpareERP - INFO - Application starting...
2026-02-14 16:22:47,201 - SpareERP - INFO - Database initialized at c:\Users\Admin\Desktop\spare_ERP\data\spareparts_pro.db
2026-02-14 16:22:47,205 - SpareERP - INFO - Launching Login Window...
2026-02-14 16:22:58,808 - SpareERP - INFO - Application starting...
2026-02-14 16:23:00,673 - SpareERP - INFO - Database initialized at c:\Users\Admin\Desktop\spare_ERP\data\spareparts_pro.db
2026-02-14 16:23:00,678 - SpareERP - INFO - Launching Login Window...
2026-02-14 16:24:08,398 - SpareERP - INFO - Application starting...
2026-02-14 16:24:10,116 - SpareERP - INFO - Database initialized at c:\Users\Admin\Desktop\spare_ERP\data\spareparts_pro.db
2026-02-14 16:24:10,121 - SpareERP - INFO - Launching Login Window...
2026-02-14 16:24:14,543 - SpareERP - INFO - Login cancelled. Exiting.
2026-02-14 16:24:17,224 - SpareERP - INFO - Application starting...
2026-02-14 16:24:18,949 - SpareERP - INFO - Database initialized at c:\Users\Admin\Desktop\spare_ERP\data\spareparts_pro.db
2026-02-14 16:24:18,954 - SpareERP - INFO - Launching Login Window...
2026-02-14 16:24:24,383 - SpareERP - INFO - Login cancelled. Exiting.
2026-02-14 16:24:25,664 - SpareERP - INFO - Application starting...
2026-02-14 16:24:27,407 - SpareERP - INFO - Database initialized at c:\Users\Admin\Desktop\spare_ERP\data\spareparts_pro.db
2026-02-14 16:24:27,412 - SpareERP - INFO - Launching Login Window...
2026-02-14 16:24:31,223 - SpareERP - INFO - Login cancelled. Exiting.
2026-02-14 16:24:35,402 - SpareERP - INFO - Application starting...
2026-02-14 16:24:37,185 - SpareERP - INFO - Database initialized at c:\Users\Admin\Desktop\spare_ERP\data\spareparts_pro.db
2026-02-14 16:24:37,189 - SpareERP - INFO - Launching Login Window...
2026-02-14 16:24:53,926 - SpareERP - INFO - Application starting...
2026-02-14 16:24:55,921 - SpareERP - INFO - Database initialized at c:\Users\Admin\Desktop\spare_ERP\data\spareparts_pro.db
2026-02-14 16:24:55,925 - SpareERP - INFO - Launching Login Window...
2026-02-14 16:25:02,318 - SpareERP - INFO - Login cancelled. Exiting.
2026-02-14 16:25:03,865 - SpareERP - INFO - Application starting...
2026-02-14 16:25:05,606 - SpareERP - INFO - Database initialized at c:\Users\Admin\Desktop\spare_ERP\data\spareparts_pro.db
2026-02-14 16:25:05,610 - SpareERP - INFO - Launching Login Window...
2026-02-14 16:25:11,672 - SpareERP - INFO - Login cancelled. Exiting.
2026-02-14 16:25:15,752 - SpareERP - INFO - Application starting...
2026-02-14 16:25:17,469 - SpareERP - INFO - Database initialized at c:\Users\Admin\Desktop\spare_ERP\data\spareparts_pro.db
2026-02-14 16:25:17,473 - SpareERP - INFO - Launching Login Window...
2026-02-14 16:25:42,956 - SpareERP - INFO - Application starting...
2026-02-14 16:25:44,734 - SpareERP - INFO - Database initialized at c:\Users\Admin\Desktop\spare_ERP\data\spareparts_pro.db
2026-02-14 16:25:44,738 - SpareERP - INFO - Launching Login Window...
2026-02-14 16:25:48,518 - SpareERP - INFO - Login cancelled. Exiting.
2026-02-14 16:27:03,246 - SpareERP - INFO - Application starting...
2026-02-14 16:27:04,980 - SpareERP - INFO - Database initialized at c:\Users\Admin\Desktop\spare_ERP\data\spareparts_pro.db
2026-02-14 16:27:04,984 - SpareERP - INFO - Launching Login Window...
2026-02-14 16:27:08,461 - SpareERP - INFO - Login cancelled. Exiting.
2026-02-14 16:27:11,873 - SpareERP - INFO - Application starting...
2026-02-14 16:27:13,623 - SpareERP - INFO - Database initialized at c:\Users\Admin\Desktop\spare_ERP\data\spareparts_pro.db
2026-02-14 16:27:13,627 - SpareERP - INFO - Launching Login Window...
2026-02-14 16:27:17,028 - SpareERP - INFO - Login cancelled. Exiting.
2026-02-14 16:27:18,758 - SpareERP - INFO - Application starting...
2026-02-14 16:27:20,499 - SpareERP - INFO - Database initialized at c:\Users\Admin\Desktop\spare_ERP\data\spareparts_pro.db
2026-02-14 16:27:20,503 - SpareERP - INFO - Launching Login Window...
2026-02-14 16:27:37,235 - SpareERP - INFO - Application starting...
2026-02-14 16:27:38,952 - SpareERP - INFO - Database initialized at c:\Users\Admin\Desktop\spare_ERP\data\spareparts_pro.db
2026-02-14 16:27:38,956 - SpareERP - INFO - Launching Login Window...
2026-02-14 16:27:44,646 - SpareERP - INFO - Login cancelled. Exiting.
2026-02-14 16:27:45,966 - SpareERP - INFO - Application starting...
2026-02-14 16:27:47,696 - SpareERP - INFO - Database initialized at c:\Users\Admin\Desktop\spare_ERP\data\spareparts_pro.db
2026-02-14 16:27:47,699 - SpareERP - INFO - Launching Login Window...
2026-02-14 16:27:56,393 - SpareERP - INFO - Application starting...
2026-02-14 16:27:58,305 - SpareERP - INFO - Database initialized at c:\Users\Admin\Desktop\spare_ERP\data\spareparts_pro.db
2026-02-14 16:27:58,312 - SpareERP - INFO - Launching Login Window...
2026-02-14 16:28:01,917 - SpareERP - INFO - Login cancelled. Exiting.
2026-02-14 16:28:03,932 - SpareERP - INFO - Application starting...
2026-02-14 16:28:05,695 - SpareERP - INFO - Database initialized at c:\Users\Admin\Desktop\spare_ERP\data\spareparts_pro.db
2026-02-14 16:28:05,699 - SpareERP - INFO - Launching Login Window...
2026-02-14 16:28:13,176 - SpareERP - INFO - Login cancelled. Exiting.
2026-02-14 16:28:14,757 - SpareERP - INFO - Application starting...
2026-02-14 16:28:16,529 - SpareERP - INFO - Database initialized at c:\Users\Admin\Desktop\spare_ERP\data\spareparts_pro.db
2026-02-14 16:28:16,534 - SpareERP - INFO - Launching Login Window...
2026-02-14 16:28:22,748 - SpareERP - INFO - Login cancelled. Exiting.
2026-02-14 16:28:24,222 - SpareERP - INFO - Application starting...
2026-02-14 16:28:25,996 - SpareERP - INFO - Database initialized at c:\Users\Admin\Desktop\spare_ERP\data\spareparts_pro.db
2026-02-14 16:28:26,000 - SpareERP - INFO - Launching Login Window...
2026-02-14 16:29:17,046 - SpareERP - INFO - Application starting...
2026-02-14 16:29:18,754 - SpareERP - INFO - Database initialized at c:\Users\Admin\Desktop\spare_ERP\data\spareparts_pro.db
2026-02-14 16:29:18,758 - SpareERP - INFO - Launching Login Window...
2026-02-14 16:29:42,315 - SpareERP - INFO - Application starting...
2026-02-14 16:29:44,242 - SpareERP - INFO - Database initialized at c:\Users\Admin\Desktop\spare_ERP\data\spareparts_pro.db
2026-02-14 16:29:44,245 - SpareERP - INFO - Launching Login Window...
2026-02-14 16:29:52,361 - SpareERP - INFO - Application starting...
2026-02-14 16:29:54,171 - SpareERP - INFO - Database initialized at c:\Users\Admin\Desktop\spare_ERP\data\spareparts_pro.db
2026-02-14 16:29:54,175 - SpareERP - INFO - Launching Login Window...
2026-02-14 16:30:03,662 - SpareERP - INFO - Application starting...
2026-02-14 16:30:05,432 - SpareERP - INFO - Database initialized at c:\Users\Admin\Desktop\spare_ERP\data\spareparts_pro.db
2026-02-14 16:30:05,436 - SpareERP - INFO - Launching Login Window...
2026-02-14 16:30:12,147 - SpareERP - INFO - Login cancelled. Exiting.
2026-02-14 16:30:38,354 - SpareERP - INFO - Application starting...
2026-02-14 16:30:40,087 - SpareERP - INFO - Database initialized at c:\Users\Admin\Desktop\spare_ERP\data\spareparts_pro.db
2026-02-14 16:30:40,090 - SpareERP - INFO - Launching Login Window...
2026-02-14 16:30:44,530 - SpareERP - INFO - Login cancelled. Exiting.
2026-02-14 16:30:46,172 - SpareERP - INFO - Application starting...
2026-02-14 16:30:47,906 - SpareERP - INFO - Database initialized at c:\Users\Admin\Desktop\spare_ERP\data\spareparts_pro.db
2026-02-14 16:30:47,910 - SpareERP - INFO - Launching Login Window...
2026-02-14 16:30:52,715 - SpareERP - INFO - Login cancelled. Exiting.
2026-02-14 16:30:59,259 - SpareERP - INFO - Application starting...
2026-02-14 16:31:01,215 - SpareERP - INFO - Database initialized at c:\Users\Admin\Desktop\spare_ERP\data\spareparts_pro.db
2026-02-14 16:31:01,219 - SpareERP - INFO - Launching Login Window...
2026-02-14 16:31:12,596 - SpareERP - INFO - Application starting...
2026-02-14 16:31:14,346 - SpareERP - INFO - Database initialized at c:\Users\Admin\Desktop\spare_ERP\data\spareparts_pro.db
2026-02-14 16:31:14,349 - SpareERP - INFO - Launching Login Window...
2026-02-14 16:31:14,889 - SpareERP - CRITICAL - Unhandled exception in main loop: name 'QEventLoop' is not defined
Traceback (most recent call last):
  File "c:\Users\Admin\Desktop\spare_ERP\main.py", line 136, in main
    loop = QEventLoop()
           ^^^^^^^^^^
NameError: name 'QEventLoop' is not defined
2026-02-14 16:31:20,814 - SpareERP - INFO - Application starting...
2026-02-14 16:31:22,587 - SpareERP - INFO - Database initialized at c:\Users\Admin\Desktop\spare_ERP\data\spareparts_pro.db
2026-02-14 16:31:22,591 - SpareERP - INFO - Launching Login Window...
2026-02-14 16:31:27,418 - SpareERP - INFO - Login cancelled. Exiting.
2026-02-14 16:31:31,529 - SpareERP - INFO - Application starting...
2026-02-14 16:31:33,292 - SpareERP - INFO - Database initialized at c:\Users\Admin\Desktop\spare_ERP\data\spareparts_pro.db
2026-02-14 16:31:33,295 - SpareERP - INFO - Launching Login Window...
2026-02-14 16:31:53,361 - SpareERP - INFO - Application starting...
2026-02-14 16:31:55,131 - SpareERP - INFO - Database initialized at c:\Users\Admin\Desktop\spare_ERP\data\spareparts_pro.db
2026-02-14 16:31:55,135 - SpareERP - INFO - Launching Login Window...
2026-02-14 16:32:00,086 - SpareERP - INFO - Login cancelled. Exiting.
2026-02-14 16:32:06,674 - SpareERP - INFO - Application starting...
2026-02-14 16:32:08,423 - SpareERP - INFO - Database initialized at c:\Users\Admin\Desktop\spare_ERP\data\spareparts_pro.db
2026-02-14 16:32:08,426 - SpareERP - INFO - Launching Login Window...
2026-02-14 16:32:13,691 - SpareERP - INFO - Login cancelled. Exiting.
2026-02-14 16:32:24,058 - SpareERP - INFO - Application starting...
2026-02-14 16:32:25,792 - SpareERP - INFO - Database initialized at c:\Users\Admin\Desktop\spare_ERP\data\spareparts_pro.db
2026-02-14 16:32:25,795 - SpareERP - INFO - Launching Login Window...
2026-02-14 16:32:30,321 - SpareERP - INFO - Login cancelled. Exiting.
2026-02-14 16:32:32,048 - SpareERP - INFO - Application starting...
2026-02-14 16:32:33,762 - SpareERP - INFO - Database initialized at c:\Users\Admin\Desktop\spare_ERP\data\spareparts_pro.db
2026-02-14 16:32:33,765 - SpareERP - INFO - Launching Login Window...
2026-02-14 16:32:40,444 - SpareERP - INFO - Application starting...
2026-02-14 16:32:42,295 - SpareERP - INFO - Database initialized at c:\Users\Admin\Desktop\spare_ERP\data\spareparts_pro.db
2026-02-14 16:32:42,299 - SpareERP - INFO - Launching Login Window...
2026-02-14 16:32:49,252 - SpareERP - INFO - Application starting...
2026-02-14 16:32:51,103 - SpareERP - INFO - Database initialized at c:\Users\Admin\Desktop\spare_ERP\data\spareparts_pro.db
2026-02-14 16:32:51,105 - SpareERP - CRITICAL - Startup Loader Error: No module named 'matplotlib'
2026-02-14 16:32:54,038 - SpareERP - CRITICAL - Startup failed: Components not loaded.
2026-02-14 16:32:57,382 - SpareERP - INFO - Application starting...
2026-02-14 16:32:59,212 - SpareERP - INFO - Database initialized at c:\Users\Admin\Desktop\spare_ERP\data\spareparts_pro.db
2026-02-14 16:32:59,214 - SpareERP - CRITICAL - Startup Loader Error: No module named 'matplotlib'
2026-02-14 16:33:02,171 - SpareERP - CRITICAL - Startup failed: Components not loaded.
2026-02-14 16:33:07,460 - SpareERP - INFO - Application starting...
2026-02-14 16:33:09,321 - SpareERP - INFO - Database initialized at c:\Users\Admin\Desktop\spare_ERP\data\spareparts_pro.db
2026-02-14 16:33:09,323 - SpareERP - CRITICAL - Startup Loader Error: No module named 'matplotlib'
2026-02-14 16:33:12,244 - SpareERP - CRITICAL - Startup failed: Components not loaded.
2026-02-14 16:33:22,116 - SpareERP - INFO - Application starting...
2026-02-14 16:33:23,898 - SpareERP - INFO - Database initialized at c:\Users\Admin\Desktop\spare_ERP\data\spareparts_pro.db
2026-02-14 16:33:23,900 - SpareERP - CRITICAL - Startup Loader Error: No module named 'matplotlib'
2026-02-14 16:33:26,900 - SpareERP - CRITICAL - Startup failed: Components not loaded.
2026-02-14 16:33:53,612 - SpareERP - INFO - Application starting...
2026-02-14 16:33:55,418 - SpareERP - INFO - Database initialized at c:\Users\Admin\Desktop\spare_ERP\data\spareparts_pro.db
2026-02-14 16:33:55,420 - SpareERP - CRITICAL - Startup Loader Error: No module named 'matplotlib'
2026-02-14 16:33:58,418 - SpareERP - CRITICAL - Startup failed: Components not loaded.
2026-02-14 16:34:08,820 - SpareERP - INFO - Application starting...
2026-02-14 16:34:10,926 - SpareERP - INFO - Database initialized at c:\Users\Admin\Desktop\spare_ERP\data\spareparts_pro.db
2026-02-14 16:34:13,620 - SpareERP - INFO - Launching Login Window...
2026-02-14 16:34:18,886 - SpareERP - INFO - Application starting...
2026-02-14 16:34:20,718 - SpareERP - INFO - Database initialized at c:\Users\Admin\Desktop\spare_ERP\data\spareparts_pro.db
2026-02-14 16:34:23,670 - SpareERP - INFO - Launching Login Window...
2026-02-14 16:34:37,297 - SpareERP - INFO - Login cancelled. Exiting.
2026-02-14 16:34:39,663 - SpareERP - INFO - Application starting...
2026-02-14 16:34:41,467 - SpareERP - INFO - Database initialized at c:\Users\Admin\Desktop\spare_ERP\data\spareparts_pro.db
2026-02-14 16:34:44,464 - SpareERP - INFO - Launching Login Window...
2026-02-14 16:34:53,660 - SpareERP - INFO - Application starting...
2026-02-14 16:34:55,453 - SpareERP - INFO - Database initialized at c:\Users\Admin\Desktop\spare_ERP\data\spareparts_pro.db
2026-02-14 16:34:58,452 - SpareERP - INFO - Launching Login Window...
2026-02-14 16:35:04,136 - SpareERP - INFO - Login cancelled. Exiting.
2026-02-14 16:35:41,223 - SpareERP - INFO - Application starting...
2026-02-14 16:35:43,051 - SpareERP - INFO - Database initialized at c:\Users\Admin\Desktop\spare_ERP\data\spareparts_pro.db
2026-02-14 16:35:46,033 - SpareERP - INFO - Launching Login Window...
2026-02-14 16:36:15,650 - SpareERP - INFO - Application starting...
2026-02-14 16:36:17,515 - SpareERP - INFO - Database initialized at c:\Users\Admin\Desktop\spare_ERP\data\spareparts_pro.db
2026-02-14 16:36:20,435 - SpareERP - INFO - Launching Login Window...
2026-02-14 16:36:50,687 - SpareERP - INFO - Application starting...
2026-02-14 16:36:52,737 - SpareERP - INFO - Database initialized at c:\Users\Admin\Desktop\spare_ERP\data\spareparts_pro.db
2026-02-14 16:36:55,499 - SpareERP - INFO - Launching Login Window...
2026-02-14 16:37:12,728 - SpareERP - INFO - Application starting...
2026-02-14 16:37:14,533 - SpareERP - INFO - Database initialized at c:\Users\Admin\Desktop\spare_ERP\data\spareparts_pro.db
2026-02-14 16:37:17,530 - SpareERP - INFO - Launching Login Window...
2026-02-14 16:37:19,103 - SpareERP - INFO - Login cancelled. Exiting.
2026-02-14 16:39:24,700 - SpareERP - INFO - Application starting...
2026-02-14 16:39:26,519 - SpareERP - INFO - Database initialized at c:\Users\Admin\Desktop\spare_ERP\data\spareparts_pro.db
2026-02-14 16:39:29,492 - SpareERP - INFO - Launching Login Window...
2026-02-14 16:39:31,908 - SpareERP - INFO - Login cancelled. Exiting.
2026-02-14 16:44:45,616 - SpareERP - INFO - Application starting...
2026-02-14 16:44:47,521 - SpareERP - INFO - Database initialized at c:\Users\Admin\Desktop\spare_ERP\data\spareparts_pro.db
2026-02-14 16:44:50,420 - SpareERP - INFO - Launching Login Window...
2026-02-14 16:45:50,428 - SpareERP - INFO - Application starting...
2026-02-14 16:45:52,298 - SpareERP - INFO - Database initialized at c:\Users\Admin\Desktop\spare_ERP\data\spareparts_pro.db
2026-02-14 16:45:55,219 - SpareERP - INFO - Launching Login Window...
2026-02-14 16:46:12,482 - SpareERP - INFO - Application starting...
2026-02-14 16:46:14,287 - SpareERP - INFO - Database initialized at c:\Users\Admin\Desktop\spare_ERP\data\spareparts_pro.db
2026-02-14 16:46:17,293 - SpareERP - INFO - Launching Login Window...
2026-02-14 16:46:35,751 - SpareERP - INFO - Application starting...
2026-02-14 16:46:37,691 - SpareERP - INFO - Database initialized at c:\Users\Admin\Desktop\spare_ERP\data\spareparts_pro.db
2026-02-14 16:46:40,533 - SpareERP - INFO - Launching Login Window...
2026-02-14 16:46:54,015 - SpareERP - INFO - Application starting...
2026-02-14 16:46:55,806 - SpareERP - INFO - Database initialized at c:\Users\Admin\Desktop\spare_ERP\data\spareparts_pro.db
2026-02-14 16:46:58,808 - SpareERP - INFO - Launching Login Window...
2026-02-14 16:47:03,481 - SpareERP - INFO - Login cancelled. Exiting.
2026-02-14 16:47:10,811 - SpareERP - INFO - Application starting...
2026-02-14 16:47:12,655 - SpareERP - INFO - Database initialized at c:\Users\Admin\Desktop\spare_ERP\data\spareparts_pro.db
2026-02-14 16:47:15,595 - SpareERP - INFO - Launching Login Window...
2026-02-14 16:47:27,169 - SpareERP - INFO - User admin logged in successfully
2026-02-14 16:47:27,188 - SpareERP - INFO - User authenticated as ADMIN. Launching Main Window.
2026-02-14 16:47:27,189 - SpareERP - CRITICAL - Unhandled exception in main loop: name 'MainWindow' is not defined
Traceback (most recent call last):
  File "c:\Users\Admin\Desktop\spare_ERP\main.py", line 210, in main
    window = MainWindow(db_manager, login_state["role"])
             ^^^^^^^^^^
NameError: name 'MainWindow' is not defined. Did you mean: 'LoginWindow'?
2026-02-14 16:48:52,476 - SpareERP - INFO - Application starting...
2026-02-14 16:48:54,394 - SpareERP - INFO - Database initialized at c:\Users\Admin\Desktop\spare_ERP\data\spareparts_pro.db
2026-02-14 16:48:57,276 - SpareERP - INFO - Launching Login Window...
2026-02-14 16:49:08,904 - SpareERP - INFO - User admin logged in successfully
2026-02-14 16:49:08,922 - SpareERP - INFO - User authenticated as ADMIN. Launching Main Window.
2026-02-14 16:49:08,923 - SpareERP - INFO - Initializing MainWindow...
2026-02-14 16:49:09,011 - SpareERP - INFO - Lazy loading page: Dashboard
2026-02-14 16:49:09,122 - SpareERP - INFO - AI Cache: 221 vehicle models, 361 part keywords
2026-02-14 16:49:11,884 - SpareERP - INFO - Lazy loading page: Billing
2026-02-14 16:49:14,044 - SpareERP - INFO - Lazy loading page: Inventory
2026-02-14 16:49:14,314 - SpareERP - INFO - Initializing InventoryPage...
2026-02-14 16:49:14,342 - SpareERP - INFO - InventoryPage Initialized Successfully.
2026-02-14 16:49:15,451 - SpareERP - INFO - Lazy loading page: Reports
2026-02-14 16:49:16,340 - SpareERP - INFO - Lazy loading page: Expenses
2026-02-14 16:49:16,354 - SpareERP - INFO - AI Cache: 221 vehicle models, 361 part keywords
2026-02-14 16:49:16,364 - SpareERP - INFO - Query all expenses: 19 found
2026-02-14 16:49:16,364 - SpareERP - INFO - Querying ALL expenses
2026-02-14 16:49:16,365 - SpareERP - INFO - Found 19 expense entries
2026-02-14 16:49:16,365 - SpareERP - INFO - Loading 19 expenses
2026-02-14 16:49:17,900 - SpareERP - INFO - Lazy loading page: Orders
2026-02-14 16:49:18,755 - SpareERP - INFO - Lazy loading page: Access
2026-02-14 16:49:20,725 - SpareERP - INFO - Lazy loading page: Settings
2026-02-14 16:49:51,815 - SpareERP - INFO - AI Query: xl 100
2026-02-14 16:50:31,091 - SpareERP - INFO - Expense added: Lunch, 120.0
2026-02-14 16:50:31,093 - SpareERP - INFO - Query all expenses: 20 found
2026-02-14 16:50:31,094 - SpareERP - INFO - Querying ALL expenses
2026-02-14 16:50:31,094 - SpareERP - INFO - Found 20 expense entries
2026-02-14 16:50:31,117 - SpareERP - INFO - Loading 20 expenses
2026-02-14 16:50:35,159 - SpareERP - INFO - Expense deleted: ID 57
2026-02-14 16:50:35,161 - SpareERP - INFO - Query all expenses: 19 found
2026-02-14 16:50:35,161 - SpareERP - INFO - Querying ALL expenses
2026-02-14 16:50:35,161 - SpareERP - INFO - Found 19 expense entries
2026-02-14 16:50:35,206 - SpareERP - INFO - Loading 19 expenses
2026-02-14 16:55:30,431 - SpareERP - WARNING - Current page (index 7) does not have a load_data method
2026-02-14 16:58:45,570 - SpareERP - INFO - Starting Full Flow Verification...
2026-02-14 16:58:45,609 - SpareERP - INFO - Database initialized at c:\Users\Admin\Desktop\spare_ERP\data\spareparts_pro.db
2026-02-14 16:58:45,609 - SpareERP - INFO - Verifying DashboardPage...
2026-02-14 16:58:46,242 - SpareERP - INFO - ✅ DashboardPage Instantiated Successfully.
2026-02-14 16:58:46,242 - SpareERP - INFO - Verifying BillingPage...
2026-02-14 16:58:46,446 - SpareERP - INFO - ✅ BillingPage Instantiated Successfully.
2026-02-14 16:58:46,446 - SpareERP - INFO - Verifying InventoryPage...
2026-02-14 16:58:46,824 - SpareERP - INFO - Initializing InventoryPage...
2026-02-14 16:58:46,853 - SpareERP - INFO - InventoryPage Initialized Successfully.
2026-02-14 16:58:46,854 - SpareERP - INFO - ✅ InventoryPage Instantiated Successfully.
2026-02-14 16:58:46,854 - SpareERP - INFO - Verifying ReportsPage...
2026-02-14 16:58:46,926 - SpareERP - INFO - ✅ ReportsPage Instantiated Successfully.
2026-02-14 16:58:46,926 - SpareERP - INFO - Verifying ExpensePage...
2026-02-14 16:58:46,939 - SpareERP - INFO - AI Cache: 221 vehicle models, 361 part keywords
2026-02-14 16:58:46,946 - SpareERP - INFO - Query all expenses: 19 found
2026-02-14 16:58:46,946 - SpareERP - INFO - Querying ALL expenses
2026-02-14 16:58:46,947 - SpareERP - INFO - Found 19 expense entries
2026-02-14 16:58:46,947 - SpareERP - INFO - Loading 19 expenses
2026-02-14 16:58:47,014 - SpareERP - INFO - ✅ ExpensePage Instantiated Successfully.
2026-02-14 16:58:47,015 - SpareERP - INFO - Verifying PurchaseOrderPage...
2026-02-14 16:58:47,173 - SpareERP - INFO - ✅ PurchaseOrderPage Instantiated Successfully.
2026-02-14 16:58:47,173 - SpareERP - INFO - Verifying UserManagementPage...
2026-02-14 16:58:47,250 - SpareERP - INFO - ✅ UserManagementPage Instantiated Successfully.
2026-02-14 16:58:47,251 - SpareERP - INFO - Verifying SettingsPage...
2026-02-14 16:58:47,275 - SpareERP - INFO - ✅ SettingsPage Instantiated Successfully.
2026-02-14 17:01:31,929 - SpareERP - INFO - Starting Full Flow Verification...
2026-02-14 17:01:31,965 - SpareERP - INFO - Database initialized at c:\Users\Admin\Desktop\spare_ERP\data\spareparts_pro.db
2026-02-14 17:01:31,966 - SpareERP - INFO - Verifying DashboardPage...
2026-02-14 17:01:32,601 - SpareERP - INFO - ✅ DashboardPage Instantiated Successfully.
2026-02-14 17:01:32,601 - SpareERP - INFO - Verifying BillingPage...
2026-02-14 17:01:32,807 - SpareERP - INFO - ✅ BillingPage Instantiated Successfully.
2026-02-14 17:01:32,807 - SpareERP - INFO - Verifying InventoryPage...
2026-02-14 17:01:33,177 - SpareERP - INFO - Initializing InventoryPage...
2026-02-14 17:01:33,204 - SpareERP - INFO - InventoryPage Initialized Successfully.
2026-02-14 17:01:33,204 - SpareERP - INFO - ✅ InventoryPage Instantiated Successfully.
2026-02-14 17:01:33,205 - SpareERP - INFO - Verifying ReportsPage...
2026-02-14 17:01:33,273 - SpareERP - INFO - ✅ ReportsPage Instantiated Successfully.
2026-02-14 17:01:33,273 - SpareERP - INFO - Verifying ExpensePage...
2026-02-14 17:01:33,287 - SpareERP - INFO - AI Cache: 221 vehicle models, 361 part keywords
2026-02-14 17:01:33,293 - SpareERP - INFO - Query all expenses: 19 found
2026-02-14 17:01:33,294 - SpareERP - INFO - Querying ALL expenses
2026-02-14 17:01:33,294 - SpareERP - INFO - Found 19 expense entries
2026-02-14 17:01:33,295 - SpareERP - INFO - Loading 19 expenses
2026-02-14 17:01:33,348 - SpareERP - INFO - ✅ ExpensePage Instantiated Successfully.
2026-02-14 17:01:33,349 - SpareERP - INFO - Verifying PurchaseOrderPage...
2026-02-14 17:01:33,495 - SpareERP - INFO - ✅ PurchaseOrderPage Instantiated Successfully.
2026-02-14 17:01:33,496 - SpareERP - INFO - Verifying UserManagementPage...
2026-02-14 17:01:33,579 - SpareERP - INFO - ✅ UserManagementPage Instantiated Successfully.
2026-02-14 17:01:33,580 - SpareERP - INFO - Verifying SettingsPage...
2026-02-14 17:01:33,605 - SpareERP - INFO - ✅ SettingsPage Instantiated Successfully.
2026-02-14 17:02:00,764 - SpareERP - INFO - Starting Full Flow Verification...
2026-02-14 17:02:00,807 - SpareERP - INFO - Database initialized at c:\Users\Admin\Desktop\spare_ERP\data\spareparts_pro.db
2026-02-14 17:02:00,808 - SpareERP - INFO - Verifying DashboardPage...
2026-02-14 17:02:01,586 - SpareERP - INFO - ✅ DashboardPage Instantiated Successfully.
2026-02-14 17:02:01,586 - SpareERP - INFO - Verifying BillingPage...
2026-02-14 17:02:01,825 - SpareERP - INFO - ✅ BillingPage Instantiated Successfully.
2026-02-14 17:02:01,826 - SpareERP - INFO - Verifying InventoryPage...
2026-02-14 17:02:02,204 - SpareERP - INFO - Initializing InventoryPage...
2026-02-14 17:02:02,232 - SpareERP - INFO - InventoryPage Initialized Successfully.
2026-02-14 17:02:02,232 - SpareERP - INFO - ✅ InventoryPage Instantiated Successfully.
2026-02-14 17:02:02,233 - SpareERP - INFO - Verifying ReportsPage...
2026-02-14 17:02:02,303 - SpareERP - INFO - ✅ ReportsPage Instantiated Successfully.
2026-02-14 17:02:02,304 - SpareERP - INFO - Verifying ExpensePage...
2026-02-14 17:02:02,315 - SpareERP - INFO - AI Cache: 221 vehicle models, 361 part keywords
2026-02-14 17:02:02,323 - SpareERP - INFO - Query all expenses: 19 found
2026-02-14 17:02:02,323 - SpareERP - INFO - Querying ALL expenses
2026-02-14 17:02:02,323 - SpareERP - INFO - Found 19 expense entries
2026-02-14 17:02:02,323 - SpareERP - INFO - Loading 19 expenses
2026-02-14 17:02:02,380 - SpareERP - INFO - ✅ ExpensePage Instantiated Successfully.
2026-02-14 17:02:02,380 - SpareERP - INFO - Verifying PurchaseOrderPage...
2026-02-14 17:02:02,533 - SpareERP - INFO - ✅ PurchaseOrderPage Instantiated Successfully.
2026-02-14 17:02:02,534 - SpareERP - INFO - Verifying UserManagementPage...
2026-02-14 17:02:02,606 - SpareERP - INFO - ✅ UserManagementPage Instantiated Successfully.
2026-02-14 17:02:02,607 - SpareERP - INFO - Verifying SettingsPage...
2026-02-14 17:02:02,631 - SpareERP - INFO - ✅ SettingsPage Instantiated Successfully.
2026-02-14 17:05:19,055 - SpareERP - INFO - Application starting...
2026-02-14 17:05:21,005 - SpareERP - INFO - Database initialized at c:\Users\Admin\Desktop\spare_ERP\data\spareparts_pro.db
2026-02-14 17:05:23,844 - SpareERP - INFO - Launching Login Window...
2026-02-14 17:05:32,348 - SpareERP - INFO - User admin logged in successfully
2026-02-14 17:05:32,366 - SpareERP - INFO - User authenticated as ADMIN. Launching Main Window.
2026-02-14 17:05:32,368 - SpareERP - INFO - Initializing MainWindow...
2026-02-14 17:05:32,470 - SpareERP - INFO - Lazy loading page: Dashboard
2026-02-14 17:05:32,595 - SpareERP - INFO - AI Cache: 221 vehicle models, 361 part keywords
2026-02-14 17:05:34,137 - SpareERP - INFO - Lazy loading page: Billing
2026-02-14 17:05:55,027 - SpareERP - INFO - Generated new Invoice ID: INV-1023
2026-02-14 17:05:55,034 - SpareERP - INFO - Invoice saved: INV-1023
2026-02-14 17:05:55,035 - SpareERP - INFO - Invoice generated: INV-1023 for GYANI
2026-02-14 17:05:55,041 - SpareERP - INFO - Part sold: N9321790, Qty: 1, Inv: INV-1023
2026-02-14 17:05:55,047 - SpareERP - INFO - Part sold: P6150310, Qty: 1, Inv: INV-1023
2026-02-14 17:05:55,050 - SpareERP - INFO - Generating PDF with Theme: 'Logo Adaptive' for Invoice: INV-1023
2026-02-14 17:13:41,495 - SpareERP - INFO - Starting Full Flow Verification...
2026-02-14 17:13:41,875 - SpareERP - INFO - Migrated schema: Added items_count to invoices table
2026-02-14 17:13:41,885 - SpareERP - INFO - Database initialized at C:\Users\Admin\Desktop\spare_ERP\data\spareparts_pro.db
2026-02-14 17:13:41,885 - SpareERP - INFO - Verifying DashboardPage...
2026-02-14 17:13:43,178 - SpareERP - INFO - ✅ DashboardPage Instantiated Successfully.
2026-02-14 17:13:43,178 - SpareERP - INFO - Verifying BillingPage...
2026-02-14 17:13:43,591 - SpareERP - INFO - ✅ BillingPage Instantiated Successfully.
2026-02-14 17:13:43,591 - SpareERP - INFO - Verifying InventoryPage...
2026-02-14 17:13:44,047 - SpareERP - INFO - Initializing InventoryPage...
2026-02-14 17:13:44,083 - SpareERP - INFO - InventoryPage Initialized Successfully.
2026-02-14 17:13:44,083 - SpareERP - INFO - ✅ InventoryPage Instantiated Successfully.
2026-02-14 17:13:44,083 - SpareERP - INFO - Verifying ReportsPage...
2026-02-14 17:13:44,159 - SpareERP - INFO - ✅ ReportsPage Instantiated Successfully.
2026-02-14 17:13:44,160 - SpareERP - INFO - Verifying ExpensePage...
2026-02-14 17:13:44,171 - SpareERP - INFO - AI Cache: 221 vehicle models, 361 part keywords
2026-02-14 17:13:44,178 - SpareERP - INFO - Query all expenses: 19 found
2026-02-14 17:13:44,179 - SpareERP - INFO - Querying ALL expenses
2026-02-14 17:13:44,179 - SpareERP - INFO - Found 19 expense entries
2026-02-14 17:13:44,179 - SpareERP - INFO - Loading 19 expenses
2026-02-14 17:13:44,236 - SpareERP - INFO - ✅ ExpensePage Instantiated Successfully.
2026-02-14 17:13:44,236 - SpareERP - INFO - Verifying PurchaseOrderPage...
2026-02-14 17:13:44,392 - SpareERP - INFO - ✅ PurchaseOrderPage Instantiated Successfully.
2026-02-14 17:13:44,393 - SpareERP - INFO - Verifying UserManagementPage...
2026-02-14 17:13:44,852 - SpareERP - INFO - ✅ UserManagementPage Instantiated Successfully.
2026-02-14 17:13:44,853 - SpareERP - INFO - Verifying SettingsPage...
2026-02-14 17:13:44,876 - SpareERP - INFO - ✅ SettingsPage Instantiated Successfully.
2026-02-14 17:15:11,999 - SpareERP - INFO - Application starting...
2026-02-14 17:15:13,859 - SpareERP - INFO - Database initialized at c:\Users\Admin\Desktop\spare_ERP\data\spareparts_pro.db
2026-02-14 17:15:16,789 - SpareERP - INFO - Launching Login Window...
2026-02-14 17:15:25,365 - SpareERP - INFO - User admin logged in successfully
2026-02-14 17:15:25,387 - SpareERP - INFO - User authenticated as ADMIN. Launching Main Window.
2026-02-14 17:15:25,388 - SpareERP - INFO - Initializing MainWindow...
2026-02-14 17:15:25,480 - SpareERP - INFO - Lazy loading page: Dashboard
2026-02-14 17:15:25,569 - SpareERP - INFO - AI Cache: 221 vehicle models, 361 part keywords
2026-02-14 17:15:27,977 - SpareERP - INFO - Lazy loading page: Reports
2026-02-14 17:20:53,250 - SpareERP - INFO - Application starting...
2026-02-14 17:20:55,115 - SpareERP - INFO - Database initialized at c:\Users\Admin\Desktop\spare_ERP\data\spareparts_pro.db
2026-02-14 17:20:58,034 - SpareERP - INFO - Launching Login Window...
2026-02-14 17:21:05,963 - SpareERP - INFO - User admin logged in successfully
2026-02-14 17:21:05,983 - SpareERP - INFO - User authenticated as ADMIN. Launching Main Window.
2026-02-14 17:21:05,984 - SpareERP - INFO - Initializing MainWindow...
2026-02-14 17:21:06,077 - SpareERP - INFO - Lazy loading page: Dashboard
2026-02-14 17:21:06,169 - SpareERP - INFO - AI Cache: 221 vehicle models, 361 part keywords
2026-02-14 17:21:10,815 - SpareERP - INFO - Lazy loading page: Reports
2026-02-14 17:21:27,841 - SpareERP - INFO - Lazy loading page: Orders
2026-02-14 17:28:43,849 - SpareERP - INFO - Application starting...
2026-02-14 17:28:45,683 - SpareERP - INFO - Database initialized at c:\Users\Admin\Desktop\spare_ERP\data\spareparts_pro.db
2026-02-14 17:28:48,641 - SpareERP - INFO - Launching Login Window...
2026-02-14 17:28:57,380 - SpareERP - INFO - User admin logged in successfully
2026-02-14 17:28:57,399 - SpareERP - INFO - User authenticated as ADMIN. Launching Main Window.
2026-02-14 17:28:57,401 - SpareERP - INFO - Initializing MainWindow...
2026-02-14 17:28:57,490 - SpareERP - INFO - Lazy loading page: Dashboard
2026-02-14 17:28:57,585 - SpareERP - INFO - AI Cache: 221 vehicle models, 361 part keywords
2026-02-14 17:28:59,568 - SpareERP - INFO - Lazy loading page: Reports
2026-02-14 17:31:39,882 - SpareERP - INFO - Lazy loading page: Orders
2026-02-14 17:31:40,794 - SpareERP - INFO - Lazy loading page: Expenses
2026-02-14 17:31:40,813 - SpareERP - INFO - AI Cache: 221 vehicle models, 361 part keywords
2026-02-14 17:31:40,823 - SpareERP - INFO - Query all expenses: 19 found
2026-02-14 17:31:40,824 - SpareERP - INFO - Querying ALL expenses
2026-02-14 17:31:40,824 - SpareERP - INFO - Found 19 expense entries
2026-02-14 17:31:40,825 - SpareERP - INFO - Loading 19 expenses
2026-02-14 17:31:42,158 - SpareERP - INFO - Lazy loading page: Inventory
2026-02-14 17:31:42,158 - SpareERP - INFO - Initializing InventoryPage...
2026-02-14 17:31:42,187 - SpareERP - INFO - InventoryPage Initialized Successfully.
2026-02-14 17:31:43,649 - SpareERP - INFO - Lazy loading page: Billing
2026-02-14 17:37:36,178 - SpareERP - INFO - Lazy loading page: Access
2026-02-14 17:37:43,610 - SpareERP - INFO - Lazy loading page: Settings
2026-02-14 17:39:39,870 - SpareERP - INFO - Application starting...
2026-02-14 17:39:41,791 - SpareERP - INFO - Database initialized at c:\Users\Admin\Desktop\spare_ERP\data\spareparts_pro.db
2026-02-14 17:39:44,655 - SpareERP - INFO - Launching Login Window...
2026-02-14 17:39:53,941 - SpareERP - WARNING - Failed login attempt for user: admin
2026-02-14 17:40:01,956 - SpareERP - INFO - User admin logged in successfully
2026-02-14 17:40:01,972 - SpareERP - INFO - User authenticated as ADMIN. Launching Main Window.
2026-02-14 17:40:01,973 - SpareERP - INFO - Initializing MainWindow...
2026-02-14 17:40:02,065 - SpareERP - INFO - Lazy loading page: Dashboard
2026-02-14 17:40:02,156 - SpareERP - INFO - AI Cache: 221 vehicle models, 361 part keywords
2026-02-14 17:40:05,112 - SpareERP - INFO - Lazy loading page: Orders
2026-02-14 17:40:34,657 - SpareERP - INFO - Lazy loading page: Access
2026-02-14 17:40:37,560 - SpareERP - INFO - Refreshing page at index 5
2026-02-14 17:41:47,100 - SpareERP - INFO - Database initialized at data/spareparts_pro.db
2026-02-14 17:44:06,914 - SpareERP - INFO - Application starting...
2026-02-14 17:44:09,032 - SpareERP - INFO - Database initialized at c:\Users\Admin\Desktop\spare_ERP\data\spareparts_pro.db
2026-02-14 17:44:11,703 - SpareERP - INFO - Launching Login Window...
2026-02-14 17:44:18,860 - SpareERP - INFO - Application starting...
2026-02-14 17:44:20,646 - SpareERP - INFO - Database initialized at c:\Users\Admin\Desktop\spare_ERP\data\spareparts_pro.db
2026-02-14 17:44:23,660 - SpareERP - INFO - Launching Login Window...
2026-02-14 17:44:25,617 - SpareERP - INFO - Login cancelled. Exiting.
2026-02-14 17:44:32,384 - SpareERP - INFO - Application starting...
2026-02-14 17:44:34,196 - SpareERP - INFO - Database initialized at c:\Users\Admin\Desktop\spare_ERP\data\spareparts_pro.db
2026-02-14 17:44:37,204 - SpareERP - INFO - Launching Login Window...
2026-02-14 17:44:39,303 - SpareERP - INFO - Application starting...
2026-02-14 17:44:41,200 - SpareERP - INFO - Database initialized at C:\Users\Admin\Desktop\spare_ERP\data\spareparts_pro.db
2026-02-14 17:44:44,110 - SpareERP - INFO - Launching Login Window...
2026-02-14 17:44:45,866 - SpareERP - INFO - Login cancelled. Exiting.
2026-02-14 17:44:59,360 - SpareERP - INFO - Application starting...
2026-02-14 17:45:01,196 - SpareERP - INFO - Database initialized at c:\Users\Admin\Desktop\spare_ERP\data\spareparts_pro.db
2026-02-14 17:45:04,166 - SpareERP - INFO - Launching Login Window...
2026-02-14 17:45:06,025 - SpareERP - INFO - Login cancelled. Exiting.
2026-02-14 17:45:07,858 - SpareERP - INFO - Application starting...
2026-02-14 17:45:09,699 - SpareERP - INFO - Database initialized at c:\Users\Admin\Desktop\spare_ERP\data\spareparts_pro.db
2026-02-14 17:45:12,654 - SpareERP - INFO - Launching Login Window...
2026-02-14 17:45:16,713 - SpareERP - INFO - Login cancelled. Exiting.
2026-02-15 10:18:23,908 - SpareERP - INFO - Application starting...
2026-02-15 10:18:29,480 - SpareERP - INFO - Database initialized at c:\Users\Admin\Desktop\spare_ERP\data\spareparts_pro.db
2026-02-15 10:18:32,106 - SpareERP - INFO - Launching Login Window...
2026-02-15 10:18:46,874 - SpareERP - INFO - User admin logged in successfully
2026-02-15 10:18:46,892 - SpareERP - INFO - User authenticated as ADMIN. Launching Main Window.
2026-02-15 10:18:46,895 - SpareERP - INFO - Initializing MainWindow...
2026-02-15 10:18:46,982 - SpareERP - INFO - Lazy loading page: Dashboard
2026-02-15 10:18:47,558 - SpareERP - INFO - AI Cache: 221 vehicle models, 361 part keywords
2026-02-15 10:18:51,829 - SpareERP - INFO - Lazy loading page: Billing
2026-02-15 10:18:53,014 - SpareERP - INFO - Lazy loading page: Inventory
2026-02-15 10:18:53,440 - SpareERP - INFO - Initializing InventoryPage...
2026-02-15 10:18:53,479 - SpareERP - INFO - InventoryPage Initialized Successfully.
2026-02-15 10:18:54,405 - SpareERP - INFO - Lazy loading page: Reports
2026-02-15 10:26:04,968 - SpareERP - INFO - Lazy loading page: Expenses
2026-02-15 10:26:04,984 - SpareERP - INFO - AI Cache: 221 vehicle models, 361 part keywords
2026-02-15 10:26:04,996 - SpareERP - INFO - Query all expenses: 19 found
2026-02-15 10:26:04,996 - SpareERP - INFO - Querying ALL expenses
2026-02-15 10:26:04,997 - SpareERP - INFO - Found 19 expense entries
2026-02-15 10:26:04,997 - SpareERP - INFO - Loading 19 expenses
2026-02-15 10:26:06,386 - SpareERP - INFO - Lazy loading page: Orders
2026-02-15 10:27:57,614 - SpareERP - INFO - Received item 28: 5 @ 434.0
2026-02-15 10:28:02,345 - SpareERP - INFO - Received item 30: 5 @ 234.0
2026-02-15 10:28:05,328 - SpareERP - INFO - Received item 33: 10 @ 180.0
2026-02-15 10:28:07,815 - SpareERP - INFO - Received item 31: 10 @ 250.0
2026-02-15 10:28:10,105 - SpareERP - INFO - Received item 32: 10 @ 148.0
2026-02-15 10:28:46,791 - SpareERP - INFO - Lazy loading page: Settings
2026-02-15 10:28:49,855 - SpareERP - INFO - Lazy loading page: Access
2026-02-15 10:29:14,263 - SpareERP - INFO - Refreshing page at index 2
2026-02-15 10:29:15,718 - SpareERP - INFO - Refreshing page at index 2
2026-02-15 10:30:21,897 - SpareERP - INFO - Generated new Invoice ID: INV-1024
2026-02-15 10:30:21,903 - SpareERP - INFO - Invoice saved: INV-1024
2026-02-15 10:30:21,904 - SpareERP - INFO - Invoice generated: INV-1024 for GYANI
2026-02-15 10:30:21,910 - SpareERP - INFO - Part sold: NF040510, Qty: 1, Inv: INV-1024
2026-02-15 10:30:21,916 - SpareERP - INFO - Part sold: N9010450, Qty: 1, Inv: INV-1024
2026-02-15 10:30:21,919 - SpareERP - INFO - Generating PDF with Theme: 'Logo Adaptive' for Invoice: INV-1024
2026-02-15 10:30:23,152 - SpareERP - INFO - Sending WhatsApp for INV-1024 to 9335668077
2026-02-15 10:33:26,513 - SpareERP - INFO - Setting updated: invoice_theme
2026-02-15 10:33:48,139 - SpareERP - INFO - Generated new Invoice ID: INV-1025
2026-02-15 10:33:48,146 - SpareERP - INFO - Invoice saved: INV-1025
2026-02-15 10:33:48,146 - SpareERP - INFO - Invoice generated: INV-1025 for GYANI
2026-02-15 10:33:48,153 - SpareERP - INFO - Part sold: N9321790, Qty: 1, Inv: INV-1025
2026-02-15 10:33:48,160 - SpareERP - INFO - Part sold: N6030270, Qty: 1, Inv: INV-1025
2026-02-15 10:33:48,163 - SpareERP - INFO - Generating PDF with Theme: 'Modern (Blue)' for Invoice: INV-1025
2026-02-15 10:37:10,121 - SpareERP - INFO - Generated new Invoice ID: INV-1026
2026-02-15 10:37:10,128 - SpareERP - INFO - Invoice saved: INV-1026
2026-02-15 10:37:10,128 - SpareERP - INFO - Invoice generated: INV-1026 for GYANI
2026-02-15 10:37:10,134 - SpareERP - INFO - Part sold: N9321790, Qty: 1, Inv: INV-1026
2026-02-15 10:37:10,141 - SpareERP - INFO - Part sold: N4030420, Qty: 1, Inv: INV-1026
2026-02-15 10:37:10,144 - SpareERP - INFO - Generating PDF with Theme: 'Modern (Blue)' for Invoice: INV-1026
2026-02-15 10:37:21,647 - SpareERP - INFO - Setting updated: invoice_theme
2026-02-15 10:37:38,193 - SpareERP - INFO - Generated new Invoice ID: INV-1027
2026-02-15 10:37:38,198 - SpareERP - INFO - Invoice saved: INV-1027
2026-02-15 10:37:38,199 - SpareERP - INFO - Invoice generated: INV-1027 for GYANI
2026-02-15 10:37:38,204 - SpareERP - INFO - Part sold: M7011370, Qty: 1, Inv: INV-1027
2026-02-15 10:37:38,211 - SpareERP - INFO - Part sold: N3011370, Qty: 1, Inv: INV-1027
2026-02-15 10:37:38,214 - SpareERP - INFO - Generating PDF with Theme: 'Minimal (B&W)' for Invoice: INV-1027
2026-02-15 10:38:16,903 - SpareERP - INFO - Refreshing page at index 3
2026-02-15 10:38:17,623 - SpareERP - INFO - Refreshing page at index 3
2026-02-15 10:38:18,080 - SpareERP - INFO - Refreshing page at index 3
2026-02-15 11:46:55,440 - SpareERP - INFO - Application starting...
2026-02-15 11:47:00,133 - SpareERP - INFO - Database initialized at C:\Users\Admin\Desktop\spare_ERP\data\spareparts_pro.db
2026-02-15 11:47:07,743 - SpareERP - INFO - Launching Login Window...
2026-02-15 11:47:16,072 - SpareERP - INFO - User admin logged in successfully
2026-02-15 11:47:16,090 - SpareERP - INFO - User authenticated as ADMIN. Launching Main Window.
2026-02-15 11:47:16,091 - SpareERP - INFO - Initializing MainWindow...
2026-02-15 11:47:16,174 - SpareERP - INFO - Lazy loading page: Dashboard
2026-02-15 11:47:16,632 - SpareERP - INFO - AI Cache: 221 vehicle models, 361 part keywords
2026-02-15 12:41:28,543 - SpareERP - INFO - Application starting...
2026-02-15 12:41:30,425 - SpareERP - INFO - Database initialized at C:\Users\Admin\Desktop\spare_ERP\data\spareparts_pro.db
2026-02-15 12:41:33,378 - SpareERP - INFO - Launching Login Window...
2026-02-15 12:41:56,272 - SpareERP - INFO - User admin logged in successfully
2026-02-15 12:41:56,289 - SpareERP - INFO - User authenticated as ADMIN. Launching Main Window.
2026-02-15 12:41:56,291 - SpareERP - INFO - Initializing MainWindow...
2026-02-15 12:41:56,364 - SpareERP - INFO - Lazy loading page: Dashboard
2026-02-15 12:41:56,871 - SpareERP - INFO - AI Cache: 221 vehicle models, 361 part keywords
2026-02-15 12:41:58,796 - SpareERP - INFO - Lazy loading page: Billing
2026-02-15 12:42:00,461 - SpareERP - INFO - Lazy loading page: Inventory
2026-02-15 12:42:00,729 - SpareERP - INFO - Initializing InventoryPage...
2026-02-15 12:42:00,758 - SpareERP - INFO - InventoryPage Initialized Successfully.
2026-02-15 12:43:10,043 - SpareERP - INFO - Received item 34: 5 @ 219.0
2026-02-15 12:44:27,801 - SpareERP - INFO - Lazy loading page: Expenses
2026-02-15 12:44:27,824 - SpareERP - INFO - AI Cache: 221 vehicle models, 361 part keywords
2026-02-15 12:44:27,838 - SpareERP - INFO - Query all expenses: 19 found
2026-02-15 12:44:27,838 - SpareERP - INFO - Querying ALL expenses
2026-02-15 12:44:27,839 - SpareERP - INFO - Found 19 expense entries
2026-02-15 12:44:27,839 - SpareERP - INFO - Loading 19 expenses
2026-02-15 12:45:47,336 - SpareERP - INFO - Received item 35: 10 @ 29.0
2026-02-15 12:45:51,771 - SpareERP - INFO - Refreshing page at index 2
2026-02-15 13:27:30,108 - SpareERP - INFO - Application starting...
2026-02-15 13:27:35,057 - SpareERP - INFO - Database initialized at c:\Users\Admin\Desktop\spare_ERP\data\spareparts_pro.db
2026-02-15 13:27:35,877 - SpareERP - INFO - Launching Login Window...
2026-02-15 13:27:46,918 - SpareERP - INFO - User admin logged in successfully
2026-02-15 13:27:46,936 - SpareERP - INFO - User authenticated as ADMIN. Launching Main Window.
2026-02-15 13:27:46,940 - SpareERP - INFO - Initializing MainWindow...
2026-02-15 13:27:47,070 - SpareERP - INFO - Lazy loading page: Dashboard
2026-02-15 13:27:47,653 - SpareERP - INFO - AI Cache: 221 vehicle models, 361 part keywords
2026-02-15 13:27:49,373 - SpareERP - INFO - Lazy loading page: Billing
2026-02-15 13:27:50,403 - SpareERP - INFO - Lazy loading page: Inventory
2026-02-15 13:27:50,747 - SpareERP - INFO - Initializing InventoryPage...
2026-02-15 13:27:50,790 - SpareERP - INFO - InventoryPage Initialized Successfully.
2026-02-15 13:27:51,439 - SpareERP - INFO - Lazy loading page: Reports
2026-02-15 13:27:52,418 - SpareERP - INFO - Lazy loading page: Expenses
2026-02-15 13:27:52,437 - SpareERP - INFO - AI Cache: 221 vehicle models, 361 part keywords
2026-02-15 13:27:52,445 - SpareERP - INFO - Query all expenses: 19 found
2026-02-15 13:27:52,445 - SpareERP - INFO - Querying ALL expenses
2026-02-15 13:27:52,446 - SpareERP - INFO - Found 19 expense entries
2026-02-15 13:27:52,446 - SpareERP - INFO - Loading 19 expenses
2026-02-15 13:27:53,661 - SpareERP - INFO - Lazy loading page: Orders
2026-02-15 13:27:54,875 - SpareERP - INFO - Lazy loading page: Access
2026-02-15 13:27:55,923 - SpareERP - INFO - Lazy loading page: Settings
2026-02-15 14:53:48,742 - SpareERP - INFO - Database initialized at C:\Users\Admin\Desktop\spare_ERP\data\spareparts_pro.db
2026-02-15 14:53:48,762 - SpareERP - INFO - Return Processed: Inv INV-TEST-001, Part TEST-PART-999, Qty 3
2026-02-15 14:54:23,231 - SpareERP - INFO - Application starting...
2026-02-15 14:54:25,043 - SpareERP - INFO - Database initialized at c:\Users\Admin\Desktop\spare_ERP\data\spareparts_pro.db
2026-02-15 14:54:28,019 - SpareERP - INFO - Launching Login Window...
2026-02-15 14:54:37,078 - SpareERP - INFO - User admin logged in successfully
2026-02-15 14:54:37,101 - SpareERP - INFO - User authenticated as ADMIN. Launching Main Window.
2026-02-15 14:54:37,103 - SpareERP - INFO - Initializing MainWindow...
2026-02-15 14:54:37,200 - SpareERP - INFO - Lazy loading page: Dashboard
2026-02-15 14:54:37,311 - SpareERP - INFO - AI Cache: 221 vehicle models, 363 part keywords
2026-02-15 14:54:39,748 - SpareERP - INFO - Lazy loading page: Reports
2026-02-15 14:54:53,155 - SpareERP - INFO - Lazy loading page: Inventory
2026-02-15 14:54:53,413 - SpareERP - INFO - Initializing InventoryPage...
2026-02-15 14:54:53,440 - SpareERP - INFO - InventoryPage Initialized Successfully.
2026-02-15 14:55:08,483 - SpareERP - INFO - Lazy loading page: Orders
2026-02-15 14:55:09,386 - SpareERP - INFO - Lazy loading page: Expenses
2026-02-15 14:55:09,405 - SpareERP - INFO - AI Cache: 221 vehicle models, 363 part keywords
2026-02-15 14:55:09,419 - SpareERP - INFO - Query all expenses: 19 found
2026-02-15 14:55:09,420 - SpareERP - INFO - Querying ALL expenses
2026-02-15 14:55:09,420 - SpareERP - INFO - Found 19 expense entries
2026-02-15 14:55:09,420 - SpareERP - INFO - Loading 19 expenses
2026-02-15 15:04:14,503 - SpareERP - INFO - Migrated schema: Added items_count to invoices table
2026-02-15 15:04:14,516 - SpareERP - INFO - Migrated schema: Added added_by to parts table
2026-02-15 15:04:14,521 - SpareERP - INFO - Migrated schema: Added last_cost to parts table
2026-02-15 15:04:14,523 - SpareERP - INFO - Database initialized at test_pdf_regen.db
2026-02-15 15:04:14,531 - SpareERP - INFO - Part saved: P001 - Brake Pad
2026-02-15 15:04:14,542 - SpareERP - INFO - Generated new Invoice ID: INV-1001
2026-02-15 15:04:14,550 - SpareERP - INFO - Invoice saved: INV-1001
2026-02-15 15:04:14,558 - SpareERP - INFO - Return Processed: Inv INV-1001, Part P001, Qty 2
2026-02-15 15:04:14,566 - SpareERP - INFO - Generating PDF with Theme: 'Modern (Blue)' for Invoice: INV-1001
2026-02-15 15:05:08,359 - SpareERP - INFO - Application starting...
2026-02-15 15:05:10,428 - SpareERP - INFO - Database initialized at c:\Users\Admin\Desktop\spare_ERP\data\spareparts_pro.db
2026-02-15 15:05:13,150 - SpareERP - INFO - Launching Login Window...
2026-02-15 15:05:22,374 - SpareERP - INFO - User admin logged in successfully
2026-02-15 15:05:22,392 - SpareERP - INFO - User authenticated as ADMIN. Launching Main Window.
2026-02-15 15:05:22,393 - SpareERP - INFO - Initializing MainWindow...
2026-02-15 15:05:22,492 - SpareERP - INFO - Lazy loading page: Dashboard
2026-02-15 15:05:22,663 - SpareERP - INFO - AI Cache: 221 vehicle models, 363 part keywords
2026-02-15 15:05:28,113 - SpareERP - INFO - Lazy loading page: Billing
2026-02-15 15:05:29,018 - SpareERP - INFO - Lazy loading page: Inventory
2026-02-15 15:05:29,347 - SpareERP - INFO - Initializing InventoryPage...
2026-02-15 15:05:29,374 - SpareERP - INFO - InventoryPage Initialized Successfully.
2026-02-15 15:05:36,052 - SpareERP - INFO - Lazy loading page: Access
2026-02-15 15:05:39,241 - SpareERP - INFO - Lazy loading page: Orders
2026-02-15 15:05:40,515 - SpareERP - INFO - Lazy loading page: Expenses
2026-02-15 15:05:40,530 - SpareERP - INFO - AI Cache: 221 vehicle models, 363 part keywords
2026-02-15 15:05:40,540 - SpareERP - INFO - Query all expenses: 19 found
2026-02-15 15:05:40,541 - SpareERP - INFO - Querying ALL expenses
2026-02-15 15:05:40,541 - SpareERP - INFO - Found 19 expense entries
2026-02-15 15:05:40,541 - SpareERP - INFO - Loading 19 expenses
2026-02-15 15:05:41,525 - SpareERP - INFO - Lazy loading page: Reports
2026-02-15 15:06:09,135 - SpareERP - INFO - Return Processed: Inv INV-1026, Part N9321790, Qty 1
2026-02-15 15:06:09,141 - SpareERP - INFO - Return Processed: Inv INV-1026, Part N4030420, Qty 1
2026-02-15 15:06:09,145 - SpareERP - INFO - Generating PDF with Theme: 'Minimal (B&W)' for Invoice: INV-1026
2026-02-15 15:07:22,810 - SpareERP - INFO - Return Processed: Inv INV-1027, Part M7011370, Qty 1
2026-02-15 15:07:22,815 - SpareERP - INFO - Generating PDF with Theme: 'Minimal (B&W)' for Invoice: INV-1027
2026-02-15 15:07:57,455 - SpareERP - INFO - Return Processed: Inv INV-1027, Part M7011370, Qty 1
2026-02-15 15:07:57,462 - SpareERP - INFO - Return Processed: Inv INV-1027, Part N3011370, Qty 1
2026-02-15 15:07:57,466 - SpareERP - INFO - Generating PDF with Theme: 'Minimal (B&W)' for Invoice: INV-1027
2026-02-15 15:18:43,816 - SpareERP - INFO - Application starting...
2026-02-15 15:18:45,633 - SpareERP - INFO - Database initialized at c:\Users\Admin\Desktop\spare_ERP\data\spareparts_pro.db
2026-02-15 15:18:48,638 - SpareERP - INFO - Launching Login Window...
2026-02-15 15:18:57,044 - SpareERP - INFO - User admin logged in successfully
2026-02-15 15:18:57,063 - SpareERP - INFO - User authenticated as ADMIN. Launching Main Window.
2026-02-15 15:18:57,065 - SpareERP - INFO - Initializing MainWindow...
2026-02-15 15:18:57,153 - SpareERP - INFO - Lazy loading page: Dashboard
2026-02-15 15:18:57,288 - SpareERP - INFO - AI Cache: 221 vehicle models, 363 part keywords
2026-02-15 15:18:58,432 - SpareERP - INFO - Lazy loading page: Reports
2026-02-15 15:18:59,832 - SpareERP - INFO - Lazy loading page: Inventory
2026-02-15 15:19:00,070 - SpareERP - INFO - Initializing InventoryPage...
2026-02-15 15:19:00,099 - SpareERP - INFO - InventoryPage Initialized Successfully.
2026-02-15 15:20:47,031 - SpareERP - INFO - Lazy loading page: Orders
2026-02-15 15:21:40,143 - SpareERP - INFO - Migrated schema: Added items_count to invoices table
2026-02-15 15:21:40,154 - SpareERP - INFO - Migrated schema: Added added_by to parts table
2026-02-15 15:21:40,159 - SpareERP - INFO - Migrated schema: Added last_cost to parts table
2026-02-15 15:21:40,160 - SpareERP - INFO - Database initialized at test_erp.db
2026-02-15 15:22:09,656 - SpareERP - INFO - Database initialized at test_erp.db
2026-02-15 15:22:09,658 - SpareERP - INFO - Initializing MainWindow...
2026-02-15 15:22:51,818 - SpareERP - INFO - Database initialized at test_erp.db
2026-02-15 15:22:51,820 - SpareERP - INFO - Initializing InventoryPage...
2026-02-15 15:22:52,459 - SpareERP - INFO - InventoryPage Initialized Successfully.
2026-02-15 15:26:34,757 - SpareERP - INFO - Database initialized at test_erp.db
2026-02-15 15:26:34,758 - SpareERP - INFO - Initializing InventoryPage...
2026-02-15 15:26:35,401 - SpareERP - INFO - InventoryPage Initialized Successfully.
2026-02-15 15:27:15,624 - SpareERP - INFO - Application starting...
2026-02-15 15:27:17,380 - SpareERP - INFO - Database initialized at c:\Users\Admin\Desktop\spare_ERP\data\spareparts_pro.db
2026-02-15 15:27:20,410 - SpareERP - INFO - Launching Login Window...
2026-02-15 15:27:34,198 - SpareERP - INFO - User admin logged in successfully
2026-02-15 15:27:34,219 - SpareERP - INFO - User authenticated as ADMIN. Launching Main Window.
2026-02-15 15:27:34,220 - SpareERP - INFO - Initializing MainWindow...
2026-02-15 15:27:34,314 - SpareERP - INFO - Lazy loading page: Dashboard
2026-02-15 15:27:34,445 - SpareERP - INFO - AI Cache: 221 vehicle models, 363 part keywords
2026-02-15 15:27:36,073 - SpareERP - INFO - Lazy loading page: Inventory
2026-02-15 15:27:36,305 - SpareERP - INFO - Initializing InventoryPage...
2026-02-15 15:27:36,341 - SpareERP - INFO - InventoryPage Initialized Successfully.
2026-02-15 15:28:08,917 - SpareERP - WARNING - Duplicate part entry attempted: N9325190
2026-02-15 15:28:08,918 - SpareERP - ERROR - Error opening add dialog: 'ProMessageBox' object has no attribute 'frame_layout'
2026-02-15 15:30:15,553 - SpareERP - INFO - Application starting...
2026-02-15 15:30:17,371 - SpareERP - INFO - Database initialized at c:\Users\Admin\Desktop\spare_ERP\data\spareparts_pro.db
2026-02-15 15:30:20,336 - SpareERP - INFO - Launching Login Window...
2026-02-15 15:30:27,356 - SpareERP - WARNING - Failed login attempt for user: ADMIN
2026-02-15 15:30:39,635 - SpareERP - INFO - User admin logged in successfully
2026-02-15 15:30:39,651 - SpareERP - INFO - User authenticated as ADMIN. Launching Main Window.
2026-02-15 15:30:39,653 - SpareERP - INFO - Initializing MainWindow...
2026-02-15 15:30:39,742 - SpareERP - INFO - Lazy loading page: Dashboard
2026-02-15 15:30:39,846 - SpareERP - INFO - AI Cache: 221 vehicle models, 363 part keywords
2026-02-15 15:30:41,896 - SpareERP - INFO - Lazy loading page: Inventory
2026-02-15 15:30:42,129 - SpareERP - INFO - Initializing InventoryPage...
2026-02-15 15:30:42,163 - SpareERP - INFO - InventoryPage Initialized Successfully.
2026-02-15 15:30:55,124 - SpareERP - WARNING - Duplicate part entry attempted: N9325190
2026-02-15 15:31:01,665 - SpareERP - INFO - Part saved: N9325190 - KIT STEERING CONE
2026-02-15 15:32:41,802 - SpareERP - WARNING - Duplicate part entry attempted: TR600080
2026-02-15 15:32:42,943 - SpareERP - INFO - Part saved: TR600080 - TRU SPRAY 375G CHAIN LUB CAN
2026-02-15 15:34:26,518 - SpareERP - INFO - Application starting...
2026-02-15 15:34:28,582 - SpareERP - INFO - Database initialized at c:\Users\Admin\Desktop\spare_ERP\data\spareparts_pro.db
2026-02-15 15:34:31,316 - SpareERP - INFO - Launching Login Window...
2026-02-15 15:34:41,176 - SpareERP - INFO - User admin logged in successfully
2026-02-15 15:34:41,193 - SpareERP - INFO - User authenticated as ADMIN. Launching Main Window.
2026-02-15 15:34:41,195 - SpareERP - INFO - Initializing MainWindow...
2026-02-15 15:34:41,287 - SpareERP - INFO - Lazy loading page: Dashboard
2026-02-15 15:34:41,405 - SpareERP - INFO - AI Cache: 221 vehicle models, 363 part keywords
2026-02-15 15:34:42,892 - SpareERP - INFO - Lazy loading page: Inventory
2026-02-15 15:34:43,144 - SpareERP - INFO - Initializing InventoryPage...
2026-02-15 15:34:43,178 - SpareERP - INFO - InventoryPage Initialized Successfully.
2026-02-15 15:35:12,876 - SpareERP - INFO - Lazy loading page: Reports
2026-02-15 15:44:06,073 - SpareERP - INFO - Database initialized at test_erp.db
2026-02-15 15:44:06,075 - SpareERP - INFO - Initializing MainWindow...
2026-02-15 15:44:44,595 - SpareERP - INFO - Application starting...
2026-02-15 15:44:46,356 - SpareERP - INFO - Database initialized at c:\Users\Admin\Desktop\spare_ERP\data\spareparts_pro.db
2026-02-15 15:44:49,390 - SpareERP - INFO - Launching Login Window...
2026-02-15 15:45:03,457 - SpareERP - INFO - User admin logged in successfully
2026-02-15 15:45:03,473 - SpareERP - INFO - User authenticated as ADMIN. Launching Main Window.
2026-02-15 15:45:03,475 - SpareERP - INFO - Initializing MainWindow...
2026-02-15 15:45:03,580 - SpareERP - INFO - Lazy loading page: Dashboard
2026-02-15 15:45:03,713 - SpareERP - INFO - AI Cache: 221 vehicle models, 363 part keywords
2026-02-15 15:45:04,925 - SpareERP - INFO - Lazy loading page: Inventory
2026-02-15 15:45:05,177 - SpareERP - INFO - Initializing InventoryPage...
2026-02-15 15:45:05,212 - SpareERP - INFO - InventoryPage Initialized Successfully.
2026-02-15 15:45:07,289 - SpareERP - INFO - Lazy loading page: Reports
2026-02-15 15:45:08,374 - SpareERP - INFO - Lazy loading page: Expenses
2026-02-15 15:45:08,395 - SpareERP - INFO - AI Cache: 221 vehicle models, 363 part keywords
2026-02-15 15:45:08,404 - SpareERP - INFO - Query all expenses: 19 found
2026-02-15 15:45:08,405 - SpareERP - INFO - Querying ALL expenses
2026-02-15 15:45:08,405 - SpareERP - INFO - Found 19 expense entries
2026-02-15 15:45:08,406 - SpareERP - INFO - Loading 19 expenses
2026-02-15 15:45:11,924 - SpareERP - INFO - Lazy loading page: Orders
2026-02-15 15:45:35,429 - SpareERP - INFO - Lazy loading page: Settings
2026-02-15 15:47:37,480 - SpareERP - INFO - Application starting...
2026-02-15 15:47:39,303 - SpareERP - INFO - Database initialized at c:\Users\Admin\Desktop\spare_ERP\data\spareparts_pro.db
2026-02-15 15:47:42,277 - SpareERP - INFO - Launching Login Window...
2026-02-15 15:47:54,367 - SpareERP - INFO - User admin logged in successfully
2026-02-15 15:47:54,386 - SpareERP - INFO - User authenticated as ADMIN. Launching Main Window.
2026-02-15 15:47:54,387 - SpareERP - INFO - Initializing MainWindow...
2026-02-15 15:47:54,487 - SpareERP - INFO - Lazy loading page: Dashboard
2026-02-15 15:47:54,678 - SpareERP - INFO - AI Cache: 221 vehicle models, 363 part keywords
2026-02-15 15:47:56,628 - SpareERP - INFO - Lazy loading page: Settings
2026-02-15 15:47:57,771 - SpareERP - INFO - Lazy loading page: Access
2026-02-15 15:47:58,330 - SpareERP - INFO - Lazy loading page: Orders
2026-02-15 15:48:00,487 - SpareERP - INFO - Lazy loading page: Reports
2026-02-15 15:49:08,642 - SpareERP - INFO - Database initialized at test_erp.db
2026-02-15 15:54:32,506 - SpareERP - INFO - Application starting...
2026-02-15 15:54:34,368 - SpareERP - INFO - Database initialized at c:\Users\Admin\Desktop\spare_ERP\data\spareparts_pro.db
2026-02-15 15:54:37,316 - SpareERP - INFO - Launching Login Window...
2026-02-15 15:54:46,738 - SpareERP - INFO - User admin logged in successfully
2026-02-15 15:54:46,756 - SpareERP - INFO - User authenticated as ADMIN. Launching Main Window.
2026-02-15 15:54:46,757 - SpareERP - INFO - Initializing MainWindow...
2026-02-15 15:54:46,853 - SpareERP - INFO - Lazy loading page: Dashboard
2026-02-15 15:54:46,947 - SpareERP - INFO - AI Cache: 221 vehicle models, 363 part keywords
2026-02-15 15:54:51,318 - SpareERP - INFO - Lazy loading page: Reports
2026-02-15 16:03:16,751 - SpareERP - INFO - Lazy loading page: Inventory
2026-02-15 16:03:17,092 - SpareERP - INFO - Initializing InventoryPage...
2026-02-15 16:03:17,125 - SpareERP - INFO - InventoryPage Initialized Successfully.
2026-02-15 16:03:45,784 - SpareERP - INFO - Application starting...
2026-02-15 16:03:47,546 - SpareERP - INFO - Database initialized at c:\Users\Admin\Desktop\spare_ERP\data\spareparts_pro.db
2026-02-15 16:03:50,567 - SpareERP - INFO - Launching Login Window...
2026-02-15 16:04:01,003 - SpareERP - INFO - User admin logged in successfully
2026-02-15 16:04:01,021 - SpareERP - INFO - User authenticated as ADMIN. Launching Main Window.
2026-02-15 16:04:01,023 - SpareERP - INFO - Initializing MainWindow...
2026-02-15 16:04:01,133 - SpareERP - INFO - Lazy loading page: Dashboard
2026-02-15 16:04:01,240 - SpareERP - INFO - AI Cache: 221 vehicle models, 363 part keywords
2026-02-15 16:04:02,836 - SpareERP - INFO - Lazy loading page: Billing
2026-02-15 16:04:03,719 - SpareERP - INFO - Lazy loading page: Inventory
2026-02-15 16:04:03,954 - SpareERP - INFO - Initializing InventoryPage...
2026-02-15 16:04:03,992 - SpareERP - INFO - InventoryPage Initialized Successfully.
2026-02-15 16:04:05,393 - SpareERP - INFO - Lazy loading page: Reports
2026-02-15 16:16:03,846 - SpareERP - INFO - Lazy loading page: Expenses
2026-02-15 16:16:03,855 - SpareERP - INFO - AI Cache: 221 vehicle models, 363 part keywords
2026-02-15 16:16:03,862 - SpareERP - INFO - Query all expenses: 19 found
2026-02-15 16:16:03,863 - SpareERP - INFO - Querying ALL expenses
2026-02-15 16:16:03,863 - SpareERP - INFO - Found 19 expense entries
2026-02-15 16:16:03,864 - SpareERP - INFO - Loading 19 expenses
2026-02-15 16:16:08,502 - SpareERP - INFO - Lazy loading page: Orders
2026-02-15 16:18:35,333 - SpareERP - INFO - Lazy loading page: Access
2026-02-15 16:18:35,988 - SpareERP - INFO - Lazy loading page: Settings
2026-02-15 16:18:37,279 - SpareERP - WARNING - Current page (index 7) does not have a load_data method
2026-02-15 16:20:21,500 - SpareERP - INFO - Application starting...
2026-02-15 16:20:23,319 - SpareERP - INFO - Database initialized at c:\Users\Admin\Desktop\spare_ERP\data\spareparts_pro.db
2026-02-15 16:20:26,315 - SpareERP - INFO - Launching Login Window...
2026-02-15 16:20:34,311 - SpareERP - INFO - User admin logged in successfully
2026-02-15 16:20:34,330 - SpareERP - INFO - User authenticated as ADMIN. Launching Main Window.
2026-02-15 16:20:34,331 - SpareERP - INFO - Initializing MainWindow...
2026-02-15 16:20:34,430 - SpareERP - INFO - Lazy loading page: Dashboard
2026-02-15 16:20:34,563 - SpareERP - INFO - AI Cache: 221 vehicle models, 363 part keywords
2026-02-15 16:20:35,884 - SpareERP - INFO - Lazy loading page: Reports
2026-02-15 16:20:36,722 - SpareERP - INFO - Lazy loading page: Expenses
2026-02-15 16:20:36,732 - SpareERP - INFO - AI Cache: 221 vehicle models, 363 part keywords
2026-02-15 16:20:36,740 - SpareERP - INFO - Query all expenses: 19 found
2026-02-15 16:20:36,740 - SpareERP - INFO - Querying ALL expenses
2026-02-15 16:20:36,741 - SpareERP - INFO - Found 19 expense entries
2026-02-15 16:20:36,741 - SpareERP - INFO - Loading 19 expenses
2026-02-15 16:20:39,274 - SpareERP - INFO - Lazy loading page: Orders
2026-02-15 16:22:42,728 - SpareERP - INFO - Application starting...
2026-02-15 16:22:44,535 - SpareERP - INFO - Database initialized at c:\Users\Admin\Desktop\spare_ERP\data\spareparts_pro.db
2026-02-15 16:22:47,528 - SpareERP - INFO - Launching Login Window...
2026-02-15 16:22:54,925 - SpareERP - INFO - User admin logged in successfully
2026-02-15 16:22:54,942 - SpareERP - INFO - User authenticated as ADMIN. Launching Main Window.
2026-02-15 16:22:54,944 - SpareERP - INFO - Initializing MainWindow...
2026-02-15 16:22:55,034 - SpareERP - INFO - Lazy loading page: Dashboard
2026-02-15 16:22:55,131 - SpareERP - INFO - AI Cache: 221 vehicle models, 363 part keywords
2026-02-15 16:22:56,912 - SpareERP - INFO - Lazy loading page: Billing
2026-02-15 16:22:57,801 - SpareERP - INFO - Lazy loading page: Inventory
2026-02-15 16:22:58,039 - SpareERP - INFO - Initializing InventoryPage...
2026-02-15 16:22:58,072 - SpareERP - INFO - InventoryPage Initialized Successfully.
2026-02-15 16:22:58,945 - SpareERP - INFO - Lazy loading page: Reports
2026-02-15 16:23:00,520 - SpareERP - INFO - Lazy loading page: Expenses
2026-02-15 16:23:00,529 - SpareERP - INFO - AI Cache: 221 vehicle models, 363 part keywords
2026-02-15 16:23:00,537 - SpareERP - INFO - Query all expenses: 19 found
2026-02-15 16:23:00,538 - SpareERP - INFO - Querying ALL expenses
2026-02-15 16:23:00,538 - SpareERP - INFO - Found 19 expense entries
2026-02-15 16:23:00,538 - SpareERP - INFO - Loading 19 expenses
2026-02-15 16:23:54,425 - SpareERP - INFO - Lazy loading page: Orders
2026-02-15 16:23:55,512 - SpareERP - INFO - Lazy loading page: Access
2026-02-15 16:24:03,089 - SpareERP - INFO - Lazy loading page: Settings
2026-02-15 16:48:15,204 - SpareERP - INFO - Application starting...
2026-02-15 16:48:15,269 - SpareERP - INFO - Initializing License Verification...
2026-02-15 16:48:15,377 - SpareERP - CRITICAL - Unhandled exception in main loop: name 'Qt' is not defined
Traceback (most recent call last):
  File "C:\Users\Admin\Desktop\spare_ERP\main.py", line 221, in main
    dlg = LicenseDialog(hwid, verifier)
  File "C:\Users\Admin\Desktop\spare_ERP\main.py", line 136, in __init__
    layout.addWidget(title, alignment=Qt.AlignmentFlag.AlignCenter)
                                      ^^
NameError: name 'Qt' is not defined
2026-02-15 16:50:42,842 - SpareERP - INFO - Application starting...
2026-02-15 16:50:42,897 - SpareERP - INFO - Initializing License Verification...
2026-02-15 16:56:32,110 - SpareERP - INFO - Application starting...
2026-02-15 16:56:32,169 - SpareERP - INFO - Initializing License Verification...
2026-02-15 17:02:57,353 - SpareERP - WARNING - License activation cancelled. Exiting.
2026-02-15 17:03:05,675 - SpareERP - INFO - Application starting...
2026-02-15 17:03:05,736 - SpareERP - INFO - Initializing License Verification...
2026-02-15 17:41:59,853 - SpareERP - WARNING - License activation cancelled. Exiting.
2026-02-15 17:45:49,702 - SpareERP - INFO - Application starting...
2026-02-15 17:45:49,763 - SpareERP - INFO - Initializing License Verification...
2026-02-15 17:49:44,173 - SpareERP - INFO - License Verified. Proceeding to startup.
2026-02-15 17:49:45,797 - SpareERP - INFO - Database initialized at c:\Users\Admin\Desktop\spare_ERP\data\spareparts_pro.db
2026-02-15 17:49:48,895 - SpareERP - INFO - Launching Login Window...
2026-02-15 17:50:07,117 - SpareERP - INFO - User admin logged in successfully
2026-02-15 17:50:07,132 - SpareERP - INFO - User authenticated as ADMIN. Launching Main Window.
2026-02-15 17:50:07,133 - SpareERP - INFO - Initializing MainWindow...
2026-02-15 17:50:07,225 - SpareERP - INFO - Lazy loading page: Dashboard
2026-02-15 17:50:07,412 - SpareERP - INFO - AI Cache: 221 vehicle models, 363 part keywords
2026-02-15 17:50:08,584 - SpareERP - INFO - Lazy loading page: Billing
2026-02-15 17:50:09,257 - SpareERP - INFO - Lazy loading page: Inventory
2026-02-15 17:50:09,479 - SpareERP - INFO - Initializing InventoryPage...
2026-02-15 17:50:09,510 - SpareERP - INFO - InventoryPage Initialized Successfully.
2026-02-15 17:50:10,384 - SpareERP - INFO - Lazy loading page: Reports
2026-02-15 17:50:10,632 - SpareERP - INFO - Lazy loading page: Expenses
2026-02-15 17:50:10,641 - SpareERP - INFO - AI Cache: 221 vehicle models, 363 part keywords
2026-02-15 17:50:10,649 - SpareERP - INFO - Query all expenses: 19 found
2026-02-15 17:50:10,649 - SpareERP - INFO - Querying ALL expenses
2026-02-15 17:50:10,649 - SpareERP - INFO - Found 19 expense entries
2026-02-15 17:50:10,650 - SpareERP - INFO - Loading 19 expenses
2026-02-15 17:50:11,330 - SpareERP - INFO - Lazy loading page: Orders
2026-02-15 17:50:11,928 - SpareERP - INFO - Lazy loading page: Access
2026-02-15 17:50:12,616 - SpareERP - INFO - Lazy loading page: Settings
2026-02-16 11:02:37,716 - SpareERP - INFO - Application starting...
2026-02-16 11:02:38,051 - SpareERP - INFO - Initializing License Verification...
2026-02-16 11:02:38,210 - SpareERP - INFO - License Verified. Proceeding to startup.
2026-02-16 11:02:43,810 - SpareERP - INFO - Database initialized at c:\Users\Admin\Desktop\spare_ERP\data\spareparts_pro.db
2026-02-16 11:02:51,680 - SpareERP - INFO - Launching Login Window...
2026-02-16 11:03:01,275 - SpareERP - INFO - User admin logged in successfully
2026-02-16 11:03:01,296 - SpareERP - INFO - User authenticated as ADMIN. Launching Main Window.
2026-02-16 11:03:01,299 - SpareERP - INFO - Initializing MainWindow...
2026-02-16 11:03:01,433 - SpareERP - INFO - Lazy loading page: Dashboard
2026-02-16 11:03:01,991 - SpareERP - INFO - AI Cache: 221 vehicle models, 363 part keywords
2026-02-16 11:03:05,975 - SpareERP - INFO - Lazy loading page: Reports
2026-02-16 11:03:17,007 - SpareERP - INFO - Shop settings batch updated
2026-02-16 11:03:39,552 - SpareERP - INFO - Shop settings batch updated
2026-02-16 11:23:03,165 - SpareERP - INFO - Application starting...
2026-02-16 11:23:03,388 - SpareERP - INFO - Initializing License Verification...
2026-02-16 11:23:03,530 - SpareERP - INFO - License Verified. Proceeding to startup.
2026-02-16 11:23:08,114 - SpareERP - INFO - Database initialized at c:\Users\Admin\Desktop\spare_ERP\data\spareparts_pro.db
2026-02-16 11:23:16,201 - SpareERP - INFO - Launching Login Window...
2026-02-16 11:23:24,252 - SpareERP - INFO - User admin logged in successfully
2026-02-16 11:23:24,272 - SpareERP - INFO - User authenticated as ADMIN. Launching Main Window.
2026-02-16 11:23:24,273 - SpareERP - INFO - Initializing MainWindow...
2026-02-16 11:23:24,387 - SpareERP - INFO - Lazy loading page: Dashboard
2026-02-16 11:23:24,860 - SpareERP - INFO - AI Cache: 221 vehicle models, 363 part keywords
2026-02-16 11:23:26,960 - SpareERP - INFO - Lazy loading page: Expenses
2026-02-16 11:23:26,972 - SpareERP - INFO - AI Cache: 221 vehicle models, 363 part keywords
2026-02-16 11:23:26,982 - SpareERP - INFO - Query all expenses: 19 found
2026-02-16 11:23:26,982 - SpareERP - INFO - Querying ALL expenses
2026-02-16 11:23:26,982 - SpareERP - INFO - Found 19 expense entries
2026-02-16 11:23:26,983 - SpareERP - INFO - Loading 19 expenses
2026-02-16 11:23:27,880 - SpareERP - INFO - Lazy loading page: Reports
2026-02-16 12:08:18,860 - SpareERP - INFO - Application starting...
2026-02-16 12:08:19,169 - SpareERP - INFO - Initializing License Verification...
2026-02-16 12:08:19,330 - SpareERP - INFO - License Verified. Proceeding to startup.
2026-02-16 12:08:24,366 - SpareERP - INFO - Database initialized at c:\Users\Admin\Desktop\spare_ERP\data\spareparts_pro.db
2026-02-16 12:08:25,000 - SpareERP - INFO - Launching Login Window...
2026-02-16 12:08:32,788 - SpareERP - INFO - User admin logged in successfully
2026-02-16 12:08:32,806 - SpareERP - INFO - User authenticated as ADMIN. Launching Main Window.
2026-02-16 12:08:32,810 - SpareERP - INFO - Initializing MainWindow...
2026-02-16 12:08:32,930 - SpareERP - INFO - Lazy loading page: Dashboard
2026-02-16 12:08:33,555 - SpareERP - INFO - AI Cache: 221 vehicle models, 363 part keywords
2026-02-16 12:08:35,440 - SpareERP - INFO - Lazy loading page: Reports
2026-02-16 12:20:01,626 - SpareERP - INFO - Application starting...
2026-02-16 12:20:01,685 - SpareERP - INFO - Initializing License Verification...
2026-02-16 12:20:01,784 - SpareERP - INFO - License Verified. Proceeding to startup.
2026-02-16 12:20:03,487 - SpareERP - INFO - Database initialized at c:\Users\Admin\Desktop\spare_ERP\data\spareparts_pro.db
2026-02-16 12:20:06,515 - SpareERP - INFO - Launching Login Window...
2026-02-16 12:39:38,715 - SpareERP - INFO - Migrated schema: Added items_count to invoices table
2026-02-16 12:39:38,725 - SpareERP - INFO - Migrated schema: Added added_by to parts table
2026-02-16 12:39:38,729 - SpareERP - INFO - Migrated schema: Added last_cost to parts table
2026-02-16 12:39:38,730 - SpareERP - INFO - Database initialized at test_reset.db
2026-02-16 12:39:38,736 - SpareERP - INFO - Part saved: P001 - Test Part
2026-02-16 12:39:38,742 - SpareERP - INFO - User added: testuser
2026-02-16 12:39:38,847 - SpareERP - INFO - Migrated schema: Added items_count to invoices table
2026-02-16 12:39:38,851 - SpareERP - WARNING - FACTORY RESET EXECUTED. All data wiped.
2026-02-16 12:39:38,853 - SpareERP - ERROR - Error fetching all parts: no such column: added_by
2026-02-16 12:40:09,356 - SpareERP - INFO - Migrated schema: Added items_count to invoices table
2026-02-16 12:40:09,366 - SpareERP - INFO - Migrated schema: Added added_by to parts table
2026-02-16 12:40:09,371 - SpareERP - INFO - Migrated schema: Added last_cost to parts table
2026-02-16 12:40:09,372 - SpareERP - INFO - Database initialized at test_reset.db
2026-02-16 12:40:09,379 - SpareERP - INFO - Part saved: P001 - Test Part
2026-02-16 12:40:09,385 - SpareERP - INFO - User added: testuser
2026-02-16 12:40:09,500 - SpareERP - INFO - Migrated schema: Added items_count to invoices table
2026-02-16 12:40:09,512 - SpareERP - INFO - Migrated schema: Added added_by to parts table
2026-02-16 12:40:09,517 - SpareERP - INFO - Migrated schema: Added last_cost to parts table
2026-02-16 12:40:09,518 - SpareERP - WARNING - FACTORY RESET EXECUTED. All data wiped.
2026-02-16 12:40:43,330 - SpareERP - INFO - Application starting...
2026-02-16 12:40:43,392 - SpareERP - INFO - Initializing License Verification...
2026-02-16 12:40:43,498 - SpareERP - INFO - License Verified. Proceeding to startup.
2026-02-16 12:40:45,315 - SpareERP - INFO - Database initialized at c:\Users\Admin\Desktop\spare_ERP\data\spareparts_pro.db
2026-02-16 12:40:48,225 - SpareERP - INFO - Launching Login Window...
2026-02-16 12:40:55,147 - SpareERP - INFO - User admin logged in successfully
2026-02-16 12:40:55,167 - SpareERP - INFO - User authenticated as ADMIN. Launching Main Window.
2026-02-16 12:40:55,168 - SpareERP - INFO - Initializing MainWindow...
2026-02-16 12:40:55,261 - SpareERP - INFO - Lazy loading page: Dashboard
2026-02-16 12:40:55,370 - SpareERP - INFO - AI Cache: 221 vehicle models, 363 part keywords
2026-02-16 12:43:36,566 - SpareERP - INFO - Lazy loading page: Settings
2026-02-16 12:47:22,412 - SpareERP - INFO - Lazy loading page: Orders
2026-02-16 12:47:23,725 - SpareERP - INFO - Lazy loading page: Reports
2026-02-16 12:52:23,440 - SpareERP - INFO - Setting updated: invoice_theme
2026-02-16 12:52:33,691 - SpareERP - CRITICAL - Factory Reset Failed: FOREIGN KEY constraint failed
2026-02-16 12:52:44,472 - SpareERP - CRITICAL - Factory Reset Failed: FOREIGN KEY constraint failed
2026-02-16 12:54:12,572 - SpareERP - INFO - Application starting...
2026-02-16 12:54:12,632 - SpareERP - INFO - Initializing License Verification...
2026-02-16 12:54:12,733 - SpareERP - INFO - License Verified. Proceeding to startup.
2026-02-16 12:54:14,499 - SpareERP - INFO - Database initialized at c:\Users\Admin\Desktop\spare_ERP\data\spareparts_pro.db
2026-02-16 12:54:17,456 - SpareERP - INFO - Launching Login Window...
2026-02-16 12:54:31,788 - SpareERP - INFO - User admin logged in successfully
2026-02-16 12:54:31,810 - SpareERP - INFO - User authenticated as ADMIN. Launching Main Window.
2026-02-16 12:54:31,811 - SpareERP - INFO - Initializing MainWindow...
2026-02-16 12:54:31,912 - SpareERP - INFO - Lazy loading page: Dashboard
2026-02-16 12:54:32,020 - SpareERP - INFO - AI Cache: 221 vehicle models, 363 part keywords
2026-02-16 12:55:34,776 - SpareERP - INFO - Lazy loading page: Settings
2026-02-16 12:55:39,351 - SpareERP - INFO - Lazy loading page: Reports
2026-02-16 12:56:33,511 - SpareERP - INFO - Lazy loading page: Orders
2026-02-16 13:03:08,419 - SpareERP - INFO - Application starting...
2026-02-16 13:03:08,476 - SpareERP - INFO - Initializing License Verification...
2026-02-16 13:03:08,577 - SpareERP - INFO - License Verified. Proceeding to startup.
2026-02-16 13:03:10,349 - SpareERP - INFO - Database initialized at c:\Users\Admin\Desktop\spare_ERP\data\spareparts_pro.db
2026-02-16 13:03:13,302 - SpareERP - INFO - Launching Login Window...
2026-02-16 13:03:24,984 - SpareERP - INFO - User admin logged in successfully
2026-02-16 13:03:25,004 - SpareERP - INFO - User authenticated as ADMIN. Launching Main Window.
2026-02-16 13:03:25,005 - SpareERP - INFO - Initializing MainWindow...
2026-02-16 13:03:25,100 - SpareERP - INFO - Lazy loading page: Dashboard
2026-02-16 13:03:25,200 - SpareERP - INFO - AI Cache: 221 vehicle models, 363 part keywords
2026-02-16 13:03:33,621 - SpareERP - INFO - Lazy loading page: Orders
2026-02-16 13:03:36,070 - SpareERP - INFO - Lazy loading page: Expenses
2026-02-16 13:03:36,091 - SpareERP - INFO - AI Cache: 221 vehicle models, 363 part keywords
2026-02-16 13:03:36,109 - SpareERP - INFO - Query all expenses: 19 found
2026-02-16 13:03:36,110 - SpareERP - INFO - Querying ALL expenses
2026-02-16 13:03:36,111 - SpareERP - INFO - Found 19 expense entries
2026-02-16 13:03:36,111 - SpareERP - INFO - Loading 19 expenses
2026-02-16 13:03:38,124 - SpareERP - INFO - Lazy loading page: Reports
2026-02-16 13:04:16,384 - SpareERP - CRITICAL - Factory Reset Failed: FOREIGN KEY constraint failed
2026-02-16 13:06:04,612 - SpareERP - INFO - Migrated schema: Added items_count to invoices table
2026-02-16 13:06:04,622 - SpareERP - INFO - Migrated schema: Added added_by to parts table
2026-02-16 13:06:04,626 - SpareERP - INFO - Migrated schema: Added last_cost to parts table
2026-02-16 13:06:04,627 - SpareERP - INFO - Database initialized at test_reset_fk.db
2026-02-16 13:06:04,633 - SpareERP - INFO - Part saved: PFK1 - Constraint Part
2026-02-16 13:06:04,640 - SpareERP - INFO - Part sold: PFK1, Qty: 1, Inv: INV-001
2026-02-16 13:06:04,746 - SpareERP - INFO - Migrated schema: Added items_count to invoices table
2026-02-16 13:06:04,755 - SpareERP - INFO - Migrated schema: Added added_by to parts table
2026-02-16 13:06:04,761 - SpareERP - INFO - Migrated schema: Added last_cost to parts table
2026-02-16 13:06:04,762 - SpareERP - WARNING - FACTORY RESET EXECUTED. All data wiped.
2026-02-16 13:06:35,096 - SpareERP - INFO - Application starting...
2026-02-16 13:06:35,158 - SpareERP - INFO - Initializing License Verification...
2026-02-16 13:06:35,269 - SpareERP - INFO - License Verified. Proceeding to startup.
2026-02-16 13:06:37,029 - SpareERP - INFO - Database initialized at c:\Users\Admin\Desktop\spare_ERP\data\spareparts_pro.db
2026-02-16 13:06:39,994 - SpareERP - INFO - Launching Login Window...
2026-02-16 13:06:50,070 - SpareERP - INFO - User admin logged in successfully
2026-02-16 13:06:50,088 - SpareERP - INFO - User authenticated as ADMIN. Launching Main Window.
2026-02-16 13:06:50,089 - SpareERP - INFO - Initializing MainWindow...
2026-02-16 13:06:50,186 - SpareERP - INFO - Lazy loading page: Dashboard
2026-02-16 13:06:50,286 - SpareERP - INFO - AI Cache: 221 vehicle models, 363 part keywords
2026-02-16 13:06:52,666 - SpareERP - INFO - Lazy loading page: Reports
2026-02-16 13:07:13,359 - SpareERP - INFO - Migrated schema: Added items_count to invoices table
2026-02-16 13:07:13,367 - SpareERP - INFO - Migrated schema: Added added_by to parts table
2026-02-16 13:07:13,372 - SpareERP - INFO - Migrated schema: Added last_cost to parts table
2026-02-16 13:07:13,373 - SpareERP - WARNING - FACTORY RESET EXECUTED. All data wiped.
2026-02-16 13:07:18,027 - SpareERP - INFO - Application starting...
2026-02-16 13:07:18,086 - SpareERP - INFO - Initializing License Verification...
2026-02-16 13:07:18,183 - SpareERP - INFO - License Verified. Proceeding to startup.
2026-02-16 13:07:19,903 - SpareERP - INFO - Database initialized at c:\Users\Admin\Desktop\spare_ERP\data\spareparts_pro.db
2026-02-16 13:07:22,914 - SpareERP - INFO - Launching Login Window...
2026-02-16 13:07:30,149 - SpareERP - INFO - User admin logged in successfully
2026-02-16 13:07:30,167 - SpareERP - INFO - User authenticated as ADMIN. Launching Main Window.
2026-02-16 13:07:30,168 - SpareERP - INFO - Initializing MainWindow...
2026-02-16 13:07:30,270 - SpareERP - INFO - Lazy loading page: Dashboard
2026-02-16 13:07:30,362 - SpareERP - INFO - AI Cache: 0 vehicle models, 0 part keywords
2026-02-16 13:07:33,609 - SpareERP - INFO - Lazy loading page: Inventory
2026-02-16 13:07:33,870 - SpareERP - INFO - Initializing InventoryPage...
2026-02-16 13:07:33,906 - SpareERP - INFO - InventoryPage Initialized Successfully.
2026-02-16 13:07:42,893 - SpareERP - INFO - Inventory imported from C:/Users/Admin/Desktop/spare_ERP/parts_inventory.csv, 600 records processed
2026-02-16 13:07:48,553 - SpareERP - INFO - Lazy loading page: Reports
2026-02-16 13:07:54,619 - SpareERP - WARNING - Current page (index 0) does not have a load_data method
2026-02-16 13:07:55,281 - SpareERP - WARNING - Current page (index 0) does not have a load_data method
2026-02-16 13:07:55,529 - SpareERP - WARNING - Current page (index 0) does not have a load_data method
2026-02-16 13:07:55,736 - SpareERP - WARNING - Current page (index 0) does not have a load_data method
2026-02-16 13:07:56,048 - SpareERP - WARNING - Current page (index 0) does not have a load_data method
2026-02-16 13:07:56,305 - SpareERP - WARNING - Current page (index 0) does not have a load_data method
2026-02-16 13:07:56,557 - SpareERP - WARNING - Current page (index 0) does not have a load_data method
2026-02-16 13:07:56,889 - SpareERP - WARNING - Current page (index 0) does not have a load_data method
2026-02-16 13:07:57,176 - SpareERP - WARNING - Current page (index 0) does not have a load_data method
2026-02-16 13:07:57,401 - SpareERP - WARNING - Current page (index 0) does not have a load_data method
2026-02-16 13:08:10,521 - SpareERP - INFO - Lazy loading page: Expenses
2026-02-16 13:08:10,532 - SpareERP - INFO - AI Cache: 221 vehicle models, 361 part keywords
2026-02-16 13:08:10,542 - SpareERP - INFO - Query all expenses: 0 found
2026-02-16 13:08:10,543 - SpareERP - INFO - Querying ALL expenses
2026-02-16 13:08:10,543 - SpareERP - INFO - Found 0 expense entries
2026-02-16 13:08:10,544 - SpareERP - INFO - No expenses found in last 30 days
2026-02-16 13:08:21,586 - SpareERP - INFO - Lazy loading page: Billing
2026-02-16 13:08:29,825 - SpareERP - WARNING - Current page (index 0) does not have a load_data method
2026-02-16 13:08:30,353 - SpareERP - WARNING - Current page (index 0) does not have a load_data method
2026-02-16 13:08:30,584 - SpareERP - WARNING - Current page (index 0) does not have a load_data method
2026-02-16 13:08:30,768 - SpareERP - WARNING - Current page (index 0) does not have a load_data method
2026-02-16 13:08:31,006 - SpareERP - WARNING - Current page (index 0) does not have a load_data method
2026-02-16 13:08:31,216 - SpareERP - WARNING - Current page (index 0) does not have a load_data method
2026-02-16 13:12:22,173 - SpareERP - INFO - Migrated schema: Added items_count to invoices table
2026-02-16 13:12:22,183 - SpareERP - INFO - Migrated schema: Added added_by to parts table
2026-02-16 13:12:22,188 - SpareERP - INFO - Migrated schema: Added last_cost to parts table
2026-02-16 13:12:22,189 - SpareERP - INFO - Database initialized at test_dashboard.db
2026-02-16 13:12:22,195 - SpareERP - INFO - Part saved: P1 - Flux Capacitor
2026-02-16 13:12:22,203 - SpareERP - INFO - Part saved: P2 - Warp Drive
2026-02-16 13:12:22,210 - SpareERP - INFO - Part saved: P3 - Kyber Crystal
2026-02-16 13:12:22,218 - SpareERP - INFO - Part saved: P4 - Plasma Coil
2026-02-16 13:12:22,225 - SpareERP - INFO - Part saved: P5 - Droid Servo
2026-02-16 13:12:22,233 - SpareERP - INFO - Invoice saved: INV-TEST-0
2026-02-16 13:12:22,248 - SpareERP - INFO - Invoice saved: INV-TEST-1
2026-02-16 13:12:22,260 - SpareERP - INFO - Invoice saved: INV-TEST-2
2026-02-16 13:12:22,272 - SpareERP - INFO - Invoice saved: INV-TEST-3
2026-02-16 13:12:22,284 - SpareERP - INFO - Invoice saved: INV-TEST-4
2026-02-16 13:12:22,295 - SpareERP - INFO - Invoice saved: INV-TEST-5
2026-02-16 13:12:22,307 - SpareERP - INFO - Invoice saved: INV-TEST-6
2026-02-16 13:12:23,126 - SpareERP - INFO - AI Cache: 1 vehicle models, 10 part keywords
2026-02-16 13:36:05,390 - SpareERP - INFO - Migrated schema: Added items_count to invoices table
2026-02-16 13:36:05,400 - SpareERP - INFO - Migrated schema: Added added_by to parts table
2026-02-16 13:36:05,404 - SpareERP - INFO - Migrated schema: Added last_cost to parts table
2026-02-16 13:36:05,406 - SpareERP - INFO - Database initialized at test_dashboard.db
2026-02-16 13:36:05,412 - SpareERP - INFO - Part saved: P1 - Flux Capacitor
2026-02-16 13:36:05,418 - SpareERP - INFO - Part saved: P2 - Warp Drive
2026-02-16 13:36:05,425 - SpareERP - INFO - Part saved: P3 - Kyber Crystal
2026-02-16 13:36:05,433 - SpareERP - INFO - Part saved: P4 - Plasma Coil
2026-02-16 13:36:05,440 - SpareERP - INFO - Part saved: P5 - Droid Servo
2026-02-16 13:36:05,447 - SpareERP - INFO - Invoice saved: INV-TEST-0
2026-02-16 13:36:05,461 - SpareERP - INFO - Invoice saved: INV-TEST-1
2026-02-16 13:36:05,473 - SpareERP - INFO - Invoice saved: INV-TEST-2
2026-02-16 13:36:05,485 - SpareERP - INFO - Invoice saved: INV-TEST-3
2026-02-16 13:36:05,497 - SpareERP - INFO - Invoice saved: INV-TEST-4
2026-02-16 13:36:05,509 - SpareERP - INFO - Invoice saved: INV-TEST-5
2026-02-16 13:36:05,522 - SpareERP - INFO - Invoice saved: INV-TEST-6
2026-02-16 13:36:06,278 - SpareERP - INFO - AI Cache: 1 vehicle models, 10 part keywords
2026-02-16 13:38:04,762 - SpareERP - INFO - Migrated schema: Added items_count to invoices table
2026-02-16 13:38:04,772 - SpareERP - INFO - Migrated schema: Added added_by to parts table
2026-02-16 13:38:04,776 - SpareERP - INFO - Migrated schema: Added last_cost to parts table
2026-02-16 13:38:04,777 - SpareERP - INFO - Database initialized at test_theme.db
2026-02-16 13:38:04,783 - SpareERP - INFO - Part saved: P1 - Test Part
2026-02-16 13:38:04,789 - SpareERP - INFO - Invoice saved: INV-1
2026-02-16 13:38:26,051 - SpareERP - INFO - Migrated schema: Added items_count to invoices table
2026-02-16 13:38:26,061 - SpareERP - INFO - Migrated schema: Added added_by to parts table
2026-02-16 13:38:26,066 - SpareERP - INFO - Migrated schema: Added last_cost to parts table
2026-02-16 13:38:26,067 - SpareERP - INFO - Database initialized at test_theme.db
2026-02-16 13:38:26,074 - SpareERP - INFO - Part saved: P1 - Test Part
2026-02-16 13:38:26,080 - SpareERP - INFO - Invoice saved: INV-1
2026-02-16 13:38:26,870 - SpareERP - INFO - AI Cache: 1 vehicle models, 2 part keywords
2026-02-16 13:39:43,012 - SpareERP - INFO - Application starting...
2026-02-16 13:39:43,077 - SpareERP - INFO - Initializing License Verification...
2026-02-16 13:39:43,186 - SpareERP - INFO - License Verified. Proceeding to startup.
2026-02-16 13:39:44,934 - SpareERP - INFO - Database initialized at c:\Users\Admin\Desktop\spare_ERP\data\spareparts_pro.db
2026-02-16 13:39:47,910 - SpareERP - INFO - Launching Login Window...
2026-02-16 13:40:02,876 - SpareERP - INFO - User admin logged in successfully
2026-02-16 13:40:02,892 - SpareERP - INFO - User authenticated as ADMIN. Launching Main Window.
2026-02-16 13:40:02,894 - SpareERP - INFO - Initializing MainWindow...
2026-02-16 13:40:02,995 - SpareERP - INFO - Lazy loading page: Dashboard
2026-02-16 13:40:03,115 - SpareERP - INFO - AI Cache: 221 vehicle models, 361 part keywords
2026-02-16 13:40:12,123 - SpareERP - INFO - Lazy loading page: Billing
2026-02-16 13:40:34,951 - SpareERP - INFO - Custom billing field saved: Frame No.
2026-02-16 13:40:36,624 - SpareERP - INFO - Lazy loading page: Inventory
2026-02-16 13:40:36,884 - SpareERP - INFO - Initializing InventoryPage...
2026-02-16 13:40:36,919 - SpareERP - INFO - InventoryPage Initialized Successfully.
2026-02-16 13:40:40,912 - SpareERP - INFO - Lazy loading page: Reports
2026-02-16 13:40:41,666 - SpareERP - INFO - Lazy loading page: Expenses
2026-02-16 13:40:41,687 - SpareERP - INFO - AI Cache: 221 vehicle models, 361 part keywords
2026-02-16 13:40:41,700 - SpareERP - INFO - Query all expenses: 0 found
2026-02-16 13:40:41,700 - SpareERP - INFO - Querying ALL expenses
2026-02-16 13:40:41,700 - SpareERP - INFO - Found 0 expense entries
2026-02-16 13:40:41,701 - SpareERP - INFO - No expenses found in last 30 days
2026-02-16 13:40:45,191 - SpareERP - INFO - Lazy loading page: Orders
2026-02-16 13:55:44,927 - SpareERP - INFO - Migrated schema: Added items_count to invoices table
2026-02-16 13:55:44,937 - SpareERP - INFO - Migrated schema: Added added_by to parts table
2026-02-16 13:55:44,941 - SpareERP - INFO - Migrated schema: Added last_cost to parts table
2026-02-16 13:55:44,942 - SpareERP - INFO - Database initialized at test_license.db
2026-02-16 13:56:48,138 - SpareERP - INFO - Migrated schema: Added items_count to invoices table
2026-02-16 13:56:48,151 - SpareERP - INFO - Migrated schema: Added added_by to parts table
2026-02-16 13:56:48,155 - SpareERP - INFO - Migrated schema: Added last_cost to parts table
2026-02-16 13:56:48,157 - SpareERP - INFO - Database initialized at test_license.db
2026-02-16 13:57:09,157 - SpareERP - INFO - Database tables initialized.
2026-02-16 13:57:09,188 - SpareERP - INFO - Migrated schema: Added items_count to invoices table
2026-02-16 13:57:09,199 - SpareERP - INFO - Migrated schema: Added added_by to parts table
2026-02-16 13:57:09,203 - SpareERP - INFO - Migrated schema: Added last_cost to parts table
2026-02-16 13:57:09,205 - SpareERP - INFO - Database initialized at test_license.db
2026-02-16 13:59:16,892 - SpareERP - INFO - Application starting...
2026-02-16 13:59:16,957 - SpareERP - INFO - Initializing License Verification...
2026-02-16 13:59:16,957 - SpareERP - CRITICAL - Unhandled exception in main loop: LicenseVerifier.__init__() missing 1 required positional argument: 'db_manager'
Traceback (most recent call last):
  File "c:\Users\Admin\Desktop\spare_ERP\main.py", line 229, in main
    verifier = LicenseVerifier()
TypeError: LicenseVerifier.__init__() missing 1 required positional argument: 'db_manager'
2026-02-16 14:00:45,109 - SpareERP - INFO - Application starting...
2026-02-16 14:00:47,017 - SpareERP - INFO - Database tables initialized.
2026-02-16 14:00:47,024 - SpareERP - INFO - Database initialized at c:\Users\Admin\Desktop\spare_ERP\data\spareparts_pro.db
2026-02-16 14:00:47,028 - SpareERP - CRITICAL - Startup Loader Error: StartupLoader.finished_loading[object, object, object, object] signal has 4 argument(s) but 3 provided
2026-02-16 14:00:49,902 - SpareERP - CRITICAL - Startup failed: Components not loaded.
2026-02-16 14:01:34,459 - SpareERP - INFO - Application starting...
2026-02-16 14:01:36,231 - SpareERP - INFO - Database tables initialized.
2026-02-16 14:01:36,241 - SpareERP - INFO - Database initialized at c:\Users\Admin\Desktop\spare_ERP\data\spareparts_pro.db
2026-02-16 14:01:36,244 - SpareERP - CRITICAL - Startup Loader Error: StartupLoader.finished_loading[object, object, object, object] signal has 4 argument(s) but 3 provided
2026-02-16 14:01:39,264 - SpareERP - CRITICAL - Startup failed: Components not loaded.
2026-02-16 14:02:22,243 - SpareERP - INFO - Application starting...
2026-02-16 14:02:24,021 - SpareERP - INFO - Database tables initialized.
2026-02-16 14:02:24,031 - SpareERP - INFO - Database initialized at c:\Users\Admin\Desktop\spare_ERP\data\spareparts_pro.db
2026-02-16 14:02:24,035 - SpareERP - CRITICAL - Startup Loader Error: StartupLoader.finished_loading[object, object, object, object] signal has 4 argument(s) but 3 provided
2026-02-16 14:02:27,042 - SpareERP - CRITICAL - Startup failed: Components not loaded.
2026-02-16 14:03:47,963 - SpareERP - INFO - Application starting...
2026-02-16 14:03:49,863 - SpareERP - INFO - Database tables initialized.
2026-02-16 14:03:49,872 - SpareERP - INFO - Database initialized at c:\Users\Admin\Desktop\spare_ERP\data\spareparts_pro.db
2026-02-16 14:04:07,763 - SpareERP - INFO - License activated successfully.
2026-02-16 14:04:08,803 - SpareERP - CRITICAL - Unhandled exception in main loop: LoginWindow.__init__() takes 2 positional arguments but 3 were given
Traceback (most recent call last):
  File "c:\Users\Admin\Desktop\spare_ERP\main.py", line 308, in main
    login = LoginWindow(db_manager, MainWindow) # Pass MainWindow class!
TypeError: LoginWindow.__init__() takes 2 positional arguments but 3 were given
2026-02-16 14:05:19,605 - SpareERP - INFO - Application starting...
2026-02-16 14:05:21,413 - SpareERP - INFO - Database tables initialized.
2026-02-16 14:05:21,422 - SpareERP - INFO - Database initialized at c:\Users\Admin\Desktop\spare_ERP\data\spareparts_pro.db
2026-02-16 14:05:24,989 - SpareERP - INFO - Launching Login Window...
2026-02-16 14:05:42,887 - SpareERP - INFO - User admin logged in successfully
2026-02-16 14:05:42,905 - SpareERP - INFO - User authenticated as ADMIN. Launching Main Window.
2026-02-16 14:05:42,908 - SpareERP - INFO - Initializing MainWindow...
2026-02-16 14:05:42,997 - SpareERP - INFO - Lazy loading page: Dashboard
2026-02-16 14:05:43,106 - SpareERP - INFO - AI Cache: 221 vehicle models, 361 part keywords
2026-02-16 14:05:46,787 - SpareERP - INFO - Lazy loading page: Billing
2026-02-16 14:05:49,379 - SpareERP - INFO - Lazy loading page: Inventory
2026-02-16 14:05:49,646 - SpareERP - INFO - Initializing InventoryPage...
2026-02-16 14:05:49,680 - SpareERP - INFO - InventoryPage Initialized Successfully.
2026-02-16 14:05:55,403 - SpareERP - INFO - Lazy loading page: Reports
2026-02-16 14:05:58,563 - SpareERP - INFO - Lazy loading page: Expenses
2026-02-16 14:05:58,571 - SpareERP - INFO - AI Cache: 221 vehicle models, 361 part keywords
2026-02-16 14:05:58,579 - SpareERP - INFO - Query all expenses: 0 found
2026-02-16 14:05:58,579 - SpareERP - INFO - Querying ALL expenses
2026-02-16 14:05:58,579 - SpareERP - INFO - Found 0 expense entries
2026-02-16 14:05:58,580 - SpareERP - INFO - No expenses found in last 30 days
2026-02-16 14:06:00,475 - SpareERP - INFO - Lazy loading page: Access
2026-02-16 14:06:12,310 - SpareERP - INFO - User updated: ID 1
2026-02-16 14:06:15,475 - SpareERP - INFO - Lazy loading page: Settings
2026-02-16 14:06:22,459 - SpareERP - INFO - Setting updated: invoice_theme
2026-02-16 14:06:58,266 - SpareERP - INFO - Lazy loading page: Orders
2026-02-16 14:17:15,956 - SpareERP - INFO - Application starting...
2026-02-16 14:17:17,762 - SpareERP - INFO - Database tables initialized.
2026-02-16 14:17:17,772 - SpareERP - INFO - Database initialized at c:\Users\Admin\Desktop\spare_ERP\data\spareparts_pro.db
2026-02-16 14:17:21,446 - SpareERP - INFO - Launching Login Window...
2026-02-16 14:17:36,721 - SpareERP - INFO - User admin logged in successfully
2026-02-16 14:17:36,745 - SpareERP - INFO - User authenticated as ADMIN. Launching Main Window.
2026-02-16 14:17:36,746 - SpareERP - INFO - Initializing MainWindow...
2026-02-16 14:17:36,846 - SpareERP - INFO - Lazy loading page: Dashboard
2026-02-16 14:17:36,964 - SpareERP - INFO - AI Cache: 221 vehicle models, 361 part keywords
2026-02-16 14:17:41,813 - SpareERP - INFO - Lazy loading page: Reports
2026-02-16 14:17:43,054 - SpareERP - INFO - Lazy loading page: Expenses
2026-02-16 14:17:43,075 - SpareERP - INFO - AI Cache: 221 vehicle models, 361 part keywords
2026-02-16 14:17:43,085 - SpareERP - INFO - Query all expenses: 0 found
2026-02-16 14:17:43,086 - SpareERP - INFO - Querying ALL expenses
2026-02-16 14:17:43,086 - SpareERP - INFO - Found 0 expense entries
2026-02-16 14:17:43,087 - SpareERP - INFO - No expenses found in last 30 days
2026-02-16 14:17:43,589 - SpareERP - INFO - Lazy loading page: Orders
2026-02-16 14:23:29,549 - SpareERP - INFO - Lazy loading page: Settings
2026-02-16 14:23:40,718 - SpareERP - INFO - Lazy loading page: Access
2026-02-16 14:23:45,451 - SpareERP - INFO - Lazy loading page: Inventory
2026-02-16 14:23:45,451 - SpareERP - INFO - Initializing InventoryPage...
2026-02-16 14:23:45,484 - SpareERP - INFO - InventoryPage Initialized Successfully.
2026-02-16 14:23:49,218 - SpareERP - INFO - Lazy loading page: Billing
2026-02-16 14:29:08,957 - SpareERP - INFO - Application starting...
2026-02-16 14:29:10,749 - SpareERP - INFO - Database tables initialized.
2026-02-16 14:29:10,758 - SpareERP - INFO - Database initialized at c:\Users\Admin\Desktop\spare_ERP\data\spareparts_pro.db
2026-02-16 14:29:14,354 - SpareERP - INFO - Launching Login Window...
2026-02-16 14:30:30,778 - SpareERP - INFO - User admin logged in successfully
2026-02-16 14:30:30,797 - SpareERP - INFO - User authenticated as ADMIN. Launching Main Window.
2026-02-16 14:30:30,799 - SpareERP - INFO - Initializing MainWindow...
2026-02-16 14:30:30,894 - SpareERP - INFO - Lazy loading page: Dashboard
2026-02-16 14:30:31,017 - SpareERP - INFO - AI Cache: 221 vehicle models, 361 part keywords
2026-02-16 14:30:34,832 - SpareERP - INFO - Lazy loading page: Orders
2026-02-16 14:31:57,745 - SpareERP - INFO - Application starting...
2026-02-16 14:31:59,665 - SpareERP - INFO - Database tables initialized.
2026-02-16 14:31:59,675 - SpareERP - INFO - Database initialized at c:\Users\Admin\Desktop\spare_ERP\data\spareparts_pro.db
2026-02-16 14:32:03,133 - SpareERP - INFO - Launching Login Window...
2026-02-16 14:32:16,090 - SpareERP - INFO - User admin logged in successfully
2026-02-16 14:32:16,107 - SpareERP - INFO - User authenticated as ADMIN. Launching Main Window.
2026-02-16 14:32:16,110 - SpareERP - INFO - Initializing MainWindow...
2026-02-16 14:32:16,217 - SpareERP - INFO - Lazy loading page: Dashboard
2026-02-16 14:32:16,343 - SpareERP - INFO - AI Cache: 221 vehicle models, 361 part keywords
2026-02-16 14:32:19,045 - SpareERP - INFO - Lazy loading page: Orders
2026-02-16 14:45:04,034 - SpareERP - INFO - Application starting...
2026-02-16 14:45:05,930 - SpareERP - INFO - Database tables initialized.
2026-02-16 14:45:05,944 - SpareERP - INFO - Database initialized at c:\Users\Admin\Desktop\spare_ERP\data\spareparts_pro.db
2026-02-16 14:45:09,472 - SpareERP - INFO - Launching Login Window...
2026-02-16 14:45:17,467 - SpareERP - INFO - User admin logged in successfully
2026-02-16 14:45:17,485 - SpareERP - INFO - User authenticated as ADMIN. Launching Main Window.
2026-02-16 14:45:17,486 - SpareERP - INFO - Initializing MainWindow...
2026-02-16 14:45:17,585 - SpareERP - INFO - Lazy loading page: Dashboard
2026-02-16 14:45:17,724 - SpareERP - INFO - AI Cache: 221 vehicle models, 361 part keywords
2026-02-16 14:45:19,423 - SpareERP - INFO - Lazy loading page: Reports
2026-02-16 14:45:22,463 - SpareERP - INFO - Lazy loading page: Orders
2026-02-16 14:49:02,325 - SpareERP - INFO - Lazy loading page: Expenses
2026-02-16 14:49:02,334 - SpareERP - INFO - AI Cache: 221 vehicle models, 361 part keywords
2026-02-16 14:49:02,342 - SpareERP - INFO - Query all expenses: 0 found
2026-02-16 14:49:02,343 - SpareERP - INFO - Querying ALL expenses
2026-02-16 14:49:02,343 - SpareERP - INFO - Found 0 expense entries
2026-02-16 14:49:02,343 - SpareERP - INFO - No expenses found in last 30 days
2026-02-16 14:49:25,981 - SpareERP - INFO - Database tables initialized.
2026-02-16 14:49:26,016 - SpareERP - INFO - Migrated schema: Added items_count to invoices table
2026-02-16 14:49:26,025 - SpareERP - INFO - Migrated schema: Added added_by to parts table
2026-02-16 14:49:26,030 - SpareERP - INFO - Migrated schema: Added last_cost to parts table
2026-02-16 14:49:26,031 - SpareERP - WARNING - FACTORY RESET EXECUTED. All data wiped.
2026-02-16 14:49:42,557 - SpareERP - INFO - Application starting...
2026-02-16 14:49:44,413 - SpareERP - INFO - Database tables initialized.
2026-02-16 14:49:44,421 - SpareERP - INFO - Database initialized at c:\Users\Admin\Desktop\spare_ERP\data\spareparts_pro.db
2026-02-16 14:50:33,315 - SpareERP - INFO - Trial started. Expires on 2026-03-03 14:50:33
2026-02-16 14:50:34,623 - SpareERP - INFO - Launching Login Window...
2026-02-16 14:50:43,728 - SpareERP - INFO - User admin logged in successfully
2026-02-16 14:50:43,745 - SpareERP - INFO - User authenticated as ADMIN. Launching Main Window.
2026-02-16 14:50:43,747 - SpareERP - INFO - Initializing MainWindow...
2026-02-16 14:50:43,848 - SpareERP - INFO - Lazy loading page: Dashboard
2026-02-16 14:50:43,971 - SpareERP - INFO - AI Cache: 0 vehicle models, 0 part keywords
2026-02-16 14:50:48,803 - SpareERP - INFO - Lazy loading page: Expenses
2026-02-16 14:50:48,806 - SpareERP - INFO - AI Cache: 0 vehicle models, 0 part keywords
2026-02-16 14:50:48,816 - SpareERP - INFO - Query all expenses: 0 found
2026-02-16 14:50:48,817 - SpareERP - INFO - Querying ALL expenses
2026-02-16 14:50:48,817 - SpareERP - INFO - Found 0 expense entries
2026-02-16 14:50:48,818 - SpareERP - INFO - No expenses found in last 30 days
2026-02-16 14:50:49,827 - SpareERP - INFO - Lazy loading page: Orders
2026-02-16 14:52:09,097 - SpareERP - INFO - Lazy loading page: Inventory
2026-02-16 14:52:09,105 - SpareERP - INFO - Initializing InventoryPage...
2026-02-16 14:52:09,168 - SpareERP - INFO - InventoryPage Initialized Successfully.
2026-02-16 14:52:20,283 - SpareERP - INFO - Inventory imported from C:/Users/Admin/Desktop/My Shop App/parts_inventory.csv, 605 records processed
2026-02-16 15:11:05,077 - SpareERP - INFO - Application starting...
2026-02-16 15:11:06,977 - SpareERP - INFO - Database tables initialized.
2026-02-16 15:11:06,987 - SpareERP - INFO - Database initialized at c:\Users\Admin\Desktop\spare_ERP\data\spareparts_pro.db
2026-02-16 15:11:12,946 - SpareERP - INFO - Launching Login Window...
2026-02-16 15:11:21,869 - SpareERP - INFO - User admin logged in successfully
2026-02-16 15:11:21,888 - SpareERP - INFO - User authenticated as ADMIN. Launching Main Window.
2026-02-16 15:11:21,890 - SpareERP - INFO - Initializing MainWindow...
2026-02-16 15:11:21,992 - SpareERP - INFO - Lazy loading page: Dashboard
2026-02-16 15:11:22,123 - SpareERP - INFO - AI Cache: 222 vehicle models, 359 part keywords
2026-02-16 15:11:26,457 - SpareERP - INFO - Lazy loading page: Billing
2026-02-16 15:11:28,089 - SpareERP - INFO - Lazy loading page: Inventory
2026-02-16 15:11:28,351 - SpareERP - INFO - Initializing InventoryPage...
2026-02-16 15:11:28,385 - SpareERP - INFO - InventoryPage Initialized Successfully.
2026-02-16 15:11:29,303 - SpareERP - INFO - Lazy loading page: Reports
2026-02-16 15:11:29,849 - SpareERP - INFO - Lazy loading page: Expenses
2026-02-16 15:11:29,860 - SpareERP - INFO - AI Cache: 222 vehicle models, 359 part keywords
2026-02-16 15:11:29,868 - SpareERP - INFO - Query all expenses: 0 found
2026-02-16 15:11:29,869 - SpareERP - INFO - Querying ALL expenses
2026-02-16 15:11:29,869 - SpareERP - INFO - Found 0 expense entries
2026-02-16 15:11:29,870 - SpareERP - INFO - No expenses found in last 30 days
2026-02-16 15:11:30,816 - SpareERP - INFO - Lazy loading page: Orders
2026-02-16 15:14:09,926 - SpareERP - WARNING - Duplicate part entry attempted: TR600080
2026-02-16 15:14:11,335 - SpareERP - INFO - Part saved: TR600080 - TRU SPRAY 375G CHAIN LUB CAN
2026-02-16 15:14:26,048 - SpareERP - INFO - Lazy loading page: Settings
2026-02-16 15:14:28,144 - SpareERP - INFO - Lazy loading page: Access
2026-02-16 15:14:45,146 - SpareERP - INFO - User updated: ID 1
2026-02-16 15:19:18,396 - SpareERP - INFO - Application starting...
2026-02-16 15:19:20,307 - SpareERP - INFO - Database tables initialized.
2026-02-16 15:19:20,319 - SpareERP - INFO - Database initialized at c:\Users\Admin\Desktop\spare_ERP\data\spareparts_pro.db
2026-02-16 15:19:25,363 - SpareERP - INFO - Launching Login Window...
2026-02-16 15:19:36,312 - SpareERP - INFO - User admin logged in successfully
2026-02-16 15:19:36,331 - SpareERP - INFO - User authenticated as ADMIN. Launching Main Window.
2026-02-16 15:19:36,333 - SpareERP - INFO - Initializing MainWindow...
2026-02-16 15:19:36,443 - SpareERP - INFO - Lazy loading page: Dashboard
2026-02-16 15:19:36,570 - SpareERP - INFO - AI Cache: 221 vehicle models, 359 part keywords
2026-02-16 15:19:37,982 - SpareERP - INFO - Lazy loading page: Billing
2026-02-16 15:19:38,789 - SpareERP - INFO - Lazy loading page: Inventory
2026-02-16 15:19:39,050 - SpareERP - INFO - Initializing InventoryPage...
2026-02-16 15:19:39,084 - SpareERP - INFO - InventoryPage Initialized Successfully.
2026-02-16 15:19:42,295 - SpareERP - INFO - Lazy loading page: Reports
2026-02-16 15:19:43,796 - SpareERP - INFO - Lazy loading page: Expenses
2026-02-16 15:19:43,805 - SpareERP - INFO - AI Cache: 221 vehicle models, 359 part keywords
2026-02-16 15:19:43,813 - SpareERP - INFO - Query all expenses: 0 found
2026-02-16 15:19:43,813 - SpareERP - INFO - Querying ALL expenses
2026-02-16 15:19:43,814 - SpareERP - INFO - Found 0 expense entries
2026-02-16 15:19:43,814 - SpareERP - INFO - No expenses found in last 30 days
2026-02-16 15:19:44,893 - SpareERP - INFO - Lazy loading page: Orders
2026-02-16 15:19:46,100 - SpareERP - INFO - Lazy loading page: Access
2026-02-16 15:19:46,773 - SpareERP - INFO - Lazy loading page: Settings
2026-02-16 15:19:51,730 - SpareERP - INFO - Setting updated: invoice_theme
2026-02-16 15:20:27,841 - SpareERP - INFO - Generated new Invoice ID: INV-1001
2026-02-16 15:20:27,847 - SpareERP - INFO - Invoice saved: INV-1001
2026-02-16 15:20:27,847 - SpareERP - INFO - Invoice generated: INV-1001 for GYANI
2026-02-16 15:20:27,853 - SpareERP - INFO - Part sold: NF040370, Qty: 1, Inv: INV-1001
2026-02-16 15:20:27,856 - SpareERP - INFO - Generating PDF with Theme: 'Executive (Black/Gold)' for Invoice: INV-1001
2026-02-16 15:22:17,541 - SpareERP - INFO - Application starting...
2026-02-16 15:22:19,455 - SpareERP - INFO - Database tables initialized.
2026-02-16 15:22:19,468 - SpareERP - INFO - Database initialized at C:\Users\Admin\Desktop\spare_ERP\data\spareparts_pro.db
2026-02-16 15:22:25,114 - SpareERP - INFO - Launching Login Window...
2026-02-16 15:22:42,815 - SpareERP - INFO - User admin logged in successfully
2026-02-16 15:22:42,833 - SpareERP - INFO - User authenticated as ADMIN. Launching Main Window.
2026-02-16 15:22:42,835 - SpareERP - INFO - Initializing MainWindow...
2026-02-16 15:22:42,934 - SpareERP - INFO - Lazy loading page: Dashboard
2026-02-16 15:22:43,056 - SpareERP - INFO - AI Cache: 221 vehicle models, 359 part keywords
2026-02-16 15:22:45,195 - SpareERP - INFO - Lazy loading page: Billing
2026-02-16 15:22:45,787 - SpareERP - INFO - Lazy loading page: Inventory
2026-02-16 15:22:46,227 - SpareERP - INFO - Initializing InventoryPage...
2026-02-16 15:22:46,264 - SpareERP - INFO - InventoryPage Initialized Successfully.
2026-02-16 15:22:47,269 - SpareERP - INFO - Lazy loading page: Reports
2026-02-16 15:22:47,874 - SpareERP - INFO - Lazy loading page: Expenses
2026-02-16 15:22:47,885 - SpareERP - INFO - AI Cache: 221 vehicle models, 359 part keywords
2026-02-16 15:22:47,894 - SpareERP - INFO - Query all expenses: 0 found
2026-02-16 15:22:47,894 - SpareERP - INFO - Querying ALL expenses
2026-02-16 15:22:47,894 - SpareERP - INFO - Found 0 expense entries
2026-02-16 15:22:47,895 - SpareERP - INFO - No expenses found in last 30 days
2026-02-16 15:22:48,611 - SpareERP - INFO - Lazy loading page: Orders
2026-02-16 15:26:38,885 - SpareERP - INFO - Application starting...
2026-02-16 15:26:40,755 - SpareERP - INFO - Database tables initialized.
2026-02-16 15:26:40,765 - SpareERP - INFO - Database initialized at c:\Users\Admin\Desktop\spare_ERP\data\spareparts_pro.db
2026-02-16 15:26:46,311 - SpareERP - INFO - Launching Login Window...
2026-02-16 15:26:53,165 - SpareERP - INFO - User admin logged in successfully
2026-02-16 15:26:53,185 - SpareERP - INFO - User authenticated as ADMIN. Launching Main Window.
2026-02-16 15:26:53,187 - SpareERP - INFO - Initializing MainWindow...
2026-02-16 15:26:53,286 - SpareERP - INFO - Lazy loading page: Dashboard
2026-02-16 15:26:53,401 - SpareERP - INFO - AI Cache: 221 vehicle models, 359 part keywords
2026-02-16 15:26:55,593 - SpareERP - INFO - Lazy loading page: Reports
2026-02-16 15:26:58,256 - SpareERP - INFO - Lazy loading page: Expenses
2026-02-16 15:26:58,265 - SpareERP - INFO - AI Cache: 221 vehicle models, 359 part keywords
2026-02-16 15:26:58,272 - SpareERP - INFO - Query all expenses: 0 found
2026-02-16 15:26:58,273 - SpareERP - INFO - Querying ALL expenses
2026-02-16 15:26:58,273 - SpareERP - INFO - Found 0 expense entries
2026-02-16 15:26:58,274 - SpareERP - INFO - No expenses found in last 30 days
2026-02-16 15:26:58,800 - SpareERP - INFO - Lazy loading page: Orders
2026-02-16 15:37:42,168 - SpareERP - INFO - Application starting...
2026-02-16 15:37:44,076 - SpareERP - INFO - Database tables initialized.
2026-02-16 15:37:44,145 - SpareERP - INFO - Database indexes created successfully for performance optimization.
2026-02-16 15:37:44,145 - SpareERP - INFO - Database initialized at C:\Users\Admin\Desktop\spare_ERP\data\spareparts_pro.db
2026-02-16 15:37:49,498 - SpareERP - INFO - Launching Login Window...
2026-02-16 15:37:59,095 - SpareERP - INFO - User admin logged in successfully
2026-02-16 15:37:59,118 - SpareERP - INFO - User authenticated as ADMIN. Launching Main Window.
2026-02-16 15:37:59,121 - SpareERP - INFO - Initializing MainWindow...
2026-02-16 15:37:59,151 - SpareERP - INFO - Keyboard shortcuts configured successfully.
2026-02-16 15:37:59,223 - SpareERP - INFO - Lazy loading page: Dashboard
2026-02-16 15:37:59,351 - SpareERP - INFO - AI Cache: 221 vehicle models, 359 part keywords
2026-02-16 15:38:02,275 - SpareERP - INFO - Lazy loading page: Settings
2026-02-16 15:38:02,292 - SpareERP - INFO - Created backup directory: C:\Users\Admin\Desktop\spare_ERP\data\data\backups
2026-02-16 15:38:06,294 - SpareERP - INFO - Backup created successfully: backup_2026-02-16_15-38-06.db
2026-02-16 15:38:24,984 - SpareERP - INFO - Lazy loading page: Billing
2026-02-16 15:42:47,651 - SpareERP - INFO - Generated new Invoice ID: INV-1002
2026-02-16 15:42:47,658 - SpareERP - INFO - Invoice saved: INV-1002
2026-02-16 15:42:47,658 - SpareERP - INFO - Invoice generated: INV-1002 for GYANI
2026-02-16 15:42:47,664 - SpareERP - INFO - Part sold: N9325190, Qty: 1, Inv: INV-1002
2026-02-16 15:42:47,667 - SpareERP - INFO - Generating PDF with Theme: 'Executive (Black/Gold)' for Invoice: INV-1002
2026-02-16 15:42:48,926 - SpareERP - INFO - Sending WhatsApp for INV-1002 to 9335668077
2026-02-16 15:48:18,099 - SpareERP - INFO - Application starting...
2026-02-16 15:48:19,916 - SpareERP - INFO - Database tables initialized.
2026-02-16 15:48:19,928 - SpareERP - INFO - Database indexes created successfully for performance optimization.
2026-02-16 15:48:19,928 - SpareERP - INFO - Database initialized at c:\Users\Admin\Desktop\spare_ERP\data\spareparts_pro.db
2026-02-16 15:48:24,708 - SpareERP - INFO - Launching Login Window...
2026-02-16 15:48:31,969 - SpareERP - INFO - User admin logged in successfully
2026-02-16 15:48:31,987 - SpareERP - INFO - User authenticated as ADMIN. Launching Main Window.
2026-02-16 15:48:31,990 - SpareERP - INFO - Initializing MainWindow...
2026-02-16 15:48:32,013 - SpareERP - INFO - Keyboard shortcuts configured successfully.
2026-02-16 15:48:32,087 - SpareERP - INFO - Lazy loading page: Dashboard
2026-02-16 15:48:32,207 - SpareERP - INFO - AI Cache: 221 vehicle models, 359 part keywords
2026-02-16 15:48:34,661 - SpareERP - INFO - Lazy loading page: Settings
2026-02-16 15:49:29,297 - SpareERP - INFO - Application starting...
2026-02-16 15:49:31,146 - SpareERP - INFO - Database tables initialized.
2026-02-16 15:49:31,157 - SpareERP - INFO - Database indexes created successfully for performance optimization.
2026-02-16 15:49:31,158 - SpareERP - INFO - Database initialized at c:\Users\Admin\Desktop\spare_ERP\data\spareparts_pro.db
2026-02-16 15:49:36,740 - SpareERP - INFO - Launching Login Window...
2026-02-16 15:49:44,065 - SpareERP - INFO - User admin logged in successfully
2026-02-16 15:49:44,086 - SpareERP - INFO - User authenticated as ADMIN. Launching Main Window.
2026-02-16 15:49:44,087 - SpareERP - INFO - Initializing MainWindow...
2026-02-16 15:49:44,109 - SpareERP - INFO - Keyboard shortcuts configured successfully.
2026-02-16 15:49:44,187 - SpareERP - INFO - Lazy loading page: Dashboard
2026-02-16 15:49:44,307 - SpareERP - INFO - AI Cache: 221 vehicle models, 359 part keywords
2026-02-16 15:49:45,644 - SpareERP - INFO - Lazy loading page: Settings
2026-02-16 15:50:39,644 - SpareERP - INFO - Lazy loading page: Access
2026-02-16 15:50:40,460 - SpareERP - INFO - Lazy loading page: Orders
2026-02-16 15:50:41,804 - SpareERP - INFO - Lazy loading page: Expenses
2026-02-16 15:50:41,813 - SpareERP - INFO - AI Cache: 221 vehicle models, 359 part keywords
2026-02-16 15:50:41,821 - SpareERP - INFO - Query all expenses: 0 found
2026-02-16 15:50:41,822 - SpareERP - INFO - Querying ALL expenses
2026-02-16 15:50:41,822 - SpareERP - INFO - Found 0 expense entries
2026-02-16 15:50:41,822 - SpareERP - INFO - No expenses found in last 30 days
2026-02-16 15:50:42,740 - SpareERP - INFO - Lazy loading page: Reports
2026-02-16 15:50:43,797 - SpareERP - INFO - Lazy loading page: Inventory
2026-02-16 15:50:43,798 - SpareERP - INFO - Initializing InventoryPage...
2026-02-16 15:50:43,857 - SpareERP - INFO - InventoryPage Initialized Successfully.
2026-02-16 15:50:44,996 - SpareERP - INFO - Lazy loading page: Billing
2026-02-16 16:30:11,171 - SpareERP - INFO - Application starting...
2026-02-16 16:30:13,157 - SpareERP - INFO - Database tables initialized.
2026-02-16 16:30:13,170 - SpareERP - INFO - Database indexes created successfully for performance optimization.
2026-02-16 16:30:13,171 - SpareERP - INFO - Database initialized at c:\Users\Admin\Desktop\spare_ERP\data\spareparts_pro.db
2026-02-16 16:30:21,351 - SpareERP - INFO - Launching Login Window...
2026-02-16 16:30:30,229 - SpareERP - INFO - User admin logged in successfully
2026-02-16 16:30:30,248 - SpareERP - INFO - User authenticated as ADMIN. Launching Main Window.
2026-02-16 16:30:30,249 - SpareERP - INFO - Initializing MainWindow...
2026-02-16 16:30:30,276 - SpareERP - INFO - Keyboard shortcuts configured successfully.
2026-02-16 16:30:30,355 - SpareERP - INFO - Lazy loading page: Dashboard
2026-02-16 16:30:30,473 - SpareERP - INFO - AI Cache: 221 vehicle models, 359 part keywords
2026-02-16 16:30:32,841 - SpareERP - INFO - Lazy loading page: Settings
2026-02-16 16:30:34,090 - SpareERP - INFO - Lazy loading page: Access
2026-02-16 16:31:01,906 - SpareERP - INFO - User updated: ID 2
2026-02-16 16:31:08,012 - SpareERP - INFO - Application starting...
2026-02-16 16:31:09,799 - SpareERP - INFO - Database tables initialized.
2026-02-16 16:31:09,811 - SpareERP - INFO - Database indexes created successfully for performance optimization.
2026-02-16 16:31:09,811 - SpareERP - INFO - Database initialized at c:\Users\Admin\Desktop\spare_ERP\data\spareparts_pro.db
2026-02-16 16:31:15,694 - SpareERP - INFO - Launching Login Window...
2026-02-16 16:31:27,701 - SpareERP - INFO - User admin logged in successfully
2026-02-16 16:31:27,717 - SpareERP - INFO - User authenticated as ADMIN. Launching Main Window.
2026-02-16 16:31:27,718 - SpareERP - INFO - Initializing MainWindow...
2026-02-16 16:31:27,739 - SpareERP - INFO - Keyboard shortcuts configured successfully.
2026-02-16 16:31:27,818 - SpareERP - INFO - Lazy loading page: Dashboard
2026-02-16 16:31:27,936 - SpareERP - INFO - AI Cache: 221 vehicle models, 359 part keywords
2026-02-16 16:31:29,518 - SpareERP - INFO - Lazy loading page: Access
2026-02-16 16:32:16,216 - SpareERP - INFO - User updated: ID 2
2026-02-16 16:32:22,942 - SpareERP - INFO - Application starting...
2026-02-16 16:32:24,762 - SpareERP - INFO - Database tables initialized.
2026-02-16 16:32:24,773 - SpareERP - INFO - Database indexes created successfully for performance optimization.
2026-02-16 16:32:24,773 - SpareERP - INFO - Database initialized at c:\Users\Admin\Desktop\spare_ERP\data\spareparts_pro.db
2026-02-16 16:32:30,566 - SpareERP - INFO - Launching Login Window...
2026-02-16 16:32:40,558 - SpareERP - INFO - User admin logged in successfully
2026-02-16 16:32:40,578 - SpareERP - INFO - User authenticated as ADMIN. Launching Main Window.
2026-02-16 16:32:40,579 - SpareERP - INFO - Initializing MainWindow...
2026-02-16 16:32:40,605 - SpareERP - INFO - Keyboard shortcuts configured successfully.
2026-02-16 16:32:40,682 - SpareERP - INFO - Lazy loading page: Dashboard
2026-02-16 16:32:40,803 - SpareERP - INFO - AI Cache: 221 vehicle models, 359 part keywords
2026-02-16 16:32:45,585 - SpareERP - INFO - Application starting...
2026-02-16 16:32:47,383 - SpareERP - INFO - Database tables initialized.
2026-02-16 16:32:47,394 - SpareERP - INFO - Database indexes created successfully for performance optimization.
2026-02-16 16:32:47,395 - SpareERP - INFO - Database initialized at c:\Users\Admin\Desktop\spare_ERP\data\spareparts_pro.db
2026-02-16 16:32:52,735 - SpareERP - INFO - Launching Login Window...
2026-02-16 16:33:02,868 - SpareERP - INFO - User staff logged in successfully
2026-02-16 16:33:02,888 - SpareERP - INFO - User authenticated as STAFF. Launching Main Window.
2026-02-16 16:33:02,890 - SpareERP - INFO - Initializing MainWindow...
2026-02-16 16:33:02,907 - SpareERP - INFO - Keyboard shortcuts configured successfully.
2026-02-16 16:33:02,980 - SpareERP - INFO - Lazy loading page: Dashboard
2026-02-16 16:33:03,098 - SpareERP - INFO - AI Cache: 221 vehicle models, 359 part keywords
2026-02-16 16:33:04,785 - SpareERP - INFO - Lazy loading page: Billing
2026-02-16 16:33:05,680 - SpareERP - INFO - Lazy loading page: Inventory
2026-02-16 16:33:05,947 - SpareERP - INFO - Initializing InventoryPage...
2026-02-16 16:33:05,979 - SpareERP - INFO - InventoryPage Initialized Successfully.
2026-02-16 16:33:20,762 - SpareERP - INFO - Application starting...
2026-02-16 16:33:22,545 - SpareERP - INFO - Database tables initialized.
2026-02-16 16:33:22,556 - SpareERP - INFO - Database indexes created successfully for performance optimization.
2026-02-16 16:33:22,557 - SpareERP - INFO - Database initialized at c:\Users\Admin\Desktop\spare_ERP\data\spareparts_pro.db
2026-02-16 16:33:27,864 - SpareERP - INFO - Launching Login Window...
2026-02-16 16:33:34,748 - SpareERP - INFO - User admin logged in successfully
2026-02-16 16:33:34,767 - SpareERP - INFO - User authenticated as ADMIN. Launching Main Window.
2026-02-16 16:33:34,769 - SpareERP - INFO - Initializing MainWindow...
2026-02-16 16:33:34,799 - SpareERP - INFO - Keyboard shortcuts configured successfully.
2026-02-16 16:33:34,869 - SpareERP - INFO - Lazy loading page: Dashboard
2026-02-16 16:33:34,981 - SpareERP - INFO - AI Cache: 221 vehicle models, 359 part keywords
2026-02-16 16:33:36,464 - SpareERP - INFO - Lazy loading page: Settings
2026-02-16 16:33:38,912 - SpareERP - INFO - Lazy loading page: Access
2026-02-16 16:50:21,914 - SpareERP - INFO - Application starting...
2026-02-16 16:50:23,813 - SpareERP - INFO - Database tables initialized.
2026-02-16 16:50:23,828 - SpareERP - INFO - Migrated schema: Added recovery_pin to users table
2026-02-16 16:50:23,831 - SpareERP - INFO - Database indexes created successfully for performance optimization.
2026-02-16 16:50:23,832 - SpareERP - INFO - Database initialized at c:\Users\Admin\Desktop\spare_ERP\data\spareparts_pro.db
2026-02-16 16:50:29,827 - SpareERP - CRITICAL - Unhandled exception in main loop: name 'btn_close' is not defined
Traceback (most recent call last):
  File "c:\Users\Admin\Desktop\spare_ERP\main.py", line 308, in main
    login = LoginWindow(db_manager, MainWindow) # Pass MainWindow class!
  File "c:\Users\Admin\Desktop\spare_ERP\login_window.py", line 90, in __init__
    self.setup_ui()
    ~~~~~~~~~~~~~^^
  File "c:\Users\Admin\Desktop\spare_ERP\login_window.py", line 188, in setup_ui
    card_layout.addWidget(btn_close)
                          ^^^^^^^^^
NameError: name 'btn_close' is not defined
2026-02-16 16:51:09,630 - SpareERP - INFO - Application starting...
2026-02-16 16:51:11,449 - SpareERP - INFO - Database tables initialized.
2026-02-16 16:51:11,460 - SpareERP - INFO - Database indexes created successfully for performance optimization.
2026-02-16 16:51:11,461 - SpareERP - INFO - Database initialized at c:\Users\Admin\Desktop\spare_ERP\data\spareparts_pro.db
2026-02-16 16:51:16,965 - SpareERP - INFO - Launching Login Window...
2026-02-16 16:51:24,555 - SpareERP - INFO - User admin logged in successfully
2026-02-16 16:51:46,134 - SpareERP - INFO - Application starting...
2026-02-16 16:51:48,030 - SpareERP - INFO - Database tables initialized.
2026-02-16 16:51:48,043 - SpareERP - INFO - Database indexes created successfully for performance optimization.
2026-02-16 16:51:48,043 - SpareERP - INFO - Database initialized at c:\Users\Admin\Desktop\spare_ERP\data\spareparts_pro.db
2026-02-16 16:51:54,336 - SpareERP - INFO - Launching Login Window...
2026-02-16 16:52:03,066 - SpareERP - INFO - User admin logged in successfully
2026-02-16 16:52:58,517 - SpareERP - INFO - Application starting...
2026-02-16 16:53:00,309 - SpareERP - INFO - Database tables initialized.
2026-02-16 16:53:00,318 - SpareERP - INFO - Database indexes created successfully for performance optimization.
2026-02-16 16:53:00,319 - SpareERP - INFO - Database initialized at c:\Users\Admin\Desktop\spare_ERP\data\spareparts_pro.db
2026-02-16 16:53:05,988 - SpareERP - INFO - Launching Login Window...
2026-02-16 16:53:13,385 - SpareERP - INFO - User admin logged in successfully
2026-02-16 16:53:13,402 - SpareERP - INFO - User authenticated as ADMIN. Launching Main Window.
2026-02-16 16:53:13,404 - SpareERP - INFO - Initializing MainWindow...
2026-02-16 16:53:13,424 - SpareERP - INFO - Keyboard shortcuts configured successfully.
2026-02-16 16:54:17,935 - SpareERP - INFO - Application starting...
2026-02-16 16:54:19,777 - SpareERP - INFO - Database tables initialized.
2026-02-16 16:54:19,791 - SpareERP - INFO - Database indexes created successfully for performance optimization.
2026-02-16 16:54:19,792 - SpareERP - INFO - Database initialized at c:\Users\Admin\Desktop\spare_ERP\data\spareparts_pro.db
2026-02-16 16:54:25,044 - SpareERP - INFO - Launching Login Window...
2026-02-16 16:54:31,897 - SpareERP - INFO - User admin logged in successfully
2026-02-16 16:54:31,914 - SpareERP - INFO - User authenticated as ADMIN. Launching Main Window.
2026-02-16 16:54:31,916 - SpareERP - INFO - Initializing MainWindow...
2026-02-16 16:54:31,938 - SpareERP - INFO - Keyboard shortcuts configured successfully.
2026-02-16 16:54:32,009 - SpareERP - INFO - Lazy loading page: Dashboard
2026-02-16 16:54:32,130 - SpareERP - INFO - AI Cache: 221 vehicle models, 359 part keywords
2026-02-16 16:54:36,965 - SpareERP - INFO - Lazy loading page: Access
2026-02-16 16:55:15,661 - SpareERP - INFO - Application starting...
2026-02-16 16:55:17,499 - SpareERP - INFO - Database tables initialized.
2026-02-16 16:55:17,512 - SpareERP - INFO - Database indexes created successfully for performance optimization.
2026-02-16 16:55:17,512 - SpareERP - INFO - Database initialized at c:\Users\Admin\Desktop\spare_ERP\data\spareparts_pro.db
2026-02-16 16:55:22,738 - SpareERP - INFO - Launching Login Window...
2026-02-16 16:55:31,896 - SpareERP - INFO - User admin logged in successfully
2026-02-16 16:55:31,918 - SpareERP - INFO - User authenticated as ADMIN. Launching Main Window.
2026-02-16 16:55:31,919 - SpareERP - INFO - Initializing MainWindow...
2026-02-16 16:55:31,944 - SpareERP - INFO - Keyboard shortcuts configured successfully.
2026-02-16 16:55:32,018 - SpareERP - INFO - Lazy loading page: Dashboard
2026-02-16 16:55:32,133 - SpareERP - INFO - AI Cache: 221 vehicle models, 359 part keywords
2026-02-16 16:55:34,804 - SpareERP - INFO - Lazy loading page: Access
2026-02-16 16:56:18,748 - SpareERP - INFO - User updated: ID 1
2026-02-16 16:56:47,710 - SpareERP - INFO - User updated: ID 2
2026-02-16 16:59:19,799 - SpareERP - INFO - Application starting...
2026-02-16 16:59:21,665 - SpareERP - INFO - Database tables initialized.
2026-02-16 16:59:21,675 - SpareERP - INFO - Database indexes created successfully for performance optimization.
2026-02-16 16:59:21,676 - SpareERP - INFO - Database initialized at c:\Users\Admin\Desktop\spare_ERP\data\spareparts_pro.db
2026-02-16 16:59:26,985 - SpareERP - INFO - Launching Login Window...
2026-02-16 16:59:34,710 - SpareERP - INFO - User admin logged in successfully
2026-02-16 16:59:34,728 - SpareERP - INFO - User authenticated as ADMIN. Launching Main Window.
2026-02-16 16:59:34,729 - SpareERP - INFO - Initializing MainWindow...
2026-02-16 16:59:34,751 - SpareERP - INFO - Keyboard shortcuts configured successfully.
2026-02-16 16:59:34,831 - SpareERP - INFO - Lazy loading page: Dashboard
2026-02-16 16:59:34,954 - SpareERP - INFO - AI Cache: 221 vehicle models, 359 part keywords
2026-02-16 16:59:37,354 - SpareERP - INFO - Lazy loading page: Access
2026-02-16 17:00:02,945 - SpareERP - INFO - Cascaded username change from admin to GYANENDRA 
2026-02-16 17:00:02,949 - SpareERP - INFO - User updated: ID 1
2026-02-16 17:00:30,211 - SpareERP - INFO - Cascaded username change from staff to aman
2026-02-16 17:00:30,214 - SpareERP - INFO - User updated: ID 2
2026-02-16 17:00:35,870 - SpareERP - INFO - User updated: ID 2
2026-02-16 17:00:52,429 - SpareERP - INFO - Cascaded username change from GYANENDRA  to 12345
2026-02-16 17:00:52,433 - SpareERP - INFO - User updated: ID 1
2026-02-16 17:00:57,760 - SpareERP - INFO - Application starting...
2026-02-16 17:00:59,600 - SpareERP - INFO - Database tables initialized.
2026-02-16 17:00:59,612 - SpareERP - INFO - Database indexes created successfully for performance optimization.
2026-02-16 17:00:59,613 - SpareERP - INFO - Database initialized at c:\Users\Admin\Desktop\spare_ERP\data\spareparts_pro.db
2026-02-16 17:01:04,759 - SpareERP - INFO - Launching Login Window...
2026-02-16 17:01:15,237 - SpareERP - INFO - User aman logged in successfully
2026-02-16 17:01:15,255 - SpareERP - INFO - User authenticated as STAFF. Launching Main Window.
2026-02-16 17:01:15,256 - SpareERP - INFO - Initializing MainWindow...
2026-02-16 17:01:15,269 - SpareERP - INFO - Keyboard shortcuts configured successfully.
2026-02-16 17:01:15,346 - SpareERP - INFO - Lazy loading page: Dashboard
2026-02-16 17:01:15,462 - SpareERP - INFO - AI Cache: 221 vehicle models, 359 part keywords
2026-02-16 17:01:28,061 - SpareERP - INFO - Application starting...
2026-02-16 17:01:29,841 - SpareERP - INFO - Database tables initialized.
2026-02-16 17:01:29,850 - SpareERP - INFO - Database indexes created successfully for performance optimization.
2026-02-16 17:01:29,850 - SpareERP - INFO - Database initialized at c:\Users\Admin\Desktop\spare_ERP\data\spareparts_pro.db
2026-02-16 17:01:35,312 - SpareERP - INFO - Launching Login Window...
2026-02-16 17:01:43,813 - SpareERP - INFO - User 12345 logged in successfully
2026-02-16 17:01:44,083 - SpareERP - INFO - User authenticated as ADMIN. Launching Main Window.
2026-02-16 17:01:44,085 - SpareERP - INFO - Initializing MainWindow...
2026-02-16 17:01:44,121 - SpareERP - INFO - Keyboard shortcuts configured successfully.
2026-02-16 17:01:44,196 - SpareERP - INFO - Lazy loading page: Dashboard
2026-02-16 17:01:44,311 - SpareERP - INFO - AI Cache: 221 vehicle models, 359 part keywords
2026-02-16 17:01:46,297 - SpareERP - INFO - Lazy loading page: Settings
2026-02-16 17:01:48,265 - SpareERP - INFO - Lazy loading page: Access
2026-02-16 17:02:13,620 - SpareERP - INFO - User updated: ID 2
2026-02-16 17:02:22,812 - SpareERP - INFO - Application starting...
2026-02-16 17:02:24,620 - SpareERP - INFO - Database tables initialized.
2026-02-16 17:02:24,632 - SpareERP - INFO - Database indexes created successfully for performance optimization.
2026-02-16 17:02:24,632 - SpareERP - INFO - Database initialized at c:\Users\Admin\Desktop\spare_ERP\data\spareparts_pro.db
2026-02-16 17:02:29,864 - SpareERP - INFO - Launching Login Window...
2026-02-16 17:02:42,644 - SpareERP - INFO - User aman logged in successfully
2026-02-16 17:02:42,666 - SpareERP - INFO - User authenticated as STAFF. Launching Main Window.
2026-02-16 17:02:42,667 - SpareERP - INFO - Initializing MainWindow...
2026-02-16 17:02:42,684 - SpareERP - INFO - Keyboard shortcuts configured successfully.
2026-02-16 17:02:42,755 - SpareERP - INFO - Lazy loading page: Dashboard
2026-02-16 17:02:42,863 - SpareERP - INFO - AI Cache: 221 vehicle models, 359 part keywords
2026-02-16 17:02:50,128 - SpareERP - WARNING - Current page (index 0) does not have a load_data method
2026-02-16 17:04:48,422 - SpareERP - INFO - Application starting...
2026-02-16 17:04:50,360 - SpareERP - INFO - Database tables initialized.
2026-02-16 17:04:50,373 - SpareERP - INFO - Database indexes created successfully for performance optimization.
2026-02-16 17:04:50,374 - SpareERP - INFO - Database initialized at c:\Users\Admin\Desktop\spare_ERP\data\spareparts_pro.db
2026-02-16 17:04:54,982 - SpareERP - INFO - Launching Login Window...
2026-02-16 17:05:04,972 - SpareERP - INFO - User 12345 logged in successfully
2026-02-16 17:05:04,990 - SpareERP - INFO - User authenticated as ADMIN. Launching Main Window.
2026-02-16 17:05:04,992 - SpareERP - INFO - Initializing MainWindow...
2026-02-16 17:05:05,014 - SpareERP - INFO - Keyboard shortcuts configured successfully.
2026-02-16 17:05:05,081 - SpareERP - INFO - Lazy loading page: Dashboard
2026-02-16 17:05:05,203 - SpareERP - INFO - AI Cache: 221 vehicle models, 359 part keywords
2026-02-16 17:05:06,872 - SpareERP - INFO - Lazy loading page: Settings
2026-02-16 17:05:08,665 - SpareERP - INFO - Lazy loading page: Access
2026-02-16 17:05:22,593 - SpareERP - INFO - User updated: ID 2
2026-02-16 17:05:34,741 - SpareERP - INFO - Cascaded username change from 12345 to 123
2026-02-16 17:05:34,745 - SpareERP - INFO - User updated: ID 1
2026-02-16 17:05:46,763 - SpareERP - INFO - User updated: ID 2
2026-02-16 17:05:54,602 - SpareERP - INFO - User updated: ID 2
2026-02-16 17:06:00,300 - SpareERP - INFO - Application starting...
2026-02-16 17:06:02,096 - SpareERP - INFO - Database tables initialized.
2026-02-16 17:06:02,107 - SpareERP - INFO - Database indexes created successfully for performance optimization.
2026-02-16 17:06:02,108 - SpareERP - INFO - Database initialized at c:\Users\Admin\Desktop\spare_ERP\data\spareparts_pro.db
2026-02-16 17:06:08,261 - SpareERP - INFO - Launching Login Window...
2026-02-16 17:06:20,091 - SpareERP - INFO - User aman logged in successfully
2026-02-16 17:06:20,108 - SpareERP - INFO - User authenticated as STAFF. Launching Main Window.
2026-02-16 17:06:20,110 - SpareERP - INFO - Initializing MainWindow...
2026-02-16 17:06:20,132 - SpareERP - INFO - Keyboard shortcuts configured successfully.
2026-02-16 17:06:20,208 - SpareERP - INFO - Lazy loading page: Dashboard
2026-02-16 17:06:20,322 - SpareERP - INFO - AI Cache: 221 vehicle models, 359 part keywords
2026-02-16 17:06:21,767 - SpareERP - INFO - Lazy loading page: Billing
2026-02-16 17:06:22,440 - SpareERP - INFO - Lazy loading page: Inventory
2026-02-16 17:06:22,725 - SpareERP - INFO - Initializing InventoryPage...
2026-02-16 17:06:22,757 - SpareERP - INFO - InventoryPage Initialized Successfully.
2026-02-16 17:06:23,633 - SpareERP - INFO - Lazy loading page: Reports
2026-02-16 17:06:24,527 - SpareERP - INFO - Lazy loading page: Orders
2026-02-16 17:06:25,319 - SpareERP - INFO - Lazy loading page: Access
2026-02-16 17:18:52,601 - SpareERP - INFO - Application starting...
2026-02-16 17:18:54,489 - SpareERP - INFO - Database tables initialized.
2026-02-16 17:18:54,500 - SpareERP - INFO - Database indexes created successfully for performance optimization.
2026-02-16 17:18:54,500 - SpareERP - INFO - Database initialized at c:\Users\Admin\Desktop\spare_ERP\data\spareparts_pro.db
2026-02-16 17:19:00,159 - SpareERP - INFO - Launching Login Window...
2026-02-16 17:19:38,036 - SpareERP - INFO - User aman logged in successfully
2026-02-16 17:19:38,056 - SpareERP - INFO - User authenticated as STAFF. Launching Main Window.
2026-02-16 17:19:38,057 - SpareERP - INFO - Initializing MainWindow...
2026-02-16 17:19:38,084 - SpareERP - INFO - Keyboard shortcuts configured successfully.
2026-02-16 17:19:38,157 - SpareERP - INFO - Lazy loading page: Dashboard
2026-02-16 17:19:38,272 - SpareERP - INFO - AI Cache: 221 vehicle models, 359 part keywords
2026-02-16 17:19:44,087 - SpareERP - INFO - Lazy loading page: Billing
2026-02-16 17:19:44,640 - SpareERP - INFO - Lazy loading page: Inventory
2026-02-16 17:19:44,887 - SpareERP - INFO - Initializing InventoryPage...
2026-02-16 17:19:44,924 - SpareERP - INFO - InventoryPage Initialized Successfully.
2026-02-16 17:19:45,799 - SpareERP - INFO - Lazy loading page: Reports
2026-02-16 17:19:45,883 - SpareERP - INFO - Lazy loading page: Orders
2026-02-16 17:19:46,384 - SpareERP - INFO - Lazy loading page: Access
2026-02-16 17:19:47,280 - SpareERP - INFO - Lazy loading page: Settings
2026-02-16 17:20:05,252 - SpareERP - INFO - Application starting...
2026-02-16 17:20:07,039 - SpareERP - INFO - Database tables initialized.
2026-02-16 17:20:07,050 - SpareERP - INFO - Database indexes created successfully for performance optimization.
2026-02-16 17:20:07,050 - SpareERP - INFO - Database initialized at c:\Users\Admin\Desktop\spare_ERP\data\spareparts_pro.db
2026-02-16 17:20:12,742 - SpareERP - INFO - Launching Login Window...
2026-02-16 17:20:22,811 - SpareERP - INFO - User 123 logged in successfully
2026-02-16 17:20:22,831 - SpareERP - INFO - User authenticated as ADMIN. Launching Main Window.
2026-02-16 17:20:22,833 - SpareERP - INFO - Initializing MainWindow...
2026-02-16 17:20:22,862 - SpareERP - INFO - Keyboard shortcuts configured successfully.
2026-02-16 17:20:22,933 - SpareERP - INFO - Lazy loading page: Dashboard
2026-02-16 17:20:23,045 - SpareERP - INFO - AI Cache: 221 vehicle models, 359 part keywords
2026-02-16 17:20:24,887 - SpareERP - INFO - Lazy loading page: Settings
2026-02-16 17:20:26,552 - SpareERP - INFO - Lazy loading page: Access
2026-02-16 17:20:49,089 - SpareERP - INFO - User updated: ID 2
2026-02-16 17:20:54,992 - SpareERP - INFO - Application starting...
2026-02-16 17:20:56,775 - SpareERP - INFO - Database tables initialized.
2026-02-16 17:20:56,786 - SpareERP - INFO - Database indexes created successfully for performance optimization.
2026-02-16 17:20:56,787 - SpareERP - INFO - Database initialized at c:\Users\Admin\Desktop\spare_ERP\data\spareparts_pro.db
2026-02-16 17:21:01,830 - SpareERP - INFO - Launching Login Window...
2026-02-16 17:21:08,779 - SpareERP - INFO - User aman logged in successfully
2026-02-16 17:21:08,797 - SpareERP - INFO - User authenticated as STAFF. Launching Main Window.
2026-02-16 17:21:08,799 - SpareERP - INFO - Initializing MainWindow...
2026-02-16 17:21:08,816 - SpareERP - INFO - Keyboard shortcuts configured successfully.
2026-02-16 17:21:08,897 - SpareERP - INFO - Lazy loading page: Dashboard
2026-02-16 17:21:09,004 - SpareERP - INFO - AI Cache: 221 vehicle models, 359 part keywords
2026-02-16 17:21:11,290 - SpareERP - INFO - Lazy loading page: Reports
2026-02-16 17:21:11,960 - SpareERP - INFO - Lazy loading page: Orders
2026-02-16 17:27:13,457 - SpareERP - INFO - Application starting...
2026-02-16 17:27:15,289 - SpareERP - INFO - Database tables initialized.
2026-02-16 17:27:15,301 - SpareERP - INFO - Database indexes created successfully for performance optimization.
2026-02-16 17:27:15,302 - SpareERP - INFO - Database initialized at c:\Users\Admin\Desktop\spare_ERP\data\spareparts_pro.db
2026-02-16 17:27:20,570 - SpareERP - INFO - Launching Login Window...
2026-02-16 17:27:34,472 - SpareERP - INFO - User 123 logged in successfully
2026-02-16 17:27:34,496 - SpareERP - INFO - User authenticated as ADMIN. Launching Main Window.
2026-02-16 17:27:34,497 - SpareERP - INFO - Initializing MainWindow...
2026-02-16 17:27:34,523 - SpareERP - INFO - Keyboard shortcuts configured successfully.
2026-02-16 17:27:34,603 - SpareERP - INFO - Lazy loading page: Dashboard
2026-02-16 17:27:34,717 - SpareERP - INFO - AI Cache: 221 vehicle models, 359 part keywords
2026-02-16 17:27:36,748 - SpareERP - INFO - Lazy loading page: Billing
2026-02-16 17:27:37,836 - SpareERP - INFO - Lazy loading page: Inventory
2026-02-16 17:27:38,115 - SpareERP - INFO - Initializing InventoryPage...
2026-02-16 17:27:38,147 - SpareERP - INFO - InventoryPage Initialized Successfully.
2026-02-16 17:27:39,028 - SpareERP - INFO - Lazy loading page: Reports
2026-02-16 17:27:39,260 - SpareERP - INFO - Lazy loading page: Expenses
2026-02-16 17:27:39,269 - SpareERP - INFO - AI Cache: 221 vehicle models, 359 part keywords
2026-02-16 17:27:39,277 - SpareERP - INFO - Query all expenses: 0 found
2026-02-16 17:27:39,277 - SpareERP - INFO - Querying ALL expenses
2026-02-16 17:27:39,277 - SpareERP - INFO - Found 0 expense entries
2026-02-16 17:27:39,278 - SpareERP - INFO - No expenses found in last 30 days
2026-02-16 17:27:40,277 - SpareERP - INFO - Lazy loading page: Orders
2026-02-16 17:27:41,399 - SpareERP - INFO - Lazy loading page: Access
2026-02-16 17:27:42,052 - SpareERP - INFO - Lazy loading page: Settings
2026-02-16 17:32:32,898 - SpareERP - INFO - Application starting...
2026-02-16 17:32:34,803 - SpareERP - INFO - Database tables initialized.
2026-02-16 17:32:34,816 - SpareERP - INFO - Database indexes created successfully for performance optimization.
2026-02-16 17:32:34,817 - SpareERP - INFO - Database initialized at c:\Users\Admin\Desktop\spare_ERP\data\spareparts_pro.db
2026-02-16 17:32:43,017 - SpareERP - INFO - License activated successfully.
2026-02-16 17:32:44,561 - SpareERP - INFO - Launching Login Window...
2026-02-16 17:36:43,291 - SpareERP - INFO - User 123 logged in successfully
2026-02-16 17:36:43,312 - SpareERP - INFO - User authenticated as ADMIN. Launching Main Window.
2026-02-16 17:36:43,313 - SpareERP - INFO - Initializing MainWindow...
2026-02-16 17:36:43,340 - SpareERP - INFO - Keyboard shortcuts configured successfully.
2026-02-16 17:36:43,403 - SpareERP - INFO - Lazy loading page: Dashboard
2026-02-16 17:36:43,509 - SpareERP - INFO - AI Cache: 221 vehicle models, 359 part keywords
2026-02-16 17:36:50,823 - SpareERP - INFO - Lazy loading page: Reports
2026-02-16 17:36:52,543 - SpareERP - INFO - Lazy loading page: Orders
2026-02-16 17:53:39,586 - SpareERP - INFO - Application starting...
2026-02-16 17:53:41,499 - SpareERP - INFO - Database tables initialized.
2026-02-16 17:53:41,513 - SpareERP - INFO - Migrated schema: Added hardware_id to app_license table
2026-02-16 17:53:41,517 - SpareERP - INFO - Database indexes created successfully for performance optimization.
2026-02-16 17:53:41,518 - SpareERP - INFO - Database initialized at c:\Users\Admin\Desktop\spare_ERP\data\spareparts_pro.db
2026-02-16 17:53:44,420 - SpareERP - INFO - Hardware ID: HWID-5DD9471598B4450D
2026-02-16 17:53:45,237 - SpareERP - INFO - Launching Login Window...
2026-02-16 17:53:58,562 - SpareERP - INFO - User 123 logged in successfully
2026-02-16 17:53:58,577 - SpareERP - INFO - User authenticated as ADMIN. Launching Main Window.
2026-02-16 17:53:58,579 - SpareERP - INFO - Initializing MainWindow...
2026-02-16 17:53:58,600 - SpareERP - INFO - Keyboard shortcuts configured successfully.
2026-02-16 17:53:58,666 - SpareERP - INFO - Lazy loading page: Dashboard
2026-02-16 17:53:58,798 - SpareERP - INFO - AI Cache: 221 vehicle models, 359 part keywords
2026-02-16 17:55:05,293 - SpareERP - INFO - Application starting...
2026-02-16 17:55:07,146 - SpareERP - INFO - Database tables initialized.
2026-02-16 17:55:07,159 - SpareERP - INFO - Database indexes created successfully for performance optimization.
2026-02-16 17:55:07,159 - SpareERP - INFO - Database initialized at c:\Users\Admin\Desktop\spare_ERP\data\spareparts_pro.db
2026-02-16 17:55:10,141 - SpareERP - INFO - Hardware ID: HWID-5DD9471598B4450D
2026-02-16 17:55:10,756 - SpareERP - INFO - Launching Login Window...
2026-02-16 17:55:27,673 - SpareERP - INFO - User 123 logged in successfully
2026-02-16 17:55:27,688 - SpareERP - INFO - User authenticated as ADMIN. Launching Main Window.
2026-02-16 17:55:27,690 - SpareERP - INFO - Initializing MainWindow...
2026-02-16 17:55:27,711 - SpareERP - INFO - Keyboard shortcuts configured successfully.
2026-02-16 17:55:27,786 - SpareERP - INFO - Lazy loading page: Dashboard
2026-02-16 17:55:27,931 - SpareERP - INFO - AI Cache: 221 vehicle models, 359 part keywords
2026-02-16 17:55:36,661 - SpareERP - INFO - Lazy loading page: Billing
2026-02-16 17:55:41,341 - SpareERP - INFO - Lazy loading page: Reports
2026-02-16 17:55:41,990 - SpareERP - INFO - Lazy loading page: Expenses
2026-02-16 17:55:42,012 - SpareERP - INFO - AI Cache: 221 vehicle models, 359 part keywords
2026-02-16 17:55:42,023 - SpareERP - INFO - Query all expenses: 0 found
2026-02-16 17:55:42,023 - SpareERP - INFO - Querying ALL expenses
2026-02-16 17:55:42,023 - SpareERP - INFO - Found 0 expense entries
2026-02-16 17:55:42,024 - SpareERP - INFO - No expenses found in last 30 days
2026-02-16 17:55:44,540 - SpareERP - INFO - Lazy loading page: Orders
2026-02-16 17:55:46,221 - SpareERP - INFO - Lazy loading page: Access
2026-02-16 17:55:49,509 - SpareERP - INFO - Lazy loading page: Inventory
2026-02-16 17:55:49,509 - SpareERP - INFO - Initializing InventoryPage...
2026-02-16 17:55:49,543 - SpareERP - INFO - InventoryPage Initialized Successfully.
2026-02-16 17:57:37,498 - SpareERP - INFO - Application starting...
2026-02-16 17:57:39,399 - SpareERP - INFO - Database tables initialized.
2026-02-16 17:57:39,412 - SpareERP - INFO - Database indexes created successfully for performance optimization.
2026-02-16 17:57:39,412 - SpareERP - INFO - Database initialized at c:\Users\Admin\Desktop\spare_ERP\data\spareparts_pro.db
2026-02-16 17:57:42,298 - SpareERP - INFO - Hardware ID: HWID-5DD9471598B4450D
2026-02-16 17:57:42,893 - SpareERP - INFO - Launching Login Window...
2026-02-16 18:00:26,129 - SpareERP - INFO - Application starting...
2026-02-16 18:00:28,061 - SpareERP - INFO - Database tables initialized.
2026-02-16 18:00:28,073 - SpareERP - INFO - Database indexes created successfully for performance optimization.
2026-02-16 18:00:28,073 - SpareERP - INFO - Database initialized at c:\Users\Admin\Desktop\spare_ERP\data\spareparts_pro.db
2026-02-16 18:00:30,924 - SpareERP - INFO - Hardware ID: HWID-5DD9471598B4450D
2026-02-16 18:00:30,934 - SpareERP - CRITICAL - Unhandled exception in main loop: name 'QHBoxLayout' is not defined
Traceback (most recent call last):
  File "c:\Users\Admin\Desktop\spare_ERP\main.py", line 348, in main
    dlg = HardwareIDDialog(hwid, verifier)
  File "c:\Users\Admin\Desktop\spare_ERP\main.py", line 185, in __init__
    btn_layout = QHBoxLayout()
                 ^^^^^^^^^^^
NameError: name 'QHBoxLayout' is not defined. Did you mean: 'QVBoxLayout'?
2026-02-16 18:03:17,020 - SpareERP - INFO - Application starting...
2026-02-16 18:03:18,840 - SpareERP - INFO - Database tables initialized.
2026-02-16 18:03:18,851 - SpareERP - INFO - Database indexes created successfully for performance optimization.
2026-02-16 18:03:18,852 - SpareERP - INFO - Database initialized at c:\Users\Admin\Desktop\spare_ERP\data\spareparts_pro.db
2026-02-16 18:03:21,857 - SpareERP - INFO - Hardware ID: HWID-5DD9471598B4450D
2026-02-16 18:04:03,982 - SpareERP - INFO - License Check Failed/Cancelled. Exiting.
2026-02-16 18:04:14,168 - SpareERP - INFO - Application starting...
2026-02-16 18:04:15,954 - SpareERP - INFO - Database tables initialized.
2026-02-16 18:04:15,965 - SpareERP - INFO - Database indexes created successfully for performance optimization.
2026-02-16 18:04:15,965 - SpareERP - INFO - Database initialized at c:\Users\Admin\Desktop\spare_ERP\data\spareparts_pro.db
2026-02-16 18:04:18,984 - SpareERP - INFO - Hardware ID: HWID-5DD9471598B4450D
2026-02-16 18:05:12,582 - SpareERP - INFO - License Check Failed/Cancelled. Exiting.
2026-02-16 18:06:40,128 - SpareERP - INFO - Application starting...
2026-02-16 18:06:41,889 - SpareERP - INFO - Database tables initialized.
2026-02-16 18:06:41,899 - SpareERP - INFO - Database indexes created successfully for performance optimization.
2026-02-16 18:06:41,899 - SpareERP - INFO - Database initialized at c:\Users\Admin\Desktop\spare_ERP\data\spareparts_pro.db
2026-02-16 18:06:44,920 - SpareERP - INFO - Hardware ID: HWID-5DD9471598B4450D
2026-02-16 18:09:05,268 - SpareERP - INFO - Application starting...
2026-02-16 18:09:07,091 - SpareERP - INFO - Database tables initialized.
2026-02-16 18:09:07,102 - SpareERP - INFO - Database indexes created successfully for performance optimization.
2026-02-16 18:09:07,103 - SpareERP - INFO - Database initialized at c:\Users\Admin\Desktop\spare_ERP\data\spareparts_pro.db
2026-02-16 18:09:10,072 - SpareERP - INFO - Hardware ID: HWID-5DD9471598B4450D
2026-02-16 18:09:43,563 - SpareERP - INFO - License Check Failed/Cancelled. Exiting.
2026-02-16 18:09:59,277 - SpareERP - INFO - Application starting...
2026-02-16 18:10:01,061 - SpareERP - INFO - Database tables initialized.
2026-02-16 18:10:01,075 - SpareERP - INFO - Database indexes created successfully for performance optimization.
2026-02-16 18:10:01,075 - SpareERP - INFO - Database initialized at c:\Users\Admin\Desktop\spare_ERP\data\spareparts_pro.db
2026-02-16 18:10:04,142 - SpareERP - INFO - Hardware ID: HWID-5DD9471598B4450D
2026-02-16 18:10:28,205 - SpareERP - INFO - Activation attempt - HWID: HWID-5DD9471598B4450D, Key: QXN24ozLXAMCAcrb305dhVjL3WdF3zTst9TRbX0gplql+fRfUFTX4juHWq3Xwx7o0tlnIKKpRUCGuQT32TAwWXarrXrgpWy1zKh9rRTJXxmHyc2tHDbWhRjo5vyJk3wdinr2zuH7X87n0aV3X4JEv15jcHB3NgUlSyw6ewY40fBLpSy95zrnxYxz6QcFBUT/ovH6LmaIX5eMlzWDZmIoFfv27PxWmhbm7H4QW881rrKFogdofKpIh1mBQJS01bTkcdn89kOl5kQyx3tDlF+zPv+Ztj/WUfULubK485qYGK12jhXU14j15lPdq81pDXwfKqNNLOlnZ7079nI4gfH2yA==
2026-02-16 18:10:28,206 - SpareERP - INFO - Verification result: False
2026-02-16 18:10:52,197 - SpareERP - INFO - Activation attempt - HWID: HWID-5DD9471598B4450D, Key: QXN24ozLXAMCAcrb305dhVjL3WdF3zTst9TRbX0gplql+fRfUFTX4juHWq3Xwx7o0tlnIKKpRUCGuQT32TAwWXarrXrgpWy1zKh9rRTJXxmHyc2tHDbWhRjo5vyJk3wdinr2zuH7X87n0aV3X4JEv15jcHB3NgUlSyw6ewY40fBLpSy95zrnxYxz6QcFBUT/ovH6LmaIX5eMlzWDZmIoFfv27PxWmhbm7H4QW881rrKFogdofKpIh1mBQJS01bTkcdn89kOl5kQyx3tDlF+zPv+Ztj/WUfULubK485qYGK12jhXU14j15lPdq81pDXwfKqNNLOlnZ7079nI4gfH2yA==
2026-02-16 18:10:52,197 - SpareERP - INFO - Verification result: False
2026-02-16 18:10:55,035 - SpareERP - INFO - License Check Failed/Cancelled. Exiting.
2026-02-16 18:12:04,544 - SpareERP - INFO - Application starting...
2026-02-16 18:12:06,467 - SpareERP - INFO - Database tables initialized.
2026-02-16 18:12:06,478 - SpareERP - INFO - Database indexes created successfully for performance optimization.
2026-02-16 18:12:06,479 - SpareERP - INFO - Database initialized at c:\Users\Admin\Desktop\spare_ERP\data\spareparts_pro.db
2026-02-16 18:12:09,407 - SpareERP - INFO - Hardware ID: HWID-5DD9471598B4450D
2026-02-16 18:12:30,780 - SpareERP - INFO - Activation attempt - HWID: HWID-5DD9471598B4450D, Key: Vk3emHlnFE8BOtw5N9nUcdDGYFAH3GYpbZRqm+tDSmaP5tUeWGRAfk7T57Fte2eFOXUie0HtQvwFiKWgtI584SQuY46MuL8MGXBQlzXEnqBvsCyXyT8XYESrKo3lbLnsk3ue5cl8FjAEZ0xz+MvVjEkH3iXEikfcc2I0A21Gs56gI9IyN+M6Hd91N70+GkliU2en+Lh6Yt5WcTE+lgNI6fzW6Sf4RlPnBBtKTNSIaTlVmNn0RHwmhyAfU/zeQ4szaBVoLxiEerTXi724SORtVckszmaZ6ZQmOQQY5bIo02/+QpayqSw3aNK9kfr8jVXivFc6aD4eVTL0/TF5A7qZ/w==
2026-02-16 18:12:30,780 - SpareERP - INFO - Verification result: False
2026-02-16 18:12:33,588 - SpareERP - INFO - Activation attempt - HWID: HWID-5DD9471598B4450D, Key: Vk3emHlnFE8BOtw5N9nUcdDGYFAH3GYpbZRqm+tDSmaP5tUeWGRAfk7T57Fte2eFOXUie0HtQvwFiKWgtI584SQuY46MuL8MGXBQlzXEnqBvsCyXyT8XYESrKo3lbLnsk3ue5cl8FjAEZ0xz+MvVjEkH3iXEikfcc2I0A21Gs56gI9IyN+M6Hd91N70+GkliU2en+Lh6Yt5WcTE+lgNI6fzW6Sf4RlPnBBtKTNSIaTlVmNn0RHwmhyAfU/zeQ4szaBVoLxiEerTXi724SORtVckszmaZ6ZQmOQQY5bIo02/+QpayqSw3aNK9kfr8jVXivFc6aD4eVTL0/TF5A7qZ/w==
2026-02-16 18:12:33,589 - SpareERP - INFO - Verification result: False
2026-02-16 18:12:35,754 - SpareERP - INFO - License Check Failed/Cancelled. Exiting.
2026-02-16 18:14:51,571 - SpareERP - INFO - Application starting...
2026-02-16 18:14:53,354 - SpareERP - INFO - Database tables initialized.
2026-02-16 18:14:53,365 - SpareERP - INFO - Database indexes created successfully for performance optimization.
2026-02-16 18:14:53,366 - SpareERP - INFO - Database initialized at c:\Users\Admin\Desktop\spare_ERP\data\spareparts_pro.db
2026-02-16 18:14:56,406 - SpareERP - INFO - Hardware ID: HWID-5DD9471598B4450D
2026-02-16 18:15:19,099 - SpareERP - INFO - Activation attempt - HWID: HWID-5DD9471598B4450D, Key: OV1sYdM61zlJyGwt/+CqTfMtk1wMyuYUMDEs/BqOxCmwIztswUc1yQ5ce0j9cxv9vhrqyiWZqserIeZ0VF+oO4xuChU1ySU+hKw4THb5AA2zP55G6RfS8olSlgHffCYp708+saisNA09uhIEewlSn/s1NniAjVu4hWhhlqkDVV/Z9QNAKccONtln9l9JPCAmZjv8sl3xnq4cYrb38geoWlKegelYYEe+0YrEIX60/IhC5Y+vYjNNenxuM0ZF03/QX+xxREw4+9TAUAFT/ssp51LqZ4bsXlBKsOyQ4cM1sNfyJL+qcUZR2IxUMzs+i+N2qJ/yijm3PpeNBlrhcq0inw==
2026-02-16 18:15:19,099 - SpareERP - INFO - Verification result: False
2026-02-16 18:15:21,768 - SpareERP - INFO - License Check Failed/Cancelled. Exiting.
2026-02-16 18:15:44,381 - SpareERP - INFO - Application starting...
2026-02-16 18:15:46,194 - SpareERP - INFO - Database tables initialized.
2026-02-16 18:15:46,207 - SpareERP - INFO - Database indexes created successfully for performance optimization.
2026-02-16 18:15:46,207 - SpareERP - INFO - Database initialized at c:\Users\Admin\Desktop\spare_ERP\data\spareparts_pro.db
2026-02-16 18:15:49,186 - SpareERP - INFO - Hardware ID: HWID-5DD9471598B4450D
2026-02-16 18:16:14,946 - SpareERP - INFO - Activation attempt - HWID: HWID-5DD9471598B4450D, Key: SPRO-537DE-928CE-5186C-CCF87
2026-02-16 18:16:14,947 - SpareERP - INFO - Verification result: True
2026-02-16 18:16:14,953 - SpareERP - INFO - Hardware-locked license activated for HWID-5DD9471598B4450D
2026-02-16 18:16:16,168 - SpareERP - INFO - Launching Login Window...
2026-02-16 18:16:33,782 - SpareERP - INFO - User 123 logged in successfully
2026-02-16 18:16:33,807 - SpareERP - INFO - User authenticated as ADMIN. Launching Main Window.
2026-02-16 18:16:33,808 - SpareERP - INFO - Initializing MainWindow...
2026-02-16 18:16:33,830 - SpareERP - INFO - Keyboard shortcuts configured successfully.
2026-02-16 18:16:33,878 - SpareERP - INFO - Lazy loading page: Dashboard
2026-02-16 18:16:33,980 - SpareERP - INFO - AI Cache: 221 vehicle models, 359 part keywords
2026-02-17 10:16:29,652 - SpareERP - INFO - Application starting...
2026-02-17 10:16:39,006 - SpareERP - INFO - Database tables initialized.
2026-02-17 10:16:39,036 - SpareERP - INFO - Database indexes created successfully for performance optimization.
2026-02-17 10:16:39,037 - SpareERP - INFO - Database initialized at c:\Users\Admin\Desktop\spare_ERP\data\spareparts_pro.db
2026-02-17 10:16:39,107 - SpareERP - INFO - Hardware ID: HWID-5DD9471598B4450D
2026-02-17 10:16:48,857 - SpareERP - INFO - Launching Login Window...
2026-02-17 10:16:56,592 - SpareERP - INFO - User 123 logged in successfully
2026-02-17 10:16:56,611 - SpareERP - INFO - User authenticated as ADMIN. Launching Main Window.
2026-02-17 10:16:56,614 - SpareERP - INFO - Initializing MainWindow...
2026-02-17 10:16:56,643 - SpareERP - INFO - Keyboard shortcuts configured successfully.
2026-02-17 10:16:56,757 - SpareERP - INFO - Lazy loading page: Dashboard
2026-02-17 10:16:57,391 - SpareERP - INFO - AI Cache: 221 vehicle models, 359 part keywords
2026-02-17 10:17:02,179 - SpareERP - INFO - Lazy loading page: Billing
2026-02-17 10:17:03,340 - SpareERP - INFO - Lazy loading page: Inventory
2026-02-17 10:17:03,773 - SpareERP - INFO - Initializing InventoryPage...
2026-02-17 10:17:03,813 - SpareERP - INFO - InventoryPage Initialized Successfully.
2026-02-17 10:17:14,316 - SpareERP - INFO - Lazy loading page: Settings
2026-02-17 10:17:18,379 - SpareERP - INFO - Backup created successfully: backup_2026-02-17_10-17-18.db
2026-02-17 10:56:26,301 - SpareERP - INFO - Application starting...
2026-02-17 10:56:31,385 - SpareERP - INFO - Database tables initialized.
2026-02-17 10:56:31,394 - SpareERP - INFO - Database indexes created successfully for performance optimization.
2026-02-17 10:56:31,394 - SpareERP - INFO - Database initialized at c:\Users\Admin\Desktop\spare_ERP\data\spareparts_pro.db
2026-02-17 10:56:31,407 - SpareERP - INFO - Hardware ID: HWID-5DD9471598B4450D
2026-02-17 10:56:40,261 - SpareERP - INFO - Launching Login Window...
2026-02-17 10:56:48,385 - SpareERP - INFO - User 123 logged in successfully
2026-02-17 10:56:48,404 - SpareERP - INFO - User authenticated as ADMIN. Launching Main Window.
2026-02-17 10:56:48,405 - SpareERP - INFO - Initializing MainWindow...
2026-02-17 10:56:48,424 - SpareERP - INFO - Keyboard shortcuts configured successfully.
2026-02-17 10:56:48,496 - SpareERP - INFO - Lazy loading page: Dashboard
2026-02-17 10:56:48,973 - SpareERP - INFO - AI Cache: 221 vehicle models, 359 part keywords
2026-02-17 10:56:52,257 - SpareERP - INFO - Lazy loading page: Billing
2026-02-17 10:56:52,964 - SpareERP - INFO - Lazy loading page: Inventory
2026-02-17 10:56:53,291 - SpareERP - INFO - Initializing InventoryPage...
2026-02-17 10:56:53,323 - SpareERP - INFO - InventoryPage Initialized Successfully.
2026-02-17 11:25:12,826 - SpareERP - INFO - Generated new Invoice ID: INV-1003
2026-02-17 11:25:12,833 - SpareERP - INFO - Invoice saved: INV-1003
2026-02-17 11:25:12,833 - SpareERP - INFO - Invoice generated: INV-1003 for VIPIN KUMAR
2026-02-17 11:25:12,839 - SpareERP - INFO - Part sold: TR600080, Qty: 1, Inv: INV-1003
2026-02-17 11:25:12,846 - SpareERP - INFO - Part sold: TR600220, Qty: 1, Inv: INV-1003
2026-02-17 11:25:12,852 - SpareERP - INFO - Part sold: TR600030, Qty: 1, Inv: INV-1003
2026-02-17 11:25:12,859 - SpareERP - INFO - Part sold: M1080540, Qty: 1, Inv: INV-1003
2026-02-17 11:25:12,862 - SpareERP - INFO - Generating PDF with Theme: 'Executive (Black/Gold)' for Invoice: INV-1003
2026-02-17 11:25:14,075 - SpareERP - INFO - Sending WhatsApp for INV-1003 to 9061918853
2026-02-17 11:35:40,858 - SpareERP - WARNING - Duplicate part entry attempted: LC100
2026-02-17 11:35:41,978 - SpareERP - INFO - Part saved: LC100 - GENERAL SERVICE BIKE
2026-02-17 11:37:21,445 - SpareERP - INFO - Lazy loading page: Orders
2026-02-17 11:37:25,790 - SpareERP - INFO - Lazy loading page: Reports
2026-02-17 11:57:55,773 - SpareERP - INFO - Lazy loading page: Expenses
2026-02-17 11:57:55,813 - SpareERP - INFO - AI Cache: 221 vehicle models, 359 part keywords
2026-02-17 11:57:55,822 - SpareERP - INFO - Query all expenses: 0 found
2026-02-17 11:57:55,823 - SpareERP - INFO - Querying ALL expenses
2026-02-17 11:57:55,823 - SpareERP - INFO - Found 0 expense entries
2026-02-17 11:57:55,824 - SpareERP - INFO - No expenses found in last 30 days
2026-02-17 12:00:52,616 - SpareERP - INFO - Generated new Invoice ID: INV-1004
2026-02-17 12:00:52,622 - SpareERP - INFO - Invoice saved: INV-1004
2026-02-17 12:00:52,623 - SpareERP - INFO - Invoice generated: INV-1004 for ANKIT PATEL
2026-02-17 12:00:52,629 - SpareERP - INFO - Part sold: TRU4PR001, Qty: 1, Inv: INV-1004
2026-02-17 12:00:52,636 - SpareERP - INFO - Part sold: TR600080, Qty: 1, Inv: INV-1004
2026-02-17 12:00:52,642 - SpareERP - INFO - Part sold: TR600220, Qty: 1, Inv: INV-1004
2026-02-17 12:00:52,649 - SpareERP - INFO - Part sold: NF330201, Qty: 1, Inv: INV-1004
2026-02-17 12:00:52,655 - SpareERP - INFO - Part sold: NF330502, Qty: 1, Inv: INV-1004
2026-02-17 12:00:52,661 - SpareERP - INFO - Part sold: N9092470, Qty: 1, Inv: INV-1004
2026-02-17 12:00:52,668 - SpareERP - INFO - Part sold: LC100, Qty: 1, Inv: INV-1004
2026-02-17 12:00:52,670 - SpareERP - INFO - Generating PDF with Theme: 'Executive (Black/Gold)' for Invoice: INV-1004
2026-02-17 12:00:53,804 - SpareERP - INFO - Sending WhatsApp for INV-1004 to 8081282128
2026-02-17 12:27:14,096 - SpareERP - INFO - Generated new Invoice ID: INV-1005
2026-02-17 12:27:14,102 - SpareERP - INFO - Invoice saved: INV-1005
2026-02-17 12:27:14,103 - SpareERP - INFO - Invoice generated: INV-1005 for AMIT KUMAR
2026-02-17 12:27:14,109 - SpareERP - INFO - Part sold: TR600080, Qty: 1, Inv: INV-1005
2026-02-17 12:27:14,115 - SpareERP - INFO - Part sold: TR600220, Qty: 1, Inv: INV-1005
2026-02-17 12:27:14,121 - SpareERP - INFO - Part sold: NF330201, Qty: 1, Inv: INV-1005
2026-02-17 12:27:14,128 - SpareERP - INFO - Part sold: TRU4PR001, Qty: 1, Inv: INV-1005
2026-02-17 12:27:14,130 - SpareERP - INFO - Generating PDF with Theme: 'Executive (Black/Gold)' for Invoice: INV-1005
2026-02-17 12:27:15,211 - SpareERP - INFO - Sending WhatsApp for INV-1005 to 6386659254
2026-02-17 13:07:42,529 - SpareERP - INFO - Database tables initialized.
2026-02-17 13:07:42,562 - SpareERP - INFO - Migrated schema: Added items_count to invoices table
2026-02-17 13:07:42,573 - SpareERP - INFO - Migrated schema: Added added_by to parts table
2026-02-17 13:07:42,578 - SpareERP - INFO - Migrated schema: Added last_cost to parts table
2026-02-17 13:07:42,582 - SpareERP - INFO - Migrated schema: Added last_edited_date to parts table
2026-02-17 13:07:42,587 - SpareERP - INFO - Migrated schema: Added recovery_pin to users table
2026-02-17 13:07:42,591 - SpareERP - INFO - Migrated schema: Added hardware_id to app_license table
2026-02-17 13:07:42,641 - SpareERP - INFO - Database indexes created successfully for performance optimization.
2026-02-17 13:07:42,641 - SpareERP - INFO - Database initialized at test_verify.db
2026-02-17 13:07:42,648 - SpareERP - INFO - Part saved: TEST-PART-001 - Test Part
2026-02-17 13:07:42,653 - SpareERP - ERROR - Error adding part: near "part_name": syntax error
2026-02-17 13:46:08,127 - SpareERP - INFO - Database tables initialized.
2026-02-17 13:46:08,156 - SpareERP - INFO - Migrated schema: Added items_count to invoices table
2026-02-17 13:46:08,167 - SpareERP - INFO - Migrated schema: Added added_by to parts table
2026-02-17 13:46:08,171 - SpareERP - INFO - Migrated schema: Added last_cost to parts table
2026-02-17 13:46:08,175 - SpareERP - INFO - Migrated schema: Added last_edited_date to parts table
2026-02-17 13:46:08,180 - SpareERP - INFO - Migrated schema: Added recovery_pin to users table
2026-02-17 13:46:08,184 - SpareERP - INFO - Migrated schema: Added hardware_id to app_license table
2026-02-17 13:46:08,234 - SpareERP - INFO - Database indexes created successfully for performance optimization.
2026-02-17 13:46:08,234 - SpareERP - INFO - Database initialized at test_verify.db
2026-02-17 13:46:08,240 - SpareERP - INFO - Part saved: TEST-PART-001 - Test Part
2026-02-17 13:46:08,249 - SpareERP - INFO - Part saved: TEST-PART-001 - Test Part Updated
2026-02-17 13:47:23,296 - SpareERP - INFO - Application starting...
2026-02-17 13:47:28,480 - SpareERP - INFO - Database tables initialized.
2026-02-17 13:47:28,496 - SpareERP - INFO - Migrated schema: Added last_edited_date to parts table
2026-02-17 13:47:28,500 - SpareERP - INFO - Database indexes created successfully for performance optimization.
2026-02-17 13:47:28,501 - SpareERP - INFO - Database initialized at c:\Users\Admin\Desktop\spare_ERP\data\spareparts_pro.db
2026-02-17 13:47:28,527 - SpareERP - INFO - Hardware ID: HWID-5DD9471598B4450D
2026-02-17 13:47:29,222 - SpareERP - INFO - Launching Login Window...
2026-02-17 13:47:34,657 - SpareERP - INFO - User 123 logged in successfully
2026-02-17 13:47:34,681 - SpareERP - INFO - User authenticated as ADMIN. Launching Main Window.
2026-02-17 13:47:34,685 - SpareERP - INFO - Initializing MainWindow...
2026-02-17 13:47:34,708 - SpareERP - INFO - Keyboard shortcuts configured successfully.
2026-02-17 13:47:34,787 - SpareERP - INFO - Lazy loading page: Dashboard
2026-02-17 13:47:35,467 - SpareERP - INFO - AI Cache: 221 vehicle models, 359 part keywords
2026-02-17 13:47:39,366 - SpareERP - INFO - Lazy loading page: Inventory
2026-02-17 13:47:39,817 - SpareERP - INFO - Initializing InventoryPage...
2026-02-17 13:47:39,878 - SpareERP - INFO - InventoryPage Initialized Successfully.
2026-02-17 13:48:15,988 - SpareERP - INFO - Lazy loading page: Orders
2026-02-17 14:18:39,125 - SpareERP - INFO - Received item 1: 5 @ 114.0
2026-02-17 14:19:14,645 - SpareERP - INFO - Received item 2: 2 @ 53.0
2026-02-17 14:19:32,739 - SpareERP - INFO - Received item 3: 5 @ 49.0
2026-02-17 14:19:47,467 - SpareERP - INFO - Received item 4: 4 @ 40.0
2026-02-17 14:20:12,883 - SpareERP - INFO - Received item 5: 2 @ 161.0
2026-02-17 14:20:39,397 - SpareERP - INFO - Received item 6: 1 @ 99.0
2026-02-17 14:21:05,756 - SpareERP - INFO - Received item 7: 1 @ 117.0
2026-02-17 14:21:22,939 - SpareERP - INFO - Received item 8: 3 @ 96.0
2026-02-17 14:21:37,458 - SpareERP - INFO - Received item 9: 2 @ 506.0
2026-02-17 14:21:43,042 - SpareERP - INFO - Received item 10: 2 @ 272.0
2026-02-17 14:21:46,707 - SpareERP - INFO - Received item 11: 5 @ 1052.0
2026-02-17 14:22:13,152 - SpareERP - INFO - Refreshing page at index 2
2026-02-17 14:22:18,528 - SpareERP - INFO - Refreshing page at index 2
2026-02-17 14:22:41,784 - SpareERP - INFO - Refreshing page at index 2
2026-02-17 14:22:43,472 - SpareERP - INFO - Refreshing page at index 2
2026-02-17 14:29:16,156 - SpareERP - INFO - Database tables initialized.
2026-02-17 14:29:16,196 - SpareERP - INFO - Migrated schema: Added items_count to invoices table
2026-02-17 14:29:16,209 - SpareERP - INFO - Migrated schema: Added added_by to parts table
2026-02-17 14:29:16,243 - SpareERP - INFO - Migrated schema: Added last_cost to parts table
2026-02-17 14:29:16,254 - SpareERP - INFO - Migrated schema: Added last_edited_date to parts table
2026-02-17 14:29:16,282 - SpareERP - INFO - Migrated schema: Added recovery_pin to users table
2026-02-17 14:29:16,293 - SpareERP - INFO - Migrated schema: Added hardware_id to app_license table
2026-02-17 14:29:16,353 - SpareERP - INFO - Database indexes created successfully for performance optimization.
2026-02-17 14:29:16,354 - SpareERP - INFO - Database initialized at test_po_inventory.db
2026-02-17 14:29:16,368 - SpareERP - INFO - Received item 1: 5 @ 100.0
2026-02-17 14:29:37,144 - SpareERP - INFO - Application starting...
2026-02-17 14:29:41,378 - SpareERP - INFO - Database tables initialized.
2026-02-17 14:29:41,390 - SpareERP - INFO - Database indexes created successfully for performance optimization.
2026-02-17 14:29:41,391 - SpareERP - INFO - Database initialized at c:\Users\Admin\Desktop\spare_ERP\data\spareparts_pro.db
2026-02-17 14:29:41,414 - SpareERP - INFO - Hardware ID: HWID-5DD9471598B4450D
2026-02-17 14:29:49,283 - SpareERP - INFO - Launching Login Window...
2026-02-17 14:29:50,377 - SpareERP - INFO - Database tables initialized.
2026-02-17 14:29:50,406 - SpareERP - INFO - Migrated schema: Added items_count to invoices table
2026-02-17 14:29:50,417 - SpareERP - INFO - Migrated schema: Added added_by to parts table
2026-02-17 14:29:50,421 - SpareERP - INFO - Migrated schema: Added last_cost to parts table
2026-02-17 14:29:50,425 - SpareERP - INFO - Migrated schema: Added last_edited_date to parts table
2026-02-17 14:29:50,429 - SpareERP - INFO - Migrated schema: Added recovery_pin to users table
2026-02-17 14:29:50,433 - SpareERP - INFO - Migrated schema: Added hardware_id to app_license table
2026-02-17 14:29:50,478 - SpareERP - INFO - Database indexes created successfully for performance optimization.
2026-02-17 14:29:50,478 - SpareERP - INFO - Database initialized at test_po_inventory.db
2026-02-17 14:29:50,492 - SpareERP - INFO - Received item 1: 5 @ 100.0
2026-02-17 14:29:53,673 - SpareERP - INFO - User 123 logged in successfully
2026-02-17 14:29:53,692 - SpareERP - INFO - User authenticated as ADMIN. Launching Main Window.
2026-02-17 14:29:53,694 - SpareERP - INFO - Initializing MainWindow...
2026-02-17 14:29:53,717 - SpareERP - INFO - Keyboard shortcuts configured successfully.
2026-02-17 14:29:53,806 - SpareERP - INFO - Lazy loading page: Dashboard
2026-02-17 14:29:54,291 - SpareERP - INFO - AI Cache: 221 vehicle models, 359 part keywords
2026-02-17 14:29:58,071 - SpareERP - INFO - Lazy loading page: Inventory
2026-02-17 14:29:58,382 - SpareERP - INFO - Initializing InventoryPage...
2026-02-17 14:29:58,418 - SpareERP - INFO - InventoryPage Initialized Successfully.
2026-02-17 14:30:19,304 - SpareERP - INFO - Database tables initialized.
2026-02-17 14:30:19,337 - SpareERP - INFO - Migrated schema: Added items_count to invoices table
2026-02-17 14:30:19,348 - SpareERP - INFO - Migrated schema: Added added_by to parts table
2026-02-17 14:30:19,354 - SpareERP - INFO - Migrated schema: Added last_cost to parts table
2026-02-17 14:30:19,358 - SpareERP - INFO - Migrated schema: Added last_edited_date to parts table
2026-02-17 14:30:19,365 - SpareERP - INFO - Migrated schema: Added recovery_pin to users table
2026-02-17 14:30:19,370 - SpareERP - INFO - Migrated schema: Added hardware_id to app_license table
2026-02-17 14:30:19,432 - SpareERP - INFO - Database indexes created successfully for performance optimization.
2026-02-17 14:30:19,433 - SpareERP - INFO - Database initialized at test_po_inventory.db
2026-02-17 14:30:19,452 - SpareERP - INFO - Created new part in inventory from PO: NEW-PART-001 - New Test Part
2026-02-17 14:30:19,457 - SpareERP - INFO - Received item 1: 5 @ 100.0
2026-02-17 14:31:03,100 - SpareERP - INFO - Database tables initialized.
2026-02-17 14:31:03,133 - SpareERP - INFO - Migrated schema: Added items_count to invoices table
2026-02-17 14:31:03,145 - SpareERP - INFO - Migrated schema: Added added_by to parts table
2026-02-17 14:31:03,150 - SpareERP - INFO - Migrated schema: Added last_cost to parts table
2026-02-17 14:31:03,155 - SpareERP - INFO - Migrated schema: Added last_edited_date to parts table
2026-02-17 14:31:03,159 - SpareERP - INFO - Migrated schema: Added recovery_pin to users table
2026-02-17 14:31:03,165 - SpareERP - INFO - Migrated schema: Added hardware_id to app_license table
2026-02-17 14:31:03,220 - SpareERP - INFO - Database indexes created successfully for performance optimization.
2026-02-17 14:31:03,220 - SpareERP - INFO - Database initialized at test_po_full.db
2026-02-17 14:31:03,228 - SpareERP - INFO - Part saved: EXIST-001 - Existing Part
2026-02-17 14:31:03,246 - SpareERP - INFO - Received item 1: 10 @ 55.0
2026-02-17 14:31:03,251 - SpareERP - INFO - Created new part in inventory from PO: NEW-002 - New Part from PO
2026-02-17 14:31:03,255 - SpareERP - INFO - Received item 2: 8 @ 75.0
2026-02-17 14:33:04,045 - SpareERP - INFO - Lazy loading page: Orders
2026-02-17 15:32:37,132 - SpareERP - INFO - Lazy loading page: Reports
2026-02-17 15:34:21,856 - SpareERP - INFO - Received item 12: 2 @ 53.0
2026-02-17 15:34:29,911 - SpareERP - INFO - Received item 13: 5 @ 59.0
2026-02-17 15:39:20,948 - SpareERP - INFO - Received item 14: 4 @ 40.0
2026-02-17 15:43:25,762 - SpareERP - INFO - Database tables initialized.
2026-02-17 15:43:25,797 - SpareERP - INFO - Migrated schema: Added items_count to invoices table
2026-02-17 15:43:25,809 - SpareERP - INFO - Migrated schema: Added added_by to parts table
2026-02-17 15:43:25,814 - SpareERP - INFO - Migrated schema: Added last_cost to parts table
2026-02-17 15:43:25,821 - SpareERP - INFO - Migrated schema: Added last_edited_date to parts table
2026-02-17 15:43:25,827 - SpareERP - INFO - Migrated schema: Added recovery_pin to users table
2026-02-17 15:43:25,836 - SpareERP - INFO - Migrated schema: Added hardware_id to app_license table
2026-02-17 15:43:25,842 - SpareERP - INFO - Migrated schema: Added ordered_price to po_items table
2026-02-17 15:43:25,914 - SpareERP - INFO - Database indexes created successfully for performance optimization.
2026-02-17 15:43:25,916 - SpareERP - INFO - Database initialized at test_vendor_workflow.db
2026-02-17 15:43:25,937 - SpareERP - INFO - Created new part in inventory from PO: CAT-PART-001 - Catalog Part 1
2026-02-17 15:43:25,942 - SpareERP - INFO - Received item 1: 10 @ 150.0
2026-02-17 15:44:44,244 - SpareERP - INFO - Application starting...
2026-02-17 15:44:46,083 - SpareERP - INFO - Database tables initialized.
2026-02-17 15:44:46,093 - SpareERP - INFO - Migrated schema: Added ordered_price to po_items table
2026-02-17 15:44:46,096 - SpareERP - INFO - Database indexes created successfully for performance optimization.
2026-02-17 15:44:46,096 - SpareERP - INFO - Database initialized at c:\Users\Admin\Desktop\spare_ERP\data\spareparts_pro.db
2026-02-17 15:44:49,050 - SpareERP - INFO - Hardware ID: HWID-5DD9471598B4450D
2026-02-17 15:44:49,612 - SpareERP - INFO - Launching Login Window...
2026-02-17 15:44:54,684 - SpareERP - INFO - User 123 logged in successfully
2026-02-17 15:44:54,702 - SpareERP - INFO - User authenticated as ADMIN. Launching Main Window.
2026-02-17 15:44:54,704 - SpareERP - INFO - Initializing MainWindow...
2026-02-17 15:44:54,725 - SpareERP - INFO - Keyboard shortcuts configured successfully.
2026-02-17 15:44:54,793 - SpareERP - INFO - Lazy loading page: Dashboard
2026-02-17 15:44:54,911 - SpareERP - INFO - AI Cache: 221 vehicle models, 359 part keywords
2026-02-17 15:44:56,553 - SpareERP - INFO - Lazy loading page: Inventory
2026-02-17 15:44:56,831 - SpareERP - INFO - Initializing InventoryPage...
2026-02-17 15:44:56,869 - SpareERP - INFO - InventoryPage Initialized Successfully.
2026-02-17 15:45:31,907 - SpareERP - WARNING - Duplicate part entry attempted: NF040370
2026-02-17 15:45:33,324 - SpareERP - INFO - Part saved: NF040370 - FILTER HOLDER COMP.
2026-02-17 15:45:44,672 - SpareERP - INFO - Lazy loading page: Orders
2026-02-17 15:46:17,592 - SpareERP - INFO - Received item 15: 5 @ 109.0
2026-02-17 15:47:13,886 - SpareERP - INFO - Created new part in inventory from PO: K140720 - HOSE FUEL 220
2026-02-17 15:47:13,892 - SpareERP - INFO - Received item 16: 2 @ 53.0
2026-02-17 15:50:17,377 - SpareERP - INFO - Application starting...
2026-02-17 15:50:19,159 - SpareERP - INFO - Database tables initialized.
2026-02-17 15:50:19,170 - SpareERP - INFO - Database indexes created successfully for performance optimization.
2026-02-17 15:50:19,170 - SpareERP - INFO - Database initialized at c:\Users\Admin\Desktop\spare_ERP\data\spareparts_pro.db
2026-02-17 15:50:22,206 - SpareERP - INFO - Hardware ID: HWID-5DD9471598B4450D
2026-02-17 15:50:22,793 - SpareERP - INFO - Launching Login Window...
2026-02-17 15:50:27,490 - SpareERP - INFO - User 123 logged in successfully
2026-02-17 15:50:27,507 - SpareERP - INFO - User authenticated as ADMIN. Launching Main Window.
2026-02-17 15:50:27,508 - SpareERP - INFO - Initializing MainWindow...
2026-02-17 15:50:27,536 - SpareERP - INFO - Keyboard shortcuts configured successfully.
2026-02-17 15:50:27,604 - SpareERP - INFO - Lazy loading page: Dashboard
2026-02-17 15:50:27,771 - SpareERP - INFO - AI Cache: 221 vehicle models, 359 part keywords
2026-02-17 15:50:30,877 - SpareERP - INFO - Lazy loading page: Expenses
2026-02-17 15:50:30,890 - SpareERP - INFO - AI Cache: 221 vehicle models, 359 part keywords
2026-02-17 15:50:30,898 - SpareERP - INFO - Query all expenses: 0 found
2026-02-17 15:50:30,899 - SpareERP - INFO - Querying ALL expenses
2026-02-17 15:50:30,899 - SpareERP - INFO - Found 0 expense entries
2026-02-17 15:50:30,899 - SpareERP - INFO - No expenses found in last 30 days
2026-02-17 15:50:32,895 - SpareERP - INFO - Lazy loading page: Orders
2026-02-17 15:51:29,393 - SpareERP - INFO - Received item 17: 2 @ 53.0
2026-02-17 15:51:33,807 - SpareERP - INFO - Lazy loading page: Inventory
2026-02-17 15:51:33,808 - SpareERP - INFO - Initializing InventoryPage...
2026-02-17 15:51:33,862 - SpareERP - INFO - InventoryPage Initialized Successfully.
2026-02-17 15:53:30,559 - SpareERP - INFO - Created new part in inventory from PO: K3040670 - HOSE AIR ENTRY
2026-02-17 15:53:30,563 - SpareERP - INFO - Received item 18: 5 @ 49.0
2026-02-17 16:02:16,532 - SpareERP - INFO - Database tables initialized.
2026-02-17 16:02:16,562 - SpareERP - INFO - Migrated schema: Added items_count to invoices table
2026-02-17 16:02:16,573 - SpareERP - INFO - Migrated schema: Added added_by to parts table
2026-02-17 16:02:16,578 - SpareERP - INFO - Migrated schema: Added last_cost to parts table
2026-02-17 16:02:16,583 - SpareERP - INFO - Migrated schema: Added last_edited_date to parts table
2026-02-17 16:02:16,589 - SpareERP - INFO - Migrated schema: Added recovery_pin to users table
2026-02-17 16:02:16,595 - SpareERP - INFO - Migrated schema: Added hardware_id to app_license table
2026-02-17 16:02:16,601 - SpareERP - INFO - Migrated schema: Added ordered_price to po_items table
2026-02-17 16:02:16,650 - SpareERP - INFO - Database indexes created successfully for performance optimization.
2026-02-17 16:02:16,651 - SpareERP - INFO - Database initialized at spare_parts.db
2026-02-17 16:03:22,104 - SpareERP - INFO - Application starting...
2026-02-17 16:03:23,939 - SpareERP - INFO - Database tables initialized.
2026-02-17 16:03:23,951 - SpareERP - INFO - Database indexes created successfully for performance optimization.
2026-02-17 16:03:23,951 - SpareERP - INFO - Database initialized at c:\Users\Admin\Desktop\spare_ERP\data\spareparts_pro.db
2026-02-17 16:03:26,933 - SpareERP - INFO - Hardware ID: HWID-5DD9471598B4450D
2026-02-17 16:03:27,580 - SpareERP - INFO - Launching Login Window...
2026-02-17 16:03:33,533 - SpareERP - INFO - User 123 logged in successfully
2026-02-17 16:03:33,550 - SpareERP - INFO - User authenticated as ADMIN. Launching Main Window.
2026-02-17 16:03:33,552 - SpareERP - INFO - Initializing MainWindow...
2026-02-17 16:03:33,572 - SpareERP - INFO - Keyboard shortcuts configured successfully.
2026-02-17 16:03:33,640 - SpareERP - INFO - Lazy loading page: Dashboard
2026-02-17 16:03:33,777 - SpareERP - INFO - AI Cache: 221 vehicle models, 360 part keywords
2026-02-17 16:03:35,707 - SpareERP - INFO - Lazy loading page: Inventory
2026-02-17 16:03:36,010 - SpareERP - INFO - Initializing InventoryPage...
2026-02-17 16:03:36,048 - SpareERP - INFO - InventoryPage Initialized Successfully.
2026-02-17 16:05:19,017 - SpareERP - INFO - Lazy loading page: Expenses
2026-02-17 16:05:19,029 - SpareERP - INFO - AI Cache: 221 vehicle models, 360 part keywords
2026-02-17 16:05:19,037 - SpareERP - INFO - Query all expenses: 0 found
2026-02-17 16:05:19,037 - SpareERP - INFO - Querying ALL expenses
2026-02-17 16:05:19,037 - SpareERP - INFO - Found 0 expense entries
2026-02-17 16:05:19,038 - SpareERP - INFO - No expenses found in last 30 days
2026-02-17 16:05:21,264 - SpareERP - INFO - Lazy loading page: Orders
2026-02-17 16:05:22,144 - SpareERP - INFO - Lazy loading page: Access
2026-02-17 16:05:25,491 - SpareERP - INFO - User deleted: ID 44
2026-02-17 16:13:34,313 - SpareERP - INFO - Application starting...
2026-02-17 16:13:36,169 - SpareERP - INFO - Database tables initialized.
2026-02-17 16:13:36,180 - SpareERP - INFO - Database indexes created successfully for performance optimization.
2026-02-17 16:13:36,181 - SpareERP - INFO - Database initialized at c:\Users\Admin\Desktop\spare_ERP\data\spareparts_pro.db
2026-02-17 16:13:39,116 - SpareERP - INFO - Hardware ID: HWID-5DD9471598B4450D
2026-02-17 16:13:39,735 - SpareERP - INFO - Launching Login Window...
2026-02-17 16:13:45,767 - SpareERP - INFO - Login cancelled. Exiting.
2026-02-17 16:15:26,706 - SpareERP - INFO - Application starting...
2026-02-17 16:15:28,534 - SpareERP - INFO - Database tables initialized.
2026-02-17 16:15:28,546 - SpareERP - INFO - Database indexes created successfully for performance optimization.
2026-02-17 16:15:28,547 - SpareERP - INFO - Database initialized at c:\Users\Admin\Desktop\spare_ERP\data\spareparts_pro.db
2026-02-17 16:15:31,530 - SpareERP - INFO - Hardware ID: HWID-5DD9471598B4450D
2026-02-17 16:15:32,131 - SpareERP - INFO - Launching Login Window...
2026-02-17 16:15:46,504 - SpareERP - INFO - User 123 logged in successfully
2026-02-17 16:15:46,521 - SpareERP - INFO - User authenticated as ADMIN. Launching Main Window.
2026-02-17 16:15:46,522 - SpareERP - INFO - Initializing MainWindow...
2026-02-17 16:15:46,542 - SpareERP - INFO - Keyboard shortcuts configured successfully.
2026-02-17 16:15:46,602 - SpareERP - INFO - Lazy loading page: Dashboard
2026-02-17 16:15:46,726 - SpareERP - INFO - AI Cache: 221 vehicle models, 360 part keywords
2026-02-17 16:15:48,571 - SpareERP - INFO - Lazy loading page: Inventory
2026-02-17 16:15:48,834 - SpareERP - INFO - Initializing InventoryPage...
2026-02-17 16:15:48,870 - SpareERP - INFO - InventoryPage Initialized Successfully.
2026-02-17 16:15:49,725 - SpareERP - INFO - Lazy loading page: Billing
2026-02-17 16:15:50,100 - SpareERP - INFO - Lazy loading page: Expenses
2026-02-17 16:15:50,109 - SpareERP - INFO - AI Cache: 221 vehicle models, 360 part keywords
2026-02-17 16:15:50,116 - SpareERP - INFO - Query all expenses: 0 found
2026-02-17 16:15:50,117 - SpareERP - INFO - Querying ALL expenses
2026-02-17 16:15:50,117 - SpareERP - INFO - Found 0 expense entries
2026-02-17 16:15:50,117 - SpareERP - INFO - No expenses found in last 30 days
2026-02-17 16:15:50,947 - SpareERP - INFO - Lazy loading page: Orders
2026-02-17 16:15:52,140 - SpareERP - INFO - Lazy loading page: Access
2026-02-17 16:15:56,099 - SpareERP - INFO - Lazy loading page: Settings
2026-02-17 16:16:04,323 - SpareERP - INFO - Lazy loading page: Reports
2026-02-17 16:46:57,280 - SpareERP - INFO - Application starting...
2026-02-17 16:46:59,130 - SpareERP - INFO - Database tables initialized.
2026-02-17 16:46:59,140 - SpareERP - INFO - Database indexes created successfully for performance optimization.
2026-02-17 16:46:59,141 - SpareERP - INFO - Database initialized at c:\Users\Admin\Desktop\spare_ERP\data\spareparts_pro.db
2026-02-17 16:47:02,069 - SpareERP - INFO - No network config found. Showing Network Setup Dialog.
2026-02-17 16:47:12,284 - SpareERP - INFO - Network config saved: mode=SERVER, server=
2026-02-17 16:47:12,316 - SpareERP - INFO - Hardware ID: HWID-5DD9471598B4450D
2026-02-17 16:47:12,331 - SpareERP - INFO - Launching Login Window...
2026-02-17 16:47:21,116 - SpareERP - INFO - User 123 logged in successfully
2026-02-17 16:47:21,155 - SpareERP - INFO - User authenticated as ADMIN. Launching Main Window.
2026-02-17 16:47:21,156 - SpareERP - INFO - Initializing MainWindow...
2026-02-17 16:47:21,178 - SpareERP - INFO - Keyboard shortcuts configured successfully.
2026-02-17 16:47:21,230 - SpareERP - INFO - Lazy loading page: Dashboard
2026-02-17 16:47:21,352 - SpareERP - INFO - AI Cache: 221 vehicle models, 360 part keywords
2026-02-17 16:47:22,687 - SpareERP - INFO - Lazy loading page: Billing
2026-02-17 16:47:23,483 - SpareERP - INFO - Lazy loading page: Inventory
2026-02-17 16:47:23,773 - SpareERP - INFO - Initializing InventoryPage...
2026-02-17 16:47:23,805 - SpareERP - INFO - InventoryPage Initialized Successfully.
2026-02-17 16:47:24,696 - SpareERP - INFO - Lazy loading page: Settings
2026-02-17 16:47:37,423 - SpareERP - INFO - Lazy loading page: Access
2026-02-17 16:47:38,303 - SpareERP - INFO - Lazy loading page: Orders
2026-02-17 16:47:38,903 - SpareERP - INFO - Lazy loading page: Expenses
2026-02-17 16:47:38,914 - SpareERP - INFO - AI Cache: 221 vehicle models, 360 part keywords
2026-02-17 16:47:38,923 - SpareERP - INFO - Query all expenses: 0 found
2026-02-17 16:47:38,924 - SpareERP - INFO - Querying ALL expenses
2026-02-17 16:47:38,924 - SpareERP - INFO - Found 0 expense entries
2026-02-17 16:47:38,925 - SpareERP - INFO - No expenses found in last 30 days
2026-02-17 16:47:39,648 - SpareERP - INFO - Lazy loading page: Reports
2026-02-17 16:48:06,831 - SpareERP - WARNING - Duplicate part entry attempted: N9325190
2026-02-17 16:48:07,932 - SpareERP - INFO - Part saved: N9325190 - KIT STEERING CONE
2026-02-18 10:39:08,610 - SpareERP - INFO - Application starting...
2026-02-18 10:39:13,923 - SpareERP - INFO - Database tables initialized.
2026-02-18 10:39:13,934 - SpareERP - INFO - Database indexes created successfully for performance optimization.
2026-02-18 10:39:13,935 - SpareERP - INFO - Database initialized at c:\Users\Admin\Desktop\spare_ERP\data\spareparts_pro.db
2026-02-18 10:39:13,970 - SpareERP - INFO - Hardware ID: HWID-5DD9471598B4450D
2026-02-18 10:39:14,573 - SpareERP - INFO - Launching Login Window...
2026-02-18 10:39:23,236 - SpareERP - INFO - User admin logged in successfully
2026-02-18 10:39:23,271 - SpareERP - INFO - User authenticated as ADMIN. Launching Main Window.
2026-02-18 10:39:23,275 - SpareERP - INFO - Initializing MainWindow...
2026-02-18 10:39:23,301 - SpareERP - INFO - Keyboard shortcuts configured successfully.
2026-02-18 10:39:23,375 - SpareERP - INFO - Lazy loading page: Dashboard
2026-02-18 10:39:23,994 - SpareERP - INFO - AI Cache: 221 vehicle models, 360 part keywords
2026-02-18 10:44:31,822 - SpareERP - INFO - Database tables initialized.
2026-02-18 10:44:31,835 - SpareERP - INFO - Database indexes created successfully for performance optimization.
2026-02-18 10:44:31,836 - SpareERP - INFO - Database initialized at data/spareparts_pro.db
2026-02-18 10:44:31,839 - SpareERP - INFO - User admin logged in successfully
2026-02-18 10:44:31,867 - SpareERP - WARNING - Failed login attempt - wrong password for: admin
2026-02-18 10:44:31,871 - SpareERP - WARNING - Failed login attempt - user not found: nouser
2026-02-18 11:39:01,098 - SpareERP - INFO - Application starting...
2026-02-18 11:39:02,922 - SpareERP - INFO - Database tables initialized.
2026-02-18 11:39:02,936 - SpareERP - INFO - Database indexes created successfully for performance optimization.
2026-02-18 11:39:02,937 - SpareERP - INFO - Database initialized at c:\Users\Admin\Desktop\spare_ERP\data\spareparts_pro.db
2026-02-18 11:39:05,929 - SpareERP - INFO - Hardware ID: HWID-5DD9471598B4450D
2026-02-18 11:39:06,771 - SpareERP - INFO - Launching Login Window...
2026-02-18 11:39:14,040 - SpareERP - INFO - User admin logged in successfully
2026-02-18 11:39:14,074 - SpareERP - INFO - User authenticated as ADMIN. Launching Main Window.
2026-02-18 11:39:14,076 - SpareERP - INFO - Initializing MainWindow...
2026-02-18 11:39:14,100 - SpareERP - INFO - Keyboard shortcuts configured successfully.
2026-02-18 11:39:14,174 - SpareERP - INFO - Lazy loading page: Dashboard
2026-02-18 11:39:14,352 - SpareERP - INFO - AI Cache: 221 vehicle models, 360 part keywords
2026-02-18 11:39:18,474 - SpareERP - INFO - Lazy loading page: Orders
2026-02-18 11:43:04,783 - SpareERP - INFO - Application starting...
2026-02-18 11:43:06,829 - SpareERP - INFO - Database tables initialized.
2026-02-18 11:43:06,829 - SpareERP - INFO - Migrating supplier_catalogs: changing UNIQUE constraint from part_code to part_name
2026-02-18 11:43:06,880 - SpareERP - INFO - Database indexes created successfully for performance optimization.
2026-02-18 11:43:06,883 - SpareERP - INFO - Database initialized at c:\Users\Admin\Desktop\spare_ERP\data\spareparts_pro.db
2026-02-18 11:43:09,614 - SpareERP - INFO - Hardware ID: HWID-5DD9471598B4450D
2026-02-18 11:43:10,412 - SpareERP - INFO - Launching Login Window...
2026-02-18 11:43:19,454 - SpareERP - INFO - User admin logged in successfully
2026-02-18 11:43:19,492 - SpareERP - INFO - User authenticated as ADMIN. Launching Main Window.
2026-02-18 11:43:19,494 - SpareERP - INFO - Initializing MainWindow...
2026-02-18 11:43:19,522 - SpareERP - INFO - Keyboard shortcuts configured successfully.
2026-02-18 11:43:19,599 - SpareERP - INFO - Lazy loading page: Dashboard
2026-02-18 11:43:19,773 - SpareERP - INFO - AI Cache: 221 vehicle models, 360 part keywords
2026-02-18 11:43:21,304 - SpareERP - INFO - Lazy loading page: Orders
2026-02-18 11:57:15,810 - SpareERP - INFO - Application starting...
2026-02-18 11:57:21,335 - SpareERP - INFO - Database tables initialized.
2026-02-18 11:57:21,339 - SpareERP - INFO - Added extra_data column to supplier_catalogs
2026-02-18 11:57:21,350 - SpareERP - INFO - Database indexes created successfully for performance optimization.
2026-02-18 11:57:21,351 - SpareERP - INFO - Database initialized at c:\Users\Admin\Desktop\spare_ERP\data\spareparts_pro.db
2026-02-18 11:57:21,367 - SpareERP - INFO - Hardware ID: HWID-5DD9471598B4450D
2026-02-18 11:57:30,496 - SpareERP - INFO - Launching Login Window...
2026-02-18 11:57:38,271 - SpareERP - INFO - User admin logged in successfully
2026-02-18 11:57:38,306 - SpareERP - INFO - User authenticated as ADMIN. Launching Main Window.
2026-02-18 11:57:38,307 - SpareERP - INFO - Initializing MainWindow...
2026-02-18 11:57:38,329 - SpareERP - INFO - Keyboard shortcuts configured successfully.
2026-02-18 11:57:38,422 - SpareERP - INFO - Lazy loading page: Dashboard
2026-02-18 11:57:38,969 - SpareERP - INFO - AI Cache: 221 vehicle models, 360 part keywords
2026-02-18 11:57:41,014 - SpareERP - INFO - Lazy loading page: Expenses
2026-02-18 11:57:41,032 - SpareERP - INFO - AI Cache: 221 vehicle models, 360 part keywords
2026-02-18 11:57:41,043 - SpareERP - INFO - Query all expenses: 0 found
2026-02-18 11:57:41,044 - SpareERP - INFO - Querying ALL expenses
2026-02-18 11:57:41,044 - SpareERP - INFO - Found 0 expense entries
2026-02-18 11:57:41,045 - SpareERP - INFO - No expenses found in last 30 days
2026-02-18 11:57:41,697 - SpareERP - INFO - Lazy loading page: Orders
2026-02-18 11:59:03,849 - SpareERP - INFO - Application starting...
2026-02-18 11:59:05,688 - SpareERP - INFO - Database tables initialized.
2026-02-18 11:59:05,701 - SpareERP - INFO - Database indexes created successfully for performance optimization.
2026-02-18 11:59:05,702 - SpareERP - INFO - Database initialized at c:\Users\Admin\Desktop\spare_ERP\data\spareparts_pro.db
2026-02-18 11:59:08,686 - SpareERP - INFO - Hardware ID: HWID-5DD9471598B4450D
2026-02-18 11:59:09,474 - SpareERP - INFO - Launching Login Window...
2026-02-18 11:59:17,247 - SpareERP - INFO - User admin logged in successfully
2026-02-18 11:59:17,286 - SpareERP - INFO - User authenticated as ADMIN. Launching Main Window.
2026-02-18 11:59:17,287 - SpareERP - INFO - Initializing MainWindow...
2026-02-18 11:59:17,306 - SpareERP - INFO - Keyboard shortcuts configured successfully.
2026-02-18 11:59:17,384 - SpareERP - INFO - Lazy loading page: Dashboard
2026-02-18 11:59:17,564 - SpareERP - INFO - AI Cache: 221 vehicle models, 360 part keywords
2026-02-18 11:59:19,425 - SpareERP - INFO - Lazy loading page: Expenses
2026-02-18 11:59:19,439 - SpareERP - INFO - AI Cache: 221 vehicle models, 360 part keywords
2026-02-18 11:59:19,448 - SpareERP - INFO - Query all expenses: 0 found
2026-02-18 11:59:19,449 - SpareERP - INFO - Querying ALL expenses
2026-02-18 11:59:19,450 - SpareERP - INFO - Found 0 expense entries
2026-02-18 11:59:19,450 - SpareERP - INFO - No expenses found in last 30 days
2026-02-18 11:59:20,041 - SpareERP - INFO - Lazy loading page: Orders
2026-02-18 11:59:58,281 - SpareERP - INFO - Lazy loading page: Inventory
2026-02-18 11:59:58,282 - SpareERP - INFO - Initializing InventoryPage...
2026-02-18 11:59:58,351 - SpareERP - INFO - InventoryPage Initialized Successfully.
2026-02-18 12:29:20,704 - SpareERP - INFO - Application starting...
2026-02-18 12:29:22,580 - SpareERP - INFO - Database tables initialized.
2026-02-18 12:29:22,594 - SpareERP - INFO - Database indexes created successfully for performance optimization.
2026-02-18 12:29:22,595 - SpareERP - INFO - Database initialized at c:\Users\Admin\Desktop\spare_ERP\data\spareparts_pro.db
2026-02-18 12:29:25,551 - SpareERP - INFO - Hardware ID: HWID-5DD9471598B4450D
2026-02-18 12:29:26,249 - SpareERP - INFO - Launching Login Window...
2026-02-18 12:29:42,200 - SpareERP - INFO - User admin logged in successfully
2026-02-18 12:29:42,237 - SpareERP - INFO - User authenticated as ADMIN. Launching Main Window.
2026-02-18 12:29:42,239 - SpareERP - INFO - Initializing MainWindow...
2026-02-18 12:29:42,267 - SpareERP - INFO - Keyboard shortcuts configured successfully.
2026-02-18 12:29:42,347 - SpareERP - INFO - Lazy loading page: Dashboard
2026-02-18 12:29:42,522 - SpareERP - INFO - AI Cache: 221 vehicle models, 360 part keywords
2026-02-18 12:29:59,423 - SpareERP - INFO - Lazy loading page: Orders
2026-02-18 12:31:09,758 - SpareERP - INFO - Application starting...
2026-02-18 12:31:11,601 - SpareERP - INFO - Database tables initialized.
2026-02-18 12:31:11,617 - SpareERP - INFO - Database indexes created successfully for performance optimization.
2026-02-18 12:31:11,618 - SpareERP - INFO - Database initialized at c:\Users\Admin\Desktop\spare_ERP\data\spareparts_pro.db
2026-02-18 12:31:14,632 - SpareERP - INFO - Hardware ID: HWID-5DD9471598B4450D
2026-02-18 12:31:15,374 - SpareERP - INFO - Launching Login Window...
2026-02-18 12:32:32,623 - SpareERP - INFO - User admin logged in successfully
2026-02-18 12:32:32,659 - SpareERP - INFO - User authenticated as ADMIN. Launching Main Window.
2026-02-18 12:32:32,660 - SpareERP - INFO - Initializing MainWindow...
2026-02-18 12:32:32,688 - SpareERP - INFO - Keyboard shortcuts configured successfully.
2026-02-18 12:32:32,769 - SpareERP - INFO - Lazy loading page: Dashboard
2026-02-18 12:32:32,937 - SpareERP - INFO - AI Cache: 221 vehicle models, 360 part keywords
2026-02-18 12:34:05,121 - SpareERP - INFO - Lazy loading page: Orders
2026-02-18 12:34:40,146 - SpareERP - INFO - Lazy loading page: Inventory
2026-02-18 12:34:40,146 - SpareERP - INFO - Initializing InventoryPage...
2026-02-18 12:34:40,203 - SpareERP - INFO - InventoryPage Initialized Successfully.
2026-02-18 12:40:00,738 - SpareERP - INFO - Application starting...
2026-02-18 12:40:02,594 - SpareERP - INFO - Database tables initialized.
2026-02-18 12:40:02,609 - SpareERP - INFO - Database indexes created successfully for performance optimization.
2026-02-18 12:40:02,610 - SpareERP - INFO - Database initialized at c:\Users\Admin\Desktop\spare_ERP\data\spareparts_pro.db
2026-02-18 12:40:05,577 - SpareERP - INFO - Hardware ID: HWID-5DD9471598B4450D
2026-02-18 12:40:06,215 - SpareERP - INFO - Launching Login Window...
2026-02-18 12:40:16,731 - SpareERP - INFO - User admin logged in successfully
2026-02-18 12:40:16,768 - SpareERP - INFO - User authenticated as ADMIN. Launching Main Window.
2026-02-18 12:40:16,770 - SpareERP - INFO - Initializing MainWindow...
2026-02-18 12:40:16,799 - SpareERP - INFO - Keyboard shortcuts configured successfully.
2026-02-18 12:40:16,877 - SpareERP - INFO - Lazy loading page: Dashboard
2026-02-18 12:40:17,053 - SpareERP - INFO - AI Cache: 221 vehicle models, 360 part keywords
2026-02-18 12:40:19,678 - SpareERP - INFO - Lazy loading page: Orders
2026-02-18 12:47:04,520 - SpareERP - INFO - Application starting...
2026-02-18 12:47:06,338 - SpareERP - INFO - Database tables initialized.
2026-02-18 12:47:06,354 - SpareERP - INFO - Database indexes created successfully for performance optimization.
2026-02-18 12:47:06,355 - SpareERP - INFO - Database initialized at c:\Users\Admin\Desktop\spare_ERP\data\spareparts_pro.db
2026-02-18 12:47:09,407 - SpareERP - INFO - Hardware ID: HWID-5DD9471598B4450D
2026-02-18 12:47:09,974 - SpareERP - INFO - Launching Login Window...
2026-02-18 12:47:19,128 - SpareERP - INFO - User admin logged in successfully
2026-02-18 12:47:19,165 - SpareERP - INFO - User authenticated as ADMIN. Launching Main Window.
2026-02-18 12:47:19,166 - SpareERP - INFO - Initializing MainWindow...
2026-02-18 12:47:19,190 - SpareERP - INFO - Keyboard shortcuts configured successfully.
2026-02-18 12:47:19,271 - SpareERP - INFO - Lazy loading page: Dashboard
2026-02-18 12:47:19,443 - SpareERP - INFO - AI Cache: 221 vehicle models, 360 part keywords
2026-02-18 12:47:20,723 - SpareERP - INFO - Lazy loading page: Expenses
2026-02-18 12:47:20,737 - SpareERP - INFO - AI Cache: 221 vehicle models, 360 part keywords
2026-02-18 12:47:20,747 - SpareERP - INFO - Query all expenses: 0 found
2026-02-18 12:47:20,748 - SpareERP - INFO - Querying ALL expenses
2026-02-18 12:47:20,749 - SpareERP - INFO - Found 0 expense entries
2026-02-18 12:47:20,749 - SpareERP - INFO - No expenses found in last 30 days
2026-02-18 12:47:22,531 - SpareERP - INFO - Lazy loading page: Orders
2026-02-18 12:55:09,150 - SpareERP - INFO - Application starting...
2026-02-18 12:55:11,007 - SpareERP - INFO - Database tables initialized.
2026-02-18 12:55:11,021 - SpareERP - INFO - Database indexes created successfully for performance optimization.
2026-02-18 12:55:11,022 - SpareERP - INFO - Database initialized at c:\Users\Admin\Desktop\spare_ERP\data\spareparts_pro.db
2026-02-18 12:55:13,969 - SpareERP - INFO - Hardware ID: HWID-5DD9471598B4450D
2026-02-18 12:55:14,701 - SpareERP - INFO - Launching Login Window...
2026-02-18 12:55:26,196 - SpareERP - INFO - User admin logged in successfully
2026-02-18 12:55:26,233 - SpareERP - INFO - User authenticated as ADMIN. Launching Main Window.
2026-02-18 12:55:26,235 - SpareERP - INFO - Initializing MainWindow...
2026-02-18 12:55:26,266 - SpareERP - INFO - Keyboard shortcuts configured successfully.
2026-02-18 12:55:26,344 - SpareERP - INFO - Lazy loading page: Dashboard
2026-02-18 12:55:26,560 - SpareERP - INFO - AI Cache: 221 vehicle models, 360 part keywords
2026-02-18 12:55:28,351 - SpareERP - INFO - Lazy loading page: Orders
2026-02-18 12:56:58,201 - SpareERP - INFO - Application starting...
2026-02-18 12:57:00,045 - SpareERP - INFO - Database tables initialized.
2026-02-18 12:57:00,061 - SpareERP - INFO - Database indexes created successfully for performance optimization.
2026-02-18 12:57:00,063 - SpareERP - INFO - Database initialized at c:\Users\Admin\Desktop\spare_ERP\data\spareparts_pro.db
2026-02-18 12:57:03,036 - SpareERP - INFO - Hardware ID: HWID-5DD9471598B4450D
2026-02-18 12:57:03,784 - SpareERP - INFO - Launching Login Window...
2026-02-18 12:57:12,603 - SpareERP - INFO - User admin logged in successfully
2026-02-18 12:57:12,639 - SpareERP - INFO - User authenticated as ADMIN. Launching Main Window.
2026-02-18 12:57:12,640 - SpareERP - INFO - Initializing MainWindow...
2026-02-18 12:57:12,663 - SpareERP - INFO - Keyboard shortcuts configured successfully.
2026-02-18 12:57:12,742 - SpareERP - INFO - Lazy loading page: Dashboard
2026-02-18 12:57:12,916 - SpareERP - INFO - AI Cache: 221 vehicle models, 360 part keywords
2026-02-18 12:57:14,422 - SpareERP - INFO - Lazy loading page: Orders
2026-02-18 12:57:34,135 - SpareERP - INFO - Lazy loading page: Billing
2026-02-18 12:59:18,336 - SpareERP - INFO - Generated new Invoice ID: INV-1006
2026-02-18 12:59:18,344 - SpareERP - INFO - Invoice saved: INV-1006
2026-02-18 12:59:18,346 - SpareERP - INFO - Invoice generated: INV-1006 for VISHAL
2026-02-18 12:59:18,353 - SpareERP - INFO - Part sold: TRU4PR002, Qty: 1, Inv: INV-1006
2026-02-18 12:59:18,362 - SpareERP - INFO - Part sold: LC100, Qty: 1, Inv: INV-1006
2026-02-18 12:59:18,371 - SpareERP - INFO - Part sold: TR600220, Qty: 1, Inv: INV-1006
2026-02-18 12:59:18,379 - SpareERP - INFO - Generating PDF with Theme: 'Executive (Black/Gold)' for Invoice: INV-1006
2026-02-18 13:00:26,213 - SpareERP - INFO - Lazy loading page: Inventory
2026-02-18 13:00:26,213 - SpareERP - INFO - Initializing InventoryPage...
2026-02-18 13:00:26,245 - SpareERP - INFO - InventoryPage Initialized Successfully.
2026-02-18 13:01:04,103 - SpareERP - INFO - Part saved: F001 - FUSE 20
2026-02-18 13:02:03,545 - SpareERP - INFO - Part saved: N200100 - STATER RELAY
2026-02-18 13:02:49,952 - SpareERP - INFO - Part saved: W001 - REPAIRING WIRING
2026-02-18 13:03:34,823 - SpareERP - INFO - Part saved: LC250 - BENCH WORK RAIDER 125
2026-02-18 13:04:57,131 - SpareERP - INFO - Part saved: FOOT01 - FOOT REST REAR LH
2026-02-18 13:31:59,059 - SpareERP - INFO - Created new part in inventory from PO: N9114440 - ROD REAR BRAKE 4V
2026-02-18 13:31:59,064 - SpareERP - INFO - Received item 19: 2 @ 179.0
2026-02-18 13:32:01,853 - SpareERP - INFO - Created new part in inventory from PO: N9114490 - BUNDY  TUBE ASSY, MC REAR N112
2026-02-18 13:32:01,858 - SpareERP - INFO - Received item 20: 1 @ 991.0
2026-02-18 13:33:10,562 - SpareERP - WARNING - Duplicate part entry attempted: N200100
2026-02-18 13:33:11,651 - SpareERP - INFO - Part saved: N200100 - STATER RELAY
2026-02-18 13:33:43,373 - SpareERP - INFO - Refreshing page at index 2
2026-02-18 13:33:43,594 - SpareERP - INFO - Refreshing page at index 2
2026-02-18 13:33:44,023 - SpareERP - INFO - Refreshing page at index 2
2026-02-18 13:33:44,281 - SpareERP - INFO - Refreshing page at index 2
2026-02-18 13:33:44,527 - SpareERP - INFO - Refreshing page at index 2
2026-02-18 13:34:12,717 - SpareERP - INFO - Lazy loading page: Settings
2026-02-18 13:42:52,393 - SpareERP - INFO - Application starting...
2026-02-18 13:42:54,245 - SpareERP - INFO - Database tables initialized.
2026-02-18 13:42:54,258 - SpareERP - INFO - Database indexes created successfully for performance optimization.
2026-02-18 13:42:54,259 - SpareERP - INFO - Database initialized at c:\Users\Admin\Desktop\spare_ERP\data\spareparts_pro.db
2026-02-18 13:42:57,221 - SpareERP - INFO - Hardware ID: HWID-5DD9471598B4450D
2026-02-18 13:42:58,003 - SpareERP - INFO - Launching Login Window...
2026-02-18 13:43:18,670 - SpareERP - INFO - User admin logged in successfully
2026-02-18 13:43:18,703 - SpareERP - INFO - User authenticated as ADMIN. Launching Main Window.
2026-02-18 13:43:18,705 - SpareERP - INFO - Initializing MainWindow...
2026-02-18 13:43:18,728 - SpareERP - INFO - Keyboard shortcuts configured successfully.
2026-02-18 13:43:18,810 - SpareERP - INFO - Lazy loading page: Dashboard
2026-02-18 13:43:19,021 - SpareERP - INFO - AI Cache: 223 vehicle models, 365 part keywords
2026-02-18 13:43:23,767 - SpareERP - INFO - Lazy loading page: Orders
2026-02-18 13:43:26,841 - SpareERP - INFO - Lazy loading page: Expenses
2026-02-18 13:43:26,867 - SpareERP - INFO - AI Cache: 223 vehicle models, 365 part keywords
2026-02-18 13:43:26,886 - SpareERP - INFO - Query all expenses: 0 found
2026-02-18 13:43:26,887 - SpareERP - INFO - Querying ALL expenses
2026-02-18 13:43:26,887 - SpareERP - INFO - Found 0 expense entries
2026-02-18 13:43:26,888 - SpareERP - INFO - No expenses found in last 30 days
2026-02-18 13:43:27,768 - SpareERP - INFO - Lazy loading page: Reports
2026-02-18 13:43:44,673 - SpareERP - INFO - Lazy loading page: Inventory
2026-02-18 13:43:44,673 - SpareERP - INFO - Initializing InventoryPage...
2026-02-18 13:43:44,706 - SpareERP - INFO - InventoryPage Initialized Successfully.
2026-02-18 13:49:43,977 - SpareERP - INFO - Application starting...
2026-02-18 13:49:45,829 - SpareERP - INFO - Database tables initialized.
2026-02-18 13:49:45,844 - SpareERP - INFO - Database indexes created successfully for performance optimization.
2026-02-18 13:49:45,845 - SpareERP - INFO - Database initialized at c:\Users\Admin\Desktop\spare_ERP\data\spareparts_pro.db
2026-02-18 13:49:48,828 - SpareERP - INFO - Hardware ID: HWID-5DD9471598B4450D
2026-02-18 13:49:49,404 - SpareERP - INFO - Launching Login Window...
2026-02-18 13:50:08,499 - SpareERP - INFO - User admin logged in successfully
2026-02-18 13:50:08,532 - SpareERP - INFO - User authenticated as ADMIN. Launching Main Window.
2026-02-18 13:50:08,533 - SpareERP - INFO - Initializing MainWindow...
2026-02-18 13:50:08,552 - SpareERP - INFO - Keyboard shortcuts configured successfully.
2026-02-18 13:50:08,618 - SpareERP - INFO - Lazy loading page: Dashboard
2026-02-18 13:50:08,744 - SpareERP - INFO - AI Cache: 223 vehicle models, 365 part keywords
2026-02-18 13:52:29,440 - SpareERP - INFO - Lazy loading page: Billing
2026-02-18 13:52:30,549 - SpareERP - INFO - Lazy loading page: Inventory
2026-02-18 13:52:30,803 - SpareERP - INFO - Initializing InventoryPage...
2026-02-18 13:52:30,837 - SpareERP - INFO - InventoryPage Initialized Successfully.
2026-02-18 13:52:31,722 - SpareERP - INFO - Lazy loading page: Reports
2026-02-18 13:52:32,668 - SpareERP - INFO - Lazy loading page: Expenses
2026-02-18 13:52:32,680 - SpareERP - INFO - AI Cache: 223 vehicle models, 365 part keywords
2026-02-18 13:52:32,689 - SpareERP - INFO - Query all expenses: 0 found
2026-02-18 13:52:32,691 - SpareERP - INFO - Querying ALL expenses
2026-02-18 13:52:32,691 - SpareERP - INFO - Found 0 expense entries
2026-02-18 13:52:32,692 - SpareERP - INFO - No expenses found in last 30 days
2026-02-18 13:52:33,964 - SpareERP - INFO - Lazy loading page: Orders
2026-02-18 14:20:53,407 - SpareERP - WARNING - Current page (index 6) does not have a load_data method
2026-02-18 14:20:56,151 - SpareERP - WARNING - Current page (index 6) does not have a load_data method
2026-02-18 14:20:58,767 - SpareERP - WARNING - Current page (index 6) does not have a load_data method
2026-02-18 14:21:12,127 - SpareERP - WARNING - Current page (index 6) does not have a load_data method
2026-02-18 14:21:21,711 - SpareERP - INFO - Lazy loading page: Access
2026-02-18 14:25:08,666 - SpareERP - INFO - Database tables initialized.
2026-02-18 14:25:08,675 - SpareERP - INFO - Migrated schema: Added items_count to invoices table
2026-02-18 14:25:08,686 - SpareERP - INFO - Migrated schema: Added added_by to parts table
2026-02-18 14:25:08,687 - SpareERP - INFO - Migrated schema: Added last_cost to parts table
2026-02-18 14:25:08,688 - SpareERP - INFO - Migrated schema: Added last_edited_date to parts table
2026-02-18 14:25:08,690 - SpareERP - INFO - Migrated schema: Added recovery_pin to users table
2026-02-18 14:25:08,691 - SpareERP - INFO - Migrated schema: Added hardware_id to app_license table
2026-02-18 14:25:08,693 - SpareERP - INFO - Migrated schema: Added ordered_price to po_items table
2026-02-18 14:25:08,711 - SpareERP - INFO - Database indexes created successfully for performance optimization.
2026-02-18 14:25:08,715 - SpareERP - INFO - Database initialized at test_factory_reset.db
2026-02-18 14:25:08,720 - SpareERP - INFO - Database tables initialized.
2026-02-18 14:25:55,100 - SpareERP - INFO - Database tables initialized.
2026-02-18 14:25:55,110 - SpareERP - INFO - Migrated schema: Added items_count to invoices table
2026-02-18 14:25:55,122 - SpareERP - INFO - Migrated schema: Added added_by to parts table
2026-02-18 14:25:55,124 - SpareERP - INFO - Migrated schema: Added last_cost to parts table
2026-02-18 14:25:55,126 - SpareERP - INFO - Migrated schema: Added last_edited_date to parts table
2026-02-18 14:25:55,128 - SpareERP - INFO - Migrated schema: Added recovery_pin to users table
2026-02-18 14:25:55,130 - SpareERP - INFO - Migrated schema: Added hardware_id to app_license table
2026-02-18 14:25:55,132 - SpareERP - INFO - Migrated schema: Added ordered_price to po_items table
2026-02-18 14:25:55,160 - SpareERP - INFO - Database indexes created successfully for performance optimization.
2026-02-18 14:25:55,165 - SpareERP - INFO - Database initialized at test_factory_reset.db
2026-02-18 14:25:55,170 - SpareERP - INFO - Database tables initialized.
2026-02-18 14:25:55,254 - SpareERP - INFO - Database tables initialized.
2026-02-18 14:25:55,263 - SpareERP - INFO - Migrated schema: Added items_count to invoices table
2026-02-18 14:25:55,277 - SpareERP - INFO - Migrated schema: Added added_by to parts table
2026-02-18 14:25:55,278 - SpareERP - INFO - Migrated schema: Added last_cost to parts table
2026-02-18 14:25:55,280 - SpareERP - INFO - Migrated schema: Added last_edited_date to parts table
2026-02-18 14:25:55,281 - SpareERP - INFO - Migrated schema: Added recovery_pin to users table
2026-02-18 14:25:55,282 - SpareERP - INFO - Migrated schema: Added hardware_id to app_license table
2026-02-18 14:25:55,284 - SpareERP - INFO - Migrated schema: Added ordered_price to po_items table
2026-02-18 14:25:55,284 - SpareERP - WARNING - FACTORY RESET EXECUTED. All data wiped.
2026-02-18 14:26:36,688 - SpareERP - INFO - Application starting...
2026-02-18 14:26:38,522 - SpareERP - INFO - Database tables initialized.
2026-02-18 14:26:38,536 - SpareERP - INFO - Database indexes created successfully for performance optimization.
2026-02-18 14:26:38,537 - SpareERP - INFO - Database initialized at c:\Users\Admin\Desktop\spare_ERP\data\spareparts_pro.db
2026-02-18 14:26:41,557 - SpareERP - INFO - Hardware ID: HWID-5DD9471598B4450D
2026-02-18 14:26:42,406 - SpareERP - INFO - Launching Login Window...
2026-02-18 14:26:57,145 - SpareERP - INFO - User admin logged in successfully
2026-02-18 14:26:57,179 - SpareERP - INFO - User authenticated as ADMIN. Launching Main Window.
2026-02-18 14:26:57,180 - SpareERP - INFO - Initializing MainWindow...
2026-02-18 14:26:57,209 - SpareERP - INFO - Keyboard shortcuts configured successfully.
2026-02-18 14:26:57,281 - SpareERP - INFO - Lazy loading page: Dashboard
2026-02-18 14:26:57,449 - SpareERP - INFO - AI Cache: 223 vehicle models, 365 part keywords
2026-02-18 14:27:00,372 - SpareERP - INFO - Lazy loading page: Expenses
2026-02-18 14:27:00,391 - SpareERP - INFO - AI Cache: 223 vehicle models, 365 part keywords
2026-02-18 14:27:00,405 - SpareERP - INFO - Query all expenses: 0 found
2026-02-18 14:27:00,406 - SpareERP - INFO - Querying ALL expenses
2026-02-18 14:27:00,406 - SpareERP - INFO - Found 0 expense entries
2026-02-18 14:27:00,407 - SpareERP - INFO - No expenses found in last 30 days
2026-02-18 14:27:01,020 - SpareERP - INFO - Lazy loading page: Reports
2026-02-18 14:27:20,800 - SpareERP - INFO - Database tables initialized.
2026-02-18 14:27:20,809 - SpareERP - INFO - Migrated schema: Added items_count to invoices table
2026-02-18 14:27:20,823 - SpareERP - INFO - Migrated schema: Added added_by to parts table
2026-02-18 14:27:20,824 - SpareERP - INFO - Migrated schema: Added last_cost to parts table
2026-02-18 14:27:20,826 - SpareERP - INFO - Migrated schema: Added last_edited_date to parts table
2026-02-18 14:27:20,827 - SpareERP - INFO - Migrated schema: Added recovery_pin to users table
2026-02-18 14:27:20,828 - SpareERP - INFO - Migrated schema: Added hardware_id to app_license table
2026-02-18 14:27:20,830 - SpareERP - INFO - Migrated schema: Added ordered_price to po_items table
2026-02-18 14:27:20,831 - SpareERP - WARNING - FACTORY RESET EXECUTED. All data wiped.
2026-02-18 14:27:27,119 - SpareERP - INFO - Application starting...
2026-02-18 14:27:28,941 - SpareERP - INFO - Database tables initialized.
2026-02-18 14:27:28,964 - SpareERP - INFO - Database indexes created successfully for performance optimization.
2026-02-18 14:27:28,966 - SpareERP - INFO - Database initialized at c:\Users\Admin\Desktop\spare_ERP\data\spareparts_pro.db
2026-02-18 14:27:31,930 - SpareERP - INFO - Hardware ID: HWID-5DD9471598B4450D
2026-02-18 14:27:35,703 - SpareERP - INFO - Trial started. Expires on 2026-03-05 14:27:35
2026-02-18 14:27:36,908 - SpareERP - INFO - Launching Login Window...
2026-02-18 14:27:45,265 - SpareERP - INFO - User admin logged in successfully
2026-02-18 14:27:45,298 - SpareERP - INFO - User authenticated as ADMIN. Launching Main Window.
2026-02-18 14:27:45,299 - SpareERP - INFO - Initializing MainWindow...
2026-02-18 14:27:45,320 - SpareERP - INFO - Keyboard shortcuts configured successfully.
2026-02-18 14:27:45,374 - SpareERP - INFO - Lazy loading page: Dashboard
2026-02-18 14:27:45,494 - SpareERP - INFO - AI Cache: 0 vehicle models, 0 part keywords
2026-02-18 14:27:47,788 - SpareERP - INFO - Lazy loading page: Inventory
2026-02-18 14:27:48,073 - SpareERP - INFO - Initializing InventoryPage...
2026-02-18 14:27:48,110 - SpareERP - INFO - InventoryPage Initialized Successfully.
2026-02-18 14:27:49,644 - SpareERP - INFO - Lazy loading page: Reports
2026-02-18 14:27:50,412 - SpareERP - INFO - Lazy loading page: Expenses
2026-02-18 14:27:50,417 - SpareERP - INFO - AI Cache: 0 vehicle models, 0 part keywords
2026-02-18 14:27:50,430 - SpareERP - INFO - Query all expenses: 0 found
2026-02-18 14:27:50,431 - SpareERP - INFO - Querying ALL expenses
2026-02-18 14:27:50,432 - SpareERP - INFO - Found 0 expense entries
2026-02-18 14:27:50,432 - SpareERP - INFO - No expenses found in last 30 days
2026-02-18 14:27:51,059 - SpareERP - INFO - Lazy loading page: Orders
2026-02-18 14:27:52,189 - SpareERP - INFO - Lazy loading page: Access
2026-02-18 14:27:52,916 - SpareERP - INFO - Lazy loading page: Settings
2026-02-18 14:29:03,356 - SpareERP - INFO - Lazy loading page: Billing
2026-02-18 14:29:15,054 - SpareERP - INFO - Inventory imported from C:/Users/Admin/Desktop/spare_ERP/dist/SpareParts_Pro_v1.5/parts_inventory.csv, 605 records processed
2026-02-18 14:34:27,037 - SpareERP - INFO - Application starting...
2026-02-18 14:34:28,915 - SpareERP - INFO - Database tables initialized.
2026-02-18 14:34:28,932 - SpareERP - INFO - Database indexes created successfully for performance optimization.
2026-02-18 14:34:28,933 - SpareERP - INFO - Database initialized at c:\Users\Admin\Desktop\spare_ERP\data\spareparts_pro.db
2026-02-18 14:34:31,872 - SpareERP - INFO - Hardware ID: HWID-5DD9471598B4450D
2026-02-18 14:34:34,557 - SpareERP - INFO - Launching Login Window...
2026-02-18 14:34:47,526 - SpareERP - INFO - User admin logged in successfully
2026-02-18 14:34:47,561 - SpareERP - INFO - User authenticated as ADMIN. Launching Main Window.
2026-02-18 14:34:47,563 - SpareERP - INFO - Initializing MainWindow...
2026-02-18 14:34:47,591 - SpareERP - INFO - Keyboard shortcuts configured successfully.
2026-02-18 14:34:47,650 - SpareERP - INFO - Lazy loading page: Dashboard
2026-02-18 14:34:47,813 - SpareERP - INFO - AI Cache: 222 vehicle models, 359 part keywords
2026-02-18 14:34:51,697 - SpareERP - INFO - Lazy loading page: Inventory
2026-02-18 14:34:52,043 - SpareERP - INFO - Initializing InventoryPage...
2026-02-18 14:34:52,079 - SpareERP - INFO - InventoryPage Initialized Successfully.
2026-02-18 14:34:57,136 - SpareERP - INFO - Lazy loading page: Orders
2026-02-18 14:36:52,780 - SpareERP - INFO - Refreshing page at index 2
2026-02-18 14:36:54,256 - SpareERP - INFO - Refreshing page at index 2
2026-02-18 14:36:54,622 - SpareERP - INFO - Refreshing page at index 2
2026-02-18 14:36:54,995 - SpareERP - INFO - Refreshing page at index 2
2026-02-18 14:36:55,435 - SpareERP - INFO - Refreshing page at index 2
2026-02-18 14:36:55,439 - SpareERP - INFO - Refreshing page at index 2
2026-02-18 14:37:07,663 - SpareERP - INFO - Refreshing page at index 2
2026-02-18 14:37:08,095 - SpareERP - INFO - Refreshing page at index 2
2026-02-18 14:37:08,453 - SpareERP - INFO - Refreshing page at index 2
2026-02-18 14:37:08,828 - SpareERP - INFO - Refreshing page at index 2
2026-02-18 14:37:09,184 - SpareERP - INFO - Refreshing page at index 2
2026-02-18 14:37:09,568 - SpareERP - INFO - Refreshing page at index 2
2026-02-18 14:37:09,572 - SpareERP - INFO - Refreshing page at index 2
2026-02-18 14:39:12,189 - SpareERP - INFO - Created new part in inventory from PO: N9114760 - GUARD TONER RING
2026-02-18 14:39:12,196 - SpareERP - INFO - Received item 1: 1 @ 182.0
2026-02-18 14:39:14,180 - SpareERP - INFO - Created new part in inventory from PO: N9115100 - MASTER CYL ASSY FR
2026-02-18 14:39:14,187 - SpareERP - INFO - Received item 2: 1 @ 1850.0
2026-02-18 14:39:21,534 - SpareERP - INFO - Refreshing page at index 2
2026-02-18 14:40:24,038 - SpareERP - INFO - Lazy loading page: Billing
2026-02-18 14:51:51,617 - SpareERP - INFO - Application starting...
2026-02-18 14:51:53,534 - SpareERP - INFO - Database tables initialized.
2026-02-18 14:51:53,551 - SpareERP - INFO - Database indexes created successfully for performance optimization.
2026-02-18 14:51:53,552 - SpareERP - INFO - Database initialized at c:\Users\Admin\Desktop\spare_ERP\data\spareparts_pro.db
2026-02-18 14:51:56,456 - SpareERP - INFO - Hardware ID: HWID-5DD9471598B4450D
2026-02-18 14:51:58,976 - SpareERP - INFO - Launching Login Window...
2026-02-18 14:52:05,614 - SpareERP - INFO - User admin logged in successfully
2026-02-18 14:52:05,648 - SpareERP - INFO - User authenticated as ADMIN. Launching Main Window.
2026-02-18 14:52:05,650 - SpareERP - INFO - Initializing MainWindow...
2026-02-18 14:52:05,669 - SpareERP - INFO - Keyboard shortcuts configured successfully.
2026-02-18 14:52:05,723 - SpareERP - INFO - Lazy loading page: Dashboard
2026-02-18 14:52:05,900 - SpareERP - INFO - AI Cache: 222 vehicle models, 360 part keywords
2026-02-18 14:52:07,561 - SpareERP - INFO - Lazy loading page: Orders
2026-02-18 14:52:08,808 - SpareERP - INFO - Lazy loading page: Billing
2026-02-18 14:52:10,730 - SpareERP - INFO - Lazy loading page: Reports
2026-02-18 14:52:13,073 - SpareERP - INFO - Lazy loading page: Inventory
2026-02-18 14:52:13,074 - SpareERP - INFO - Initializing InventoryPage...
2026-02-18 14:52:13,133 - SpareERP - INFO - InventoryPage Initialized Successfully.
2026-02-18 14:52:54,569 - SpareERP - INFO - Created new part in inventory from PO: N9115350 - BUNDY  TUBE ASSY CAL FRONT 4V
2026-02-18 14:52:54,572 - SpareERP - INFO - Received item 3: 2 @ 1817.0
2026-02-18 14:52:56,686 - SpareERP - INFO - Created new part in inventory from PO: NF180670 - AIR DUCT
2026-02-18 14:52:56,694 - SpareERP - INFO - Received item 4: 2 @ 47.0
2026-02-18 14:53:00,826 - SpareERP - INFO - Refreshing page at index 2
2026-02-18 15:10:36,509 - SpareERP - INFO - Application starting...
2026-02-18 15:10:38,385 - SpareERP - INFO - Database tables initialized.
2026-02-18 15:10:38,402 - SpareERP - INFO - Database indexes created successfully for performance optimization.
2026-02-18 15:10:38,402 - SpareERP - INFO - Database initialized at c:\Users\Admin\Desktop\spare_ERP\data\spareparts_pro.db
2026-02-18 15:10:41,334 - SpareERP - INFO - Hardware ID: HWID-5DD9471598B4450D
2026-02-18 15:10:43,930 - SpareERP - INFO - Launching Login Window...
2026-02-18 15:10:51,461 - SpareERP - INFO - User admin logged in successfully
2026-02-18 15:10:51,499 - SpareERP - INFO - User authenticated as ADMIN. Launching Main Window.
2026-02-18 15:10:51,500 - SpareERP - INFO - Initializing MainWindow...
2026-02-18 15:10:51,519 - SpareERP - INFO - Keyboard shortcuts configured successfully.
2026-02-18 15:10:51,573 - SpareERP - INFO - Lazy loading page: Dashboard
2026-02-18 15:10:51,741 - SpareERP - INFO - AI Cache: 222 vehicle models, 363 part keywords
2026-02-18 15:11:05,184 - SpareERP - INFO - Lazy loading page: Orders
2026-02-18 15:11:09,232 - SpareERP - INFO - Lazy loading page: Inventory
2026-02-18 15:11:09,233 - SpareERP - INFO - Initializing InventoryPage...
2026-02-18 15:11:09,291 - SpareERP - INFO - InventoryPage Initialized Successfully.
2026-02-18 15:12:17,918 - SpareERP - INFO - Created new part in inventory from PO: N9114160 - DUST SEAL Ø32 X Ø52 X 7
2026-02-18 15:12:17,921 - SpareERP - INFO - Received item 5: 1 @ 82.0
2026-02-18 15:12:20,655 - SpareERP - INFO - Created new part in inventory from PO: N9114440 - ROD REAR BRAKE 4V
2026-02-18 15:12:20,657 - SpareERP - INFO - Received item 6: 1 @ 179.0
2026-02-18 15:12:28,120 - SpareERP - INFO - Refreshing page at index 2
2026-02-18 15:18:22,259 - SpareERP - INFO - Application starting...
2026-02-18 15:18:24,170 - SpareERP - INFO - Database tables initialized.
2026-02-18 15:18:24,185 - SpareERP - INFO - Database indexes created successfully for performance optimization.
2026-02-18 15:18:24,186 - SpareERP - INFO - Database initialized at c:\Users\Admin\Desktop\spare_ERP\data\spareparts_pro.db
2026-02-18 15:18:27,090 - SpareERP - INFO - Hardware ID: HWID-5DD9471598B4450D
2026-02-18 15:18:29,846 - SpareERP - INFO - Launching Login Window...
2026-02-18 15:18:39,233 - SpareERP - INFO - User admin logged in successfully
2026-02-18 15:18:39,269 - SpareERP - INFO - User authenticated as ADMIN. Launching Main Window.
2026-02-18 15:18:39,270 - SpareERP - INFO - Initializing MainWindow...
2026-02-18 15:18:39,298 - SpareERP - INFO - Keyboard shortcuts configured successfully.
2026-02-18 15:18:39,356 - SpareERP - INFO - Lazy loading page: Dashboard
2026-02-18 15:18:39,577 - SpareERP - INFO - AI Cache: 222 vehicle models, 363 part keywords
2026-02-18 15:20:05,388 - SpareERP - INFO - Lazy loading page: Inventory
2026-02-18 15:20:05,681 - SpareERP - INFO - Initializing InventoryPage...
2026-02-18 15:20:05,718 - SpareERP - INFO - InventoryPage Initialized Successfully.
2026-02-18 15:20:14,788 - SpareERP - INFO - Lazy loading page: Expenses
2026-02-18 15:20:14,799 - SpareERP - INFO - AI Cache: 222 vehicle models, 363 part keywords
2026-02-18 15:20:14,808 - SpareERP - INFO - Query all expenses: 0 found
2026-02-18 15:20:14,809 - SpareERP - INFO - Querying ALL expenses
2026-02-18 15:20:14,810 - SpareERP - INFO - Found 0 expense entries
2026-02-18 15:20:14,811 - SpareERP - INFO - No expenses found in last 30 days
2026-02-18 15:20:15,991 - SpareERP - INFO - Lazy loading page: Reports
2026-02-18 15:21:06,225 - SpareERP - WARNING - Duplicate part entry attempted: N9114440
2026-02-18 15:21:07,525 - SpareERP - INFO - Part saved: N9114440 - ROD REAR BRAKE 4V
2026-02-18 15:21:23,404 - SpareERP - INFO - Lazy loading page: Orders
2026-02-18 15:21:46,147 - SpareERP - INFO - Lazy loading page: Access
2026-02-18 15:25:18,961 - SpareERP - INFO - Application starting...
2026-02-18 15:25:20,755 - SpareERP - INFO - Database tables initialized.
2026-02-18 15:25:20,767 - SpareERP - INFO - Database indexes created successfully for performance optimization.
2026-02-18 15:25:20,768 - SpareERP - INFO - Database initialized at c:\Users\Admin\Desktop\spare_ERP\data\spareparts_pro.db
2026-02-18 15:25:23,815 - SpareERP - INFO - Hardware ID: HWID-5DD9471598B4450D
2026-02-18 15:26:00,150 - SpareERP - INFO - Launching Login Window...
2026-02-18 15:26:08,462 - SpareERP - INFO - User admin logged in successfully
2026-02-18 15:26:08,496 - SpareERP - INFO - User authenticated as ADMIN. Launching Main Window.
2026-02-18 15:26:08,497 - SpareERP - INFO - Initializing MainWindow...
2026-02-18 15:26:08,521 - SpareERP - INFO - Keyboard shortcuts configured successfully.
2026-02-18 15:26:08,581 - SpareERP - INFO - Lazy loading page: Dashboard
2026-02-18 15:26:08,754 - SpareERP - INFO - AI Cache: 222 vehicle models, 363 part keywords
2026-02-18 15:26:20,896 - SpareERP - INFO - Lazy loading page: Orders
2026-02-18 15:26:27,891 - SpareERP - INFO - Lazy loading page: Inventory
2026-02-18 15:26:27,892 - SpareERP - INFO - Initializing InventoryPage...
2026-02-18 15:26:27,952 - SpareERP - INFO - InventoryPage Initialized Successfully.
2026-02-18 15:33:31,506 - SpareERP - INFO - Refreshing page at index 2
2026-02-18 15:33:31,889 - SpareERP - INFO - Refreshing page at index 2
2026-02-18 15:33:32,354 - SpareERP - INFO - Refreshing page at index 2
2026-02-18 15:39:06,170 - SpareERP - INFO - Application starting...
2026-02-18 15:39:08,049 - SpareERP - INFO - Database tables initialized.
2026-02-18 15:39:08,062 - SpareERP - INFO - Database indexes created successfully for performance optimization.
2026-02-18 15:39:08,064 - SpareERP - INFO - Database initialized at c:\Users\Admin\Desktop\spare_ERP\data\spareparts_pro.db
2026-02-18 15:39:11,013 - SpareERP - INFO - Hardware ID: HWID-5DD9471598B4450D
2026-02-18 15:39:13,620 - SpareERP - INFO - Launching Login Window...
2026-02-18 15:39:21,368 - SpareERP - INFO - User admin logged in successfully
2026-02-18 15:39:21,401 - SpareERP - INFO - User authenticated as ADMIN. Launching Main Window.
2026-02-18 15:39:21,403 - SpareERP - INFO - Initializing MainWindow...
2026-02-18 15:39:21,426 - SpareERP - INFO - Keyboard shortcuts configured successfully.
2026-02-18 15:39:21,522 - SpareERP - INFO - Lazy loading page: Dashboard
2026-02-18 15:39:21,729 - SpareERP - INFO - AI Cache: 222 vehicle models, 363 part keywords
2026-02-18 15:39:23,266 - SpareERP - INFO - Lazy loading page: Inventory
2026-02-18 15:39:23,573 - SpareERP - INFO - Initializing InventoryPage...
2026-02-18 15:39:23,610 - SpareERP - INFO - InventoryPage Initialized Successfully.
2026-02-18 15:40:11,155 - SpareERP - INFO - Application starting...
2026-02-18 15:40:12,969 - SpareERP - INFO - Database tables initialized.
2026-02-18 15:40:12,982 - SpareERP - INFO - Database indexes created successfully for performance optimization.
2026-02-18 15:40:12,983 - SpareERP - INFO - Database initialized at c:\Users\Admin\Desktop\spare_ERP\data\spareparts_pro.db
2026-02-18 15:40:15,996 - SpareERP - INFO - Hardware ID: HWID-5DD9471598B4450D
2026-02-18 15:40:18,253 - SpareERP - INFO - Launching Login Window...
2026-02-18 15:40:26,639 - SpareERP - INFO - User admin logged in successfully
2026-02-18 15:40:26,674 - SpareERP - INFO - User authenticated as ADMIN. Launching Main Window.
2026-02-18 15:40:26,676 - SpareERP - INFO - Initializing MainWindow...
2026-02-18 15:40:26,695 - SpareERP - INFO - Keyboard shortcuts configured successfully.
2026-02-18 15:40:26,753 - SpareERP - INFO - Lazy loading page: Dashboard
2026-02-18 15:40:26,875 - SpareERP - INFO - AI Cache: 222 vehicle models, 363 part keywords
2026-02-18 15:40:37,434 - SpareERP - INFO - Lazy loading page: Inventory
2026-02-18 15:40:37,711 - SpareERP - INFO - Initializing InventoryPage...
2026-02-18 15:40:37,749 - SpareERP - INFO - InventoryPage Initialized Successfully.
2026-02-18 15:54:06,008 - SpareERP - INFO - Application starting...
2026-02-18 15:54:07,986 - SpareERP - INFO - Database tables initialized.
2026-02-18 15:54:07,997 - SpareERP - INFO - Database indexes created successfully for performance optimization.
2026-02-18 15:54:07,997 - SpareERP - INFO - Database initialized at c:\Users\Admin\Desktop\spare_ERP\data\spareparts_pro.db
2026-02-18 15:54:10,823 - SpareERP - INFO - Hardware ID: HWID-5DD9471598B4450D
2026-02-18 15:54:13,087 - SpareERP - INFO - Launching Login Window...
2026-02-18 15:54:19,760 - SpareERP - INFO - User admin logged in successfully
2026-02-18 15:54:19,795 - SpareERP - INFO - User authenticated as ADMIN. Launching Main Window.
2026-02-18 15:54:19,797 - SpareERP - INFO - Initializing MainWindow...
2026-02-18 15:54:19,817 - SpareERP - INFO - Keyboard shortcuts configured successfully.
2026-02-18 15:54:19,874 - SpareERP - INFO - Lazy loading page: Dashboard
2026-02-18 15:54:20,028 - SpareERP - INFO - AI Cache: 222 vehicle models, 363 part keywords
2026-02-18 15:54:21,999 - SpareERP - INFO - Lazy loading page: Billing
2026-02-18 15:54:23,717 - SpareERP - INFO - Lazy loading page: Inventory
2026-02-18 15:54:24,006 - SpareERP - INFO - Initializing InventoryPage...
2026-02-18 15:54:24,040 - SpareERP - INFO - InventoryPage Initialized Successfully.
2026-02-18 15:54:35,763 - SpareERP - INFO - Refreshing page at index 2
2026-02-18 15:54:36,771 - SpareERP - INFO - Refreshing page at index 2
2026-02-18 15:57:36,123 - SpareERP - INFO - Application starting...
2026-02-18 15:57:38,003 - SpareERP - INFO - Database tables initialized.
2026-02-18 15:57:38,015 - SpareERP - INFO - Database indexes created successfully for performance optimization.
2026-02-18 15:57:38,016 - SpareERP - INFO - Database initialized at c:\Users\Admin\Desktop\spare_ERP\data\spareparts_pro.db
2026-02-18 15:57:40,956 - SpareERP - INFO - Hardware ID: HWID-5DD9471598B4450D
2026-02-18 15:57:43,482 - SpareERP - INFO - Launching Login Window...
2026-02-18 15:57:50,775 - SpareERP - INFO - User admin logged in successfully
2026-02-18 15:57:50,812 - SpareERP - INFO - User authenticated as ADMIN. Launching Main Window.
2026-02-18 15:57:50,813 - SpareERP - INFO - Initializing MainWindow...
2026-02-18 15:57:50,835 - SpareERP - INFO - Keyboard shortcuts configured successfully.
2026-02-18 15:57:50,882 - SpareERP - INFO - Lazy loading page: Dashboard
2026-02-18 15:57:51,042 - SpareERP - INFO - AI Cache: 222 vehicle models, 363 part keywords
2026-02-18 15:57:52,810 - SpareERP - INFO - Lazy loading page: Inventory
2026-02-18 15:57:53,083 - SpareERP - INFO - Initializing InventoryPage...
2026-02-18 15:57:53,122 - SpareERP - INFO - InventoryPage Initialized Successfully.
2026-02-18 16:06:09,282 - SpareERP - INFO - Application starting...
2026-02-18 16:06:11,213 - SpareERP - INFO - Database tables initialized.
2026-02-18 16:06:11,226 - SpareERP - INFO - Database indexes created successfully for performance optimization.
2026-02-18 16:06:11,227 - SpareERP - INFO - Database initialized at c:\Users\Admin\Desktop\spare_ERP\data\spareparts_pro.db
2026-02-18 16:06:14,092 - SpareERP - INFO - Hardware ID: HWID-5DD9471598B4450D
2026-02-18 16:06:16,751 - SpareERP - INFO - Launching Login Window...
2026-02-18 16:06:25,675 - SpareERP - INFO - User admin logged in successfully
2026-02-18 16:06:25,709 - SpareERP - INFO - User authenticated as ADMIN. Launching Main Window.
2026-02-18 16:06:25,710 - SpareERP - INFO - Initializing MainWindow...
2026-02-18 16:06:25,734 - SpareERP - INFO - Keyboard shortcuts configured successfully.
2026-02-18 16:06:25,785 - SpareERP - INFO - Lazy loading page: Dashboard
2026-02-18 16:06:25,945 - SpareERP - INFO - AI Cache: 222 vehicle models, 363 part keywords
2026-02-18 16:06:28,269 - SpareERP - INFO - Lazy loading page: Inventory
2026-02-18 16:06:28,573 - SpareERP - INFO - Initializing InventoryPage...
2026-02-18 16:06:28,611 - SpareERP - INFO - InventoryPage Initialized Successfully.
2026-02-18 16:06:40,869 - SpareERP - INFO - Lazy loading page: Billing
2026-02-18 16:06:48,029 - SpareERP - INFO - Lazy loading page: Reports
2026-02-18 16:06:54,686 - SpareERP - INFO - Lazy loading page: Expenses
2026-02-18 16:06:54,701 - SpareERP - INFO - AI Cache: 222 vehicle models, 363 part keywords
2026-02-18 16:06:54,714 - SpareERP - INFO - Query all expenses: 0 found
2026-02-18 16:06:54,715 - SpareERP - INFO - Querying ALL expenses
2026-02-18 16:06:54,716 - SpareERP - INFO - Found 0 expense entries
2026-02-18 16:06:54,717 - SpareERP - INFO - No expenses found in last 30 days
2026-02-18 16:06:55,855 - SpareERP - INFO - Lazy loading page: Orders
2026-02-18 16:06:57,701 - SpareERP - INFO - Lazy loading page: Access
2026-02-18 16:27:49,372 - SpareERP - INFO - Application starting...
2026-02-18 16:27:50,629 - SpareERP - INFO - Database tables initialized.
2026-02-18 16:27:50,643 - SpareERP - INFO - Database indexes created successfully for performance optimization.
2026-02-18 16:27:50,645 - SpareERP - INFO - Database initialized at c:\Users\Admin\Desktop\spare_ERP\data\spareparts_pro.db
2026-02-18 16:27:54,196 - SpareERP - INFO - Hardware ID: HWID-5DD9471598B4450D
2026-02-18 16:27:56,431 - SpareERP - INFO - Launching Login Window...
2026-02-18 16:28:32,735 - SpareERP - INFO - Application starting...
2026-02-18 16:28:33,927 - SpareERP - INFO - Database tables initialized.
2026-02-18 16:28:33,940 - SpareERP - INFO - Database indexes created successfully for performance optimization.
2026-02-18 16:28:33,942 - SpareERP - INFO - Database initialized at c:\Users\Admin\Desktop\spare_ERP\data\spareparts_pro.db
2026-02-18 16:28:37,570 - SpareERP - INFO - Hardware ID: HWID-5DD9471598B4450D
2026-02-18 16:28:39,694 - SpareERP - INFO - Launching Login Window...
2026-02-18 16:28:46,304 - SpareERP - INFO - User admin logged in successfully
2026-02-18 16:28:46,339 - SpareERP - INFO - User authenticated as ADMIN. Launching Main Window.
2026-02-18 16:28:46,340 - SpareERP - INFO - Initializing MainWindow...
2026-02-18 16:28:46,357 - SpareERP - INFO - Keyboard shortcuts configured successfully.
2026-02-18 16:28:46,477 - SpareERP - INFO - Lazy loading page: Dashboard
2026-02-18 16:28:46,630 - SpareERP - INFO - AI Cache: 222 vehicle models, 363 part keywords
2026-02-18 16:28:48,203 - SpareERP - INFO - Lazy loading page: Billing
2026-02-18 16:28:49,595 - SpareERP - INFO - Lazy loading page: Inventory
2026-02-18 16:28:49,849 - SpareERP - INFO - Initializing InventoryPage...
2026-02-18 16:28:49,883 - SpareERP - INFO - InventoryPage Initialized Successfully.
2026-02-18 16:28:52,204 - SpareERP - INFO - Lazy loading page: Reports
2026-02-18 16:28:53,229 - SpareERP - INFO - Lazy loading page: Expenses
2026-02-18 16:28:53,242 - SpareERP - INFO - AI Cache: 222 vehicle models, 363 part keywords
2026-02-18 16:28:53,256 - SpareERP - INFO - Query all expenses: 0 found
2026-02-18 16:28:53,257 - SpareERP - INFO - Querying ALL expenses
2026-02-18 16:28:53,257 - SpareERP - INFO - Found 0 expense entries
2026-02-18 16:28:53,257 - SpareERP - INFO - No expenses found in last 30 days
2026-02-18 16:28:54,259 - SpareERP - INFO - Lazy loading page: Orders
2026-02-18 16:28:55,203 - SpareERP - INFO - Lazy loading page: Access
2026-02-18 16:28:55,998 - SpareERP - INFO - Lazy loading page: Settings
2026-02-18 16:29:00,125 - SpareERP - WARNING - Current page (index 7) does not have a load_data method
2026-02-18 16:38:35,725 - SpareERP - INFO - Application starting...
2026-02-18 16:38:36,890 - SpareERP - INFO - Database tables initialized.
2026-02-18 16:38:36,904 - SpareERP - INFO - Database indexes created successfully for performance optimization.
2026-02-18 16:38:36,905 - SpareERP - INFO - Database initialized at c:\Users\Admin\Desktop\spare_ERP\data\spareparts_pro.db
2026-02-18 16:38:40,557 - SpareERP - INFO - Hardware ID: HWID-5DD9471598B4450D
2026-02-18 16:38:48,083 - SpareERP - INFO - Launching Login Window...
2026-02-18 16:38:59,804 - SpareERP - INFO - User admin logged in successfully
2026-02-18 16:38:59,838 - SpareERP - INFO - User authenticated as ADMIN. Launching Main Window.
2026-02-18 16:38:59,839 - SpareERP - INFO - Initializing MainWindow...
2026-02-18 16:38:59,864 - SpareERP - INFO - Keyboard shortcuts configured successfully.
2026-02-18 16:38:59,916 - SpareERP - INFO - Lazy loading page: Dashboard
2026-02-18 16:39:00,077 - SpareERP - INFO - AI Cache: 222 vehicle models, 363 part keywords
2026-02-18 16:39:01,279 - SpareERP - INFO - Lazy loading page: Billing
2026-02-18 16:39:02,584 - SpareERP - INFO - Lazy loading page: Inventory
2026-02-18 16:39:02,855 - SpareERP - INFO - Initializing InventoryPage...
2026-02-18 16:39:02,889 - SpareERP - INFO - InventoryPage Initialized Successfully.
2026-02-18 16:39:07,647 - SpareERP - INFO - Lazy loading page: Expenses
2026-02-18 16:39:07,658 - SpareERP - INFO - AI Cache: 222 vehicle models, 363 part keywords
2026-02-18 16:39:07,666 - SpareERP - INFO - Query all expenses: 0 found
2026-02-18 16:39:07,668 - SpareERP - INFO - Querying ALL expenses
2026-02-18 16:39:07,668 - SpareERP - INFO - Found 0 expense entries
2026-02-18 16:39:07,668 - SpareERP - INFO - No expenses found in last 30 days
2026-02-18 16:39:08,446 - SpareERP - INFO - Lazy loading page: Reports
2026-02-18 16:39:09,374 - SpareERP - INFO - Lazy loading page: Orders
2026-02-18 16:39:10,318 - SpareERP - INFO - Lazy loading page: Access
2026-02-18 16:39:11,120 - SpareERP - INFO - Lazy loading page: Settings
2026-02-18 16:39:19,662 - SpareERP - INFO - Refreshing page at index 7
2026-02-18 16:39:20,246 - SpareERP - INFO - Refreshing page at index 7
2026-02-18 16:39:20,526 - SpareERP - INFO - Refreshing page at index 7
2026-02-18 16:39:22,574 - SpareERP - INFO - Refreshing page at index 5
2026-02-18 16:39:24,710 - SpareERP - INFO - Refreshing page at index 6
2026-02-18 16:39:24,950 - SpareERP - INFO - Refreshing page at index 6
2026-02-18 16:39:25,134 - SpareERP - INFO - Refreshing page at index 6
2026-02-18 16:39:26,782 - SpareERP - INFO - Refreshing page at index 4
2026-02-18 16:39:26,784 - SpareERP - INFO - Query all expenses: 0 found
2026-02-18 16:39:26,785 - SpareERP - INFO - Querying ALL expenses
2026-02-18 16:39:26,785 - SpareERP - INFO - Found 0 expense entries
2026-02-18 16:39:26,786 - SpareERP - INFO - No expenses found in last 30 days
2026-02-18 16:39:27,014 - SpareERP - INFO - Refreshing page at index 4
2026-02-18 16:39:27,016 - SpareERP - INFO - Query all expenses: 0 found
2026-02-18 16:39:27,017 - SpareERP - INFO - Querying ALL expenses
2026-02-18 16:39:27,017 - SpareERP - INFO - Found 0 expense entries
2026-02-18 16:39:27,018 - SpareERP - INFO - No expenses found in last 30 days
2026-02-18 16:39:28,830 - SpareERP - INFO - Refreshing page at index 3
2026-02-18 16:39:29,078 - SpareERP - INFO - Refreshing page at index 3
2026-02-18 16:39:31,379 - SpareERP - INFO - Refreshing page at index 2
2026-02-18 16:39:31,788 - SpareERP - INFO - Refreshing page at index 2
2026-02-18 16:39:32,147 - SpareERP - INFO - Refreshing page at index 2
2026-02-18 16:39:34,766 - SpareERP - WARNING - Current page (index 1) does not have a load_data method
2026-02-18 16:39:37,022 - SpareERP - INFO - Refreshing page at index 0
2026-02-18 17:13:43,345 - SpareERP - INFO - Application starting...
2026-02-18 17:13:44,503 - SpareERP - INFO - Database tables initialized.
2026-02-18 17:13:44,515 - SpareERP - INFO - Database indexes created successfully for performance optimization.
2026-02-18 17:13:44,516 - SpareERP - INFO - Database initialized at C:\Users\Admin\Desktop\spare_ERP\data\spareparts_pro.db
2026-02-18 17:13:48,235 - SpareERP - INFO - Hardware ID: HWID-5DD9471598B4450D
2026-02-18 17:13:53,243 - SpareERP - INFO - Launching Login Window...
2026-02-18 17:14:01,067 - SpareERP - INFO - User admin logged in successfully
2026-02-18 17:14:01,103 - SpareERP - INFO - User authenticated as ADMIN. Launching Main Window.
2026-02-18 17:14:01,104 - SpareERP - INFO - Initializing MainWindow...
2026-02-18 17:14:01,121 - SpareERP - INFO - Keyboard shortcuts configured successfully.
2026-02-18 17:14:01,165 - SpareERP - INFO - Lazy loading page: Dashboard
2026-02-18 17:14:01,272 - SpareERP - INFO - AI Cache: 222 vehicle models, 363 part keywords
2026-02-18 17:14:05,062 - SpareERP - INFO - Lazy loading page: Inventory
2026-02-18 17:14:05,312 - SpareERP - INFO - Initializing InventoryPage...
2026-02-18 17:14:05,348 - SpareERP - INFO - InventoryPage Initialized Successfully.
2026-02-18 17:14:23,860 - SpareERP - ERROR - Import Error: name 'pd' is not defined
2026-02-18 17:20:56,089 - SpareERP - INFO - Database tables initialized.
2026-02-18 17:20:56,099 - SpareERP - INFO - Migrated schema: Added items_count to invoices table
2026-02-18 17:20:56,112 - SpareERP - INFO - Migrated schema: Added added_by to parts table
2026-02-18 17:20:56,114 - SpareERP - INFO - Migrated schema: Added last_cost to parts table
2026-02-18 17:20:56,117 - SpareERP - INFO - Migrated schema: Added last_edited_date to parts table
2026-02-18 17:20:56,120 - SpareERP - INFO - Migrated schema: Added recovery_pin to users table
2026-02-18 17:20:56,122 - SpareERP - INFO - Migrated schema: Added hardware_id to app_license table
2026-02-18 17:20:56,124 - SpareERP - INFO - Migrated schema: Added ordered_price to po_items table
2026-02-18 17:20:56,147 - SpareERP - INFO - Database indexes created successfully for performance optimization.
2026-02-18 17:20:56,152 - SpareERP - INFO - Database initialized at test_inventory_repro.db
2026-02-18 17:20:56,153 - SpareERP - ERROR - Import Error: name 'pd' is not defined
2026-02-18 17:21:34,769 - SpareERP - INFO - Database tables initialized.
2026-02-18 17:21:34,778 - SpareERP - INFO - Migrated schema: Added items_count to invoices table
2026-02-18 17:21:34,789 - SpareERP - INFO - Migrated schema: Added added_by to parts table
2026-02-18 17:21:34,791 - SpareERP - INFO - Migrated schema: Added last_cost to parts table
2026-02-18 17:21:34,793 - SpareERP - INFO - Migrated schema: Added last_edited_date to parts table
2026-02-18 17:21:34,794 - SpareERP - INFO - Migrated schema: Added recovery_pin to users table
2026-02-18 17:21:34,797 - SpareERP - INFO - Migrated schema: Added hardware_id to app_license table
2026-02-18 17:21:34,799 - SpareERP - INFO - Migrated schema: Added ordered_price to po_items table
2026-02-18 17:21:34,817 - SpareERP - INFO - Database indexes created successfully for performance optimization.
2026-02-18 17:21:34,823 - SpareERP - INFO - Database initialized at test_inventory_repro.db
2026-02-18 17:21:34,845 - SpareERP - INFO - Inventory imported from test_inventory_repro.csv, 2 records processed
2026-02-18 17:22:24,322 - SpareERP - INFO - Application starting...
2026-02-18 17:22:26,838 - SpareERP - INFO - Database tables initialized.
2026-02-18 17:22:26,851 - SpareERP - INFO - Database indexes created successfully for performance optimization.
2026-02-18 17:22:26,852 - SpareERP - INFO - Database initialized at c:\Users\Admin\Desktop\spare_ERP\data\spareparts_pro.db
2026-02-18 17:22:29,287 - SpareERP - INFO - Hardware ID: HWID-5DD9471598B4450D
2026-02-18 17:22:31,696 - SpareERP - INFO - Launching Login Window...
2026-02-18 17:22:38,359 - SpareERP - INFO - User admin logged in successfully
2026-02-18 17:22:38,394 - SpareERP - INFO - User authenticated as ADMIN. Launching Main Window.
2026-02-18 17:22:38,397 - SpareERP - INFO - Initializing MainWindow...
2026-02-18 17:22:38,431 - SpareERP - INFO - Keyboard shortcuts configured successfully.
2026-02-18 17:22:38,487 - SpareERP - INFO - Lazy loading page: Dashboard
2026-02-18 17:22:38,704 - SpareERP - INFO - AI Cache: 222 vehicle models, 363 part keywords
2026-02-18 17:22:40,882 - SpareERP - INFO - Lazy loading page: Reports
2026-02-18 17:22:41,626 - SpareERP - INFO - Lazy loading page: Inventory
2026-02-18 17:22:41,960 - SpareERP - INFO - Initializing InventoryPage...
2026-02-18 17:22:42,002 - SpareERP - INFO - InventoryPage Initialized Successfully.
2026-02-18 17:22:54,392 - SpareERP - INFO - Inventory imported from C:/Users/Admin/Desktop/spare_ERP/parts_inventory.csv, 600 records processed
2026-02-18 17:23:15,473 - SpareERP - INFO - Refreshing page at index 2
2026-02-18 17:23:17,665 - SpareERP - INFO - Lazy loading page: Billing
2026-02-18 17:23:43,123 - SpareERP - INFO - Generated new Invoice ID: INV-1001
2026-02-18 17:23:43,130 - SpareERP - INFO - Invoice saved: INV-1001
2026-02-18 17:23:43,131 - SpareERP - INFO - Invoice generated: INV-1001 for gyani
2026-02-18 17:23:43,139 - SpareERP - INFO - Part sold: N9114160, Qty: 1, Inv: INV-1001
2026-02-18 17:23:43,145 - SpareERP - INFO - Generating PDF with Theme: 'Modern (Blue)' for Invoice: INV-1001
2026-02-18 17:23:44,299 - SpareERP - ERROR - Error opening PDF: name 'os' is not defined
2026-02-18 17:27:05,690 - SpareERP - INFO - Application starting...
2026-02-18 17:27:07,421 - SpareERP - INFO - Database tables initialized.
2026-02-18 17:27:07,434 - SpareERP - INFO - Database indexes created successfully for performance optimization.
2026-02-18 17:27:07,434 - SpareERP - INFO - Database initialized at c:\Users\Admin\Desktop\spare_ERP\data\spareparts_pro.db
2026-02-18 17:27:10,500 - SpareERP - INFO - Hardware ID: HWID-5DD9471598B4450D
2026-02-18 17:27:15,141 - SpareERP - INFO - Launching Login Window...
2026-02-18 17:27:28,453 - SpareERP - INFO - User admin logged in successfully
2026-02-18 17:27:28,485 - SpareERP - INFO - User authenticated as ADMIN. Launching Main Window.
2026-02-18 17:27:28,486 - SpareERP - INFO - Initializing MainWindow...
2026-02-18 17:27:28,503 - SpareERP - INFO - Keyboard shortcuts configured successfully.
2026-02-18 17:27:28,553 - SpareERP - INFO - Lazy loading page: Dashboard
2026-02-18 17:27:28,659 - SpareERP - INFO - AI Cache: 221 vehicle models, 366 part keywords
2026-02-18 17:27:33,403 - SpareERP - INFO - Lazy loading page: Billing
2026-02-18 17:27:43,985 - SpareERP - INFO - Generated new Invoice ID: INV-1002
2026-02-18 17:27:43,992 - SpareERP - INFO - Invoice saved: INV-1002
2026-02-18 17:27:43,994 - SpareERP - INFO - Invoice generated: INV-1002 for gyani
2026-02-18 17:27:44,000 - SpareERP - INFO - Part sold: N9114760, Qty: 1, Inv: INV-1002
2026-02-18 17:27:44,007 - SpareERP - INFO - Generating PDF with Theme: 'Modern (Blue)' for Invoice: INV-1002
2026-02-18 17:28:00,515 - SpareERP - INFO - Generated new Invoice ID: INV-1003
2026-02-18 17:28:00,522 - SpareERP - INFO - Invoice saved: INV-1003
2026-02-18 17:28:00,524 - SpareERP - INFO - Invoice generated: INV-1003 for gyani
2026-02-18 17:28:00,530 - SpareERP - INFO - Part sold: N9325190, Qty: 1, Inv: INV-1003
2026-02-18 17:28:00,536 - SpareERP - INFO - Generating PDF with Theme: 'Modern (Blue)' for Invoice: INV-1003
2026-02-18 17:28:01,659 - SpareERP - INFO - Sending WhatsApp for INV-1003 to 9335668077
2026-02-19 13:16:28,572 - SpareERP - INFO - Application starting...
2026-02-19 13:16:33,981 - SpareERP - INFO - Database tables initialized.
2026-02-19 13:16:34,001 - SpareERP - INFO - Database indexes created successfully for performance optimization.
2026-02-19 13:16:34,003 - SpareERP - INFO - Database initialized at c:\Users\Admin\Desktop\spare_ERP\data\spareparts_pro.db
2026-02-19 13:16:34,049 - SpareERP - INFO - Hardware ID: HWID-5DD9471598B4450D
2026-02-19 13:17:19,414 - SpareERP - INFO - Launching Login Window...
2026-02-19 13:17:36,475 - SpareERP - INFO - User admin logged in successfully
2026-02-19 13:17:36,512 - SpareERP - INFO - User authenticated as ADMIN. Launching Main Window.
2026-02-19 13:17:36,516 - SpareERP - INFO - Initializing MainWindow...
2026-02-19 13:17:36,551 - SpareERP - INFO - Keyboard shortcuts configured successfully.
2026-02-19 13:17:36,606 - SpareERP - INFO - Lazy loading page: Dashboard
2026-02-19 13:17:37,177 - SpareERP - INFO - AI Cache: 221 vehicle models, 366 part keywords
2026-02-19 13:17:54,169 - SpareERP - INFO - Lazy loading page: Billing
2026-02-19 13:18:28,510 - SpareERP - INFO - Generated new Invoice ID: INV-1004
2026-02-19 13:18:28,517 - SpareERP - INFO - Invoice saved: INV-1004
2026-02-19 13:18:28,519 - SpareERP - INFO - Invoice generated: INV-1004 for gyani
2026-02-19 13:18:28,526 - SpareERP - INFO - Part sold: N9114440, Qty: 1, Inv: INV-1004
2026-02-19 13:18:28,534 - SpareERP - INFO - Part sold: N9325500, Qty: 1, Inv: INV-1004
2026-02-19 13:18:28,543 - SpareERP - INFO - Part sold: N4030420, Qty: 1, Inv: INV-1004
2026-02-19 13:18:28,550 - SpareERP - INFO - Generating PDF with Theme: 'Modern (Blue)' for Invoice: INV-1004
2026-02-19 13:18:50,616 - SpareERP - INFO - Generated new Invoice ID: INV-1005
2026-02-19 13:18:50,623 - SpareERP - INFO - Invoice saved: INV-1005
2026-02-19 13:18:50,625 - SpareERP - INFO - Invoice generated: INV-1005 for gyani
2026-02-19 13:18:50,631 - SpareERP - INFO - Part sold: N9115350, Qty: 1, Inv: INV-1005
2026-02-19 13:18:50,638 - SpareERP - INFO - Generating PDF with Theme: 'Modern (Blue)' for Invoice: INV-1005
2026-02-19 13:18:51,738 - SpareERP - INFO - Sending WhatsApp for INV-1005 to 9335668077
2026-02-19 13:19:14,215 - SpareERP - INFO - Lazy loading page: Inventory
2026-02-19 13:19:14,654 - SpareERP - INFO - Initializing InventoryPage...
2026-02-19 13:19:14,693 - SpareERP - INFO - InventoryPage Initialized Successfully.
2026-02-19 13:19:27,642 - SpareERP - INFO - Inventory imported from C:/Users/Admin/Desktop/spare_ERP/parts_inventory.csv, 600 records processed
2026-02-19 13:20:20,958 - SpareERP - INFO - Lazy loading page: Orders
2026-02-19 13:21:41,683 - SpareERP - INFO - Created new part in inventory from PO: N9114490 - BUNDY  TUBE ASSY, MC REAR N112
2026-02-19 13:21:41,686 - SpareERP - INFO - Received item 7: 2 @ 991.0
2026-02-19 13:21:44,804 - SpareERP - INFO - Created new part in inventory from PO: N9114500 - BUNDY  TUBE ASSY, CAL REAR N112
2026-02-19 13:21:44,809 - SpareERP - INFO - Received item 8: 1 @ 1854.0
2026-02-19 13:21:48,099 - SpareERP - INFO - Created new part in inventory from PO: N91151005D - MASTER CYL ASSY FR MATTE BLACK
2026-02-19 13:21:48,106 - SpareERP - INFO - Received item 9: 2 @ 1490.0
2026-02-19 13:21:50,090 - SpareERP - INFO - Created new part in inventory from PO: N9115250 - BUNDY  TUBE ASSY, MC FRONT 2V
2026-02-19 13:21:50,095 - SpareERP - INFO - Received item 10: 2 @ 1305.0
2026-02-19 13:22:11,172 - SpareERP - INFO - Lazy loading page: Access
2026-02-19 13:24:54,748 - SpareERP - INFO - Cascaded username change from staff to aman
2026-02-19 13:24:54,753 - SpareERP - INFO - User updated: ID 2
2026-02-19 13:25:11,371 - SpareERP - INFO - Application starting...
2026-02-19 13:25:13,213 - SpareERP - INFO - Database tables initialized.
2026-02-19 13:25:13,223 - SpareERP - INFO - Database indexes created successfully for performance optimization.
2026-02-19 13:25:13,223 - SpareERP - INFO - Database initialized at c:\Users\Admin\Desktop\spare_ERP\data\spareparts_pro.db
2026-02-19 13:25:16,217 - SpareERP - INFO - Hardware ID: HWID-5DD9471598B4450D
2026-02-19 13:25:20,388 - SpareERP - INFO - Launching Login Window...
2026-02-19 13:26:21,143 - SpareERP - INFO - User aman logged in successfully
2026-02-19 13:26:21,185 - SpareERP - INFO - User authenticated as STAFF. Launching Main Window.
2026-02-19 13:26:21,187 - SpareERP - INFO - Initializing MainWindow...
2026-02-19 13:26:21,208 - SpareERP - INFO - Keyboard shortcuts configured successfully.
2026-02-19 13:26:21,256 - SpareERP - INFO - Lazy loading page: Dashboard
2026-02-19 13:26:21,385 - SpareERP - INFO - AI Cache: 221 vehicle models, 366 part keywords
2026-02-19 13:26:23,259 - SpareERP - INFO - Lazy loading page: Billing
2026-02-19 13:26:24,227 - SpareERP - INFO - Lazy loading page: Reports
2026-02-19 13:26:25,123 - SpareERP - INFO - Lazy loading page: Orders
2026-02-19 13:38:32,367 - SpareERP - INFO - Application starting...
2026-02-19 13:38:34,244 - SpareERP - INFO - Database tables initialized.
2026-02-19 13:38:34,256 - SpareERP - INFO - Database indexes created successfully for performance optimization.
2026-02-19 13:38:34,257 - SpareERP - INFO - Database initialized at c:\Users\Admin\Desktop\spare_ERP\data\spareparts_pro.db
2026-02-19 13:38:37,190 - SpareERP - INFO - Hardware ID: HWID-5DD9471598B4450D
2026-02-19 13:38:39,561 - SpareERP - INFO - Launching Login Window...
2026-02-19 13:38:46,898 - SpareERP - INFO - User aman logged in successfully
2026-02-19 13:38:46,935 - SpareERP - INFO - User authenticated as STAFF. Launching Main Window.
2026-02-19 13:38:46,936 - SpareERP - INFO - Initializing MainWindow...
2026-02-19 13:38:46,957 - SpareERP - INFO - Keyboard shortcuts configured successfully.
2026-02-19 13:38:47,011 - SpareERP - INFO - Lazy loading page: Dashboard
2026-02-19 13:38:47,130 - SpareERP - INFO - AI Cache: 221 vehicle models, 366 part keywords
2026-02-19 13:38:48,861 - SpareERP - INFO - Lazy loading page: Orders
2026-02-19 13:38:49,662 - SpareERP - INFO - Lazy loading page: Reports
2026-02-19 13:38:52,902 - SpareERP - INFO - Lazy loading page: Billing
2026-02-19 13:39:06,797 - SpareERP - INFO - Refreshing page at index 6
2026-02-19 13:39:07,452 - SpareERP - INFO - Refreshing page at index 6
2026-02-19 13:39:07,742 - SpareERP - INFO - Refreshing page at index 6
2026-02-19 13:39:10,958 - SpareERP - INFO - Application starting...
2026-02-19 13:39:12,771 - SpareERP - INFO - Database tables initialized.
2026-02-19 13:39:12,784 - SpareERP - INFO - Database indexes created successfully for performance optimization.
2026-02-19 13:39:12,785 - SpareERP - INFO - Database initialized at c:\Users\Admin\Desktop\spare_ERP\data\spareparts_pro.db
2026-02-19 13:39:15,802 - SpareERP - INFO - Hardware ID: HWID-5DD9471598B4450D
2026-02-19 13:39:19,488 - SpareERP - INFO - Launching Login Window...
2026-02-19 13:39:26,713 - SpareERP - WARNING - Failed login attempt - wrong password for: admin
2026-02-19 13:39:32,594 - SpareERP - WARNING - Failed login attempt - wrong password for: admin
2026-02-19 13:39:49,761 - SpareERP - WARNING - Failed login attempt - wrong password for: admin
2026-02-19 13:39:58,881 - SpareERP - WARNING - Failed login attempt - wrong password for: admin
2026-02-19 13:40:12,537 - SpareERP - INFO - User aman logged in successfully
2026-02-19 13:40:12,576 - SpareERP - INFO - User authenticated as STAFF. Launching Main Window.
2026-02-19 13:40:12,578 - SpareERP - INFO - Initializing MainWindow...
2026-02-19 13:40:12,599 - SpareERP - INFO - Keyboard shortcuts configured successfully.
2026-02-19 13:40:12,655 - SpareERP - INFO - Lazy loading page: Dashboard
2026-02-19 13:40:12,778 - SpareERP - INFO - AI Cache: 221 vehicle models, 366 part keywords
2026-02-19 13:41:52,498 - SpareERP - INFO - Application starting...
2026-02-19 13:41:54,336 - SpareERP - INFO - Database tables initialized.
2026-02-19 13:41:54,352 - SpareERP - INFO - Database indexes created successfully for performance optimization.
2026-02-19 13:41:54,353 - SpareERP - INFO - Database initialized at c:\Users\Admin\Desktop\spare_ERP\data\spareparts_pro.db
2026-02-19 13:41:57,344 - SpareERP - INFO - Hardware ID: HWID-5DD9471598B4450D
2026-02-19 13:42:00,086 - SpareERP - INFO - Launching Login Window...
2026-02-19 13:42:08,248 - SpareERP - INFO - User admin logged in successfully
2026-02-19 13:42:08,283 - SpareERP - INFO - User authenticated as ADMIN. Launching Main Window.
2026-02-19 13:42:08,285 - SpareERP - INFO - Initializing MainWindow...
2026-02-19 13:42:08,306 - SpareERP - INFO - Keyboard shortcuts configured successfully.
2026-02-19 13:42:08,355 - SpareERP - INFO - Lazy loading page: Dashboard
2026-02-19 13:42:08,474 - SpareERP - INFO - AI Cache: 221 vehicle models, 366 part keywords
2026-02-19 13:42:11,677 - SpareERP - INFO - Lazy loading page: Settings
2026-02-19 13:42:14,019 - SpareERP - INFO - Lazy loading page: Access
2026-02-19 13:42:32,380 - SpareERP - INFO - User updated: ID 2
2026-02-19 13:42:39,356 - SpareERP - INFO - Application starting...
2026-02-19 13:42:41,162 - SpareERP - INFO - Database tables initialized.
2026-02-19 13:42:41,176 - SpareERP - INFO - Database indexes created successfully for performance optimization.
2026-02-19 13:42:41,176 - SpareERP - INFO - Database initialized at c:\Users\Admin\Desktop\spare_ERP\data\spareparts_pro.db
2026-02-19 13:42:44,187 - SpareERP - INFO - Hardware ID: HWID-5DD9471598B4450D
2026-02-19 13:42:47,532 - SpareERP - INFO - Launching Login Window...
2026-02-19 13:42:56,024 - SpareERP - INFO - User aman logged in successfully
2026-02-19 13:42:56,061 - SpareERP - INFO - User authenticated as STAFF. Launching Main Window.
2026-02-19 13:42:56,062 - SpareERP - INFO - Initializing MainWindow...
2026-02-19 13:42:56,081 - SpareERP - INFO - Keyboard shortcuts configured successfully.
2026-02-19 13:42:56,142 - SpareERP - INFO - Lazy loading page: Dashboard
2026-02-19 13:42:56,261 - SpareERP - INFO - AI Cache: 221 vehicle models, 366 part keywords
2026-02-19 13:42:57,538 - SpareERP - INFO - Lazy loading page: Inventory
2026-02-19 13:42:57,804 - SpareERP - INFO - Initializing InventoryPage...
2026-02-19 13:42:57,842 - SpareERP - INFO - InventoryPage Initialized Successfully.
2026-02-19 13:43:13,610 - SpareERP - INFO - Lazy loading page: Reports
2026-02-19 13:43:14,226 - SpareERP - INFO - Lazy loading page: Orders
2026-02-19 13:43:15,378 - SpareERP - INFO - Lazy loading page: Billing
2026-02-19 13:43:35,698 - SpareERP - WARNING - Current page (index 1) does not have a load_data method
2026-02-19 13:43:50,734 - SpareERP - INFO - Application starting...
2026-02-19 13:43:52,562 - SpareERP - INFO - Database tables initialized.
2026-02-19 13:43:52,576 - SpareERP - INFO - Database indexes created successfully for performance optimization.
2026-02-19 13:43:52,577 - SpareERP - INFO - Database initialized at c:\Users\Admin\Desktop\spare_ERP\data\spareparts_pro.db
2026-02-19 13:43:55,600 - SpareERP - INFO - Hardware ID: HWID-5DD9471598B4450D
2026-02-19 13:43:57,624 - SpareERP - INFO - Launching Login Window...
2026-02-19 13:44:04,479 - SpareERP - INFO - User admin logged in successfully
2026-02-19 13:44:04,512 - SpareERP - INFO - User authenticated as ADMIN. Launching Main Window.
2026-02-19 13:44:04,513 - SpareERP - INFO - Initializing MainWindow...
2026-02-19 13:44:04,536 - SpareERP - INFO - Keyboard shortcuts configured successfully.
2026-02-19 13:44:04,632 - SpareERP - INFO - Lazy loading page: Dashboard
2026-02-19 13:44:04,786 - SpareERP - INFO - AI Cache: 221 vehicle models, 366 part keywords
2026-02-19 16:14:02,531 - SpareERP - INFO - Application starting...
2026-02-19 16:14:04,355 - SpareERP - INFO - Database tables initialized.
2026-02-19 16:14:04,371 - SpareERP - INFO - Database indexes created successfully for performance optimization.
2026-02-19 16:14:04,372 - SpareERP - INFO - Database initialized at c:\Users\Admin\Desktop\spare_ERP\data\spareparts_pro.db
2026-02-19 16:14:07,368 - SpareERP - INFO - Hardware ID: HWID-5DD9471598B4450D
2026-02-19 16:14:10,127 - SpareERP - INFO - Launching Login Window...
2026-02-19 16:14:20,841 - SpareERP - INFO - User admin logged in successfully
2026-02-19 16:14:20,875 - SpareERP - INFO - User authenticated as ADMIN. Launching Main Window.
2026-02-19 16:14:20,877 - SpareERP - INFO - Initializing MainWindow...
2026-02-19 16:14:20,899 - SpareERP - INFO - Keyboard shortcuts configured successfully.
2026-02-19 16:14:20,957 - SpareERP - INFO - Lazy loading page: Dashboard
2026-02-19 16:14:21,128 - SpareERP - INFO - AI Cache: 221 vehicle models, 366 part keywords
2026-02-19 16:14:32,148 - SpareERP - INFO - Lazy loading page: Orders
2026-02-19 16:37:50,486 - SpareERP - INFO - Application starting...
2026-02-19 16:37:52,385 - SpareERP - INFO - Database tables initialized.
2026-02-19 16:37:52,394 - SpareERP - INFO - Database indexes created successfully for performance optimization.
2026-02-19 16:37:52,395 - SpareERP - INFO - Database initialized at c:\Users\Admin\Desktop\spare_ERP\data\spareparts_pro.db
2026-02-19 16:37:55,323 - SpareERP - INFO - Hardware ID: HWID-5DD9471598B4450D
2026-02-19 16:37:57,787 - SpareERP - INFO - Launching Login Window...
2026-02-19 16:38:03,590 - SpareERP - INFO - User admin logged in successfully
2026-02-19 16:38:03,625 - SpareERP - INFO - User authenticated as ADMIN. Launching Main Window.
2026-02-19 16:38:03,626 - SpareERP - INFO - Initializing MainWindow...
2026-02-19 16:38:03,649 - SpareERP - INFO - Keyboard shortcuts configured successfully.
2026-02-19 16:38:03,700 - SpareERP - INFO - Lazy loading page: Dashboard
2026-02-19 16:38:03,822 - SpareERP - INFO - AI Cache: 221 vehicle models, 366 part keywords
2026-02-19 16:38:08,353 - SpareERP - INFO - Lazy loading page: Orders
2026-02-19 16:48:13,845 - SpareERP - INFO - Database tables initialized.
2026-02-19 16:48:13,854 - SpareERP - INFO - Migrated schema: Added items_count to invoices table
2026-02-19 16:48:13,866 - SpareERP - INFO - Migrated schema: Added added_by to parts table
2026-02-19 16:48:13,867 - SpareERP - INFO - Migrated schema: Added last_cost to parts table
2026-02-19 16:48:13,869 - SpareERP - INFO - Migrated schema: Added last_edited_date to parts table
2026-02-19 16:48:13,871 - SpareERP - INFO - Migrated schema: Added recovery_pin to users table
2026-02-19 16:48:13,872 - SpareERP - INFO - Migrated schema: Added hardware_id to app_license table
2026-02-19 16:48:13,874 - SpareERP - INFO - Migrated schema: Added ordered_price to po_items table
2026-02-19 16:48:13,895 - SpareERP - INFO - Database indexes created successfully for performance optimization.
2026-02-19 16:48:13,898 - SpareERP - INFO - Database initialized at test_inventory_repro.db
2026-02-19 16:49:16,424 - SpareERP - INFO - Database tables initialized.
2026-02-19 16:49:16,439 - SpareERP - INFO - Database indexes created successfully for performance optimization.
2026-02-19 16:49:16,440 - SpareERP - INFO - Database initialized at test_inventory_repro.db
2026-02-19 16:50:44,143 - SpareERP - INFO - Application starting...
2026-02-19 16:50:46,022 - SpareERP - INFO - Database tables initialized.
2026-02-19 16:50:46,034 - SpareERP - INFO - Database indexes created successfully for performance optimization.
2026-02-19 16:50:46,035 - SpareERP - INFO - Database initialized at c:\Users\Admin\Desktop\spare_ERP\data\spareparts_pro.db
2026-02-19 16:50:48,958 - SpareERP - INFO - Hardware ID: HWID-5DD9471598B4450D
2026-02-19 16:50:59,491 - SpareERP - INFO - Launching Login Window...
2026-02-19 16:51:08,624 - SpareERP - INFO - User admin logged in successfully
2026-02-19 16:51:08,659 - SpareERP - INFO - User authenticated as ADMIN. Launching Main Window.
2026-02-19 16:51:08,660 - SpareERP - INFO - Initializing MainWindow...
2026-02-19 16:51:08,679 - SpareERP - INFO - Keyboard shortcuts configured successfully.
2026-02-19 16:51:08,733 - SpareERP - INFO - Lazy loading page: Dashboard
2026-02-19 16:51:08,844 - SpareERP - INFO - AI Cache: 221 vehicle models, 366 part keywords
2026-02-19 16:51:10,523 - SpareERP - INFO - Lazy loading page: Billing
2026-02-19 16:51:11,251 - SpareERP - INFO - Lazy loading page: Inventory
2026-02-19 16:51:11,555 - SpareERP - INFO - Initializing InventoryPage...
2026-02-19 16:51:11,591 - SpareERP - INFO - InventoryPage Initialized Successfully.
2026-02-19 16:51:12,549 - SpareERP - INFO - Lazy loading page: Reports
2026-02-19 16:51:13,076 - SpareERP - INFO - Lazy loading page: Expenses
2026-02-19 16:51:13,100 - SpareERP - INFO - AI Cache: 221 vehicle models, 366 part keywords
2026-02-19 16:51:13,119 - SpareERP - INFO - Query all expenses: 0 found
2026-02-19 16:51:13,120 - SpareERP - INFO - Querying ALL expenses
2026-02-19 16:51:13,121 - SpareERP - INFO - Found 0 expense entries
2026-02-19 16:51:13,121 - SpareERP - INFO - No expenses found in last 30 days
2026-02-19 16:51:14,003 - SpareERP - INFO - Lazy loading page: Orders
2026-02-19 16:55:31,529 - SpareERP - INFO - Database tables initialized.
2026-02-19 16:55:31,546 - SpareERP - INFO - Database indexes created successfully for performance optimization.
2026-02-19 16:55:31,547 - SpareERP - INFO - Database initialized at test_inventory_repro.db
2026-02-19 16:56:54,610 - SpareERP - INFO - Application starting...
2026-02-19 16:56:56,461 - SpareERP - INFO - Database tables initialized.
2026-02-19 16:56:56,477 - SpareERP - INFO - Database indexes created successfully for performance optimization.
2026-02-19 16:56:56,478 - SpareERP - INFO - Database initialized at c:\Users\Admin\Desktop\spare_ERP\data\spareparts_pro.db
2026-02-19 16:56:59,441 - SpareERP - INFO - Hardware ID: HWID-5DD9471598B4450D
2026-02-19 16:57:01,713 - SpareERP - INFO - Launching Login Window...
2026-02-19 16:57:10,549 - SpareERP - INFO - User admin logged in successfully
2026-02-19 16:57:10,591 - SpareERP - INFO - User authenticated as ADMIN. Launching Main Window.
2026-02-19 16:57:10,592 - SpareERP - INFO - Initializing MainWindow...
2026-02-19 16:57:10,612 - SpareERP - INFO - Keyboard shortcuts configured successfully.
2026-02-19 16:57:10,666 - SpareERP - INFO - Lazy loading page: Dashboard
2026-02-19 16:57:10,788 - SpareERP - INFO - AI Cache: 221 vehicle models, 366 part keywords
2026-02-19 16:57:12,490 - SpareERP - INFO - Lazy loading page: Inventory
2026-02-19 16:57:12,771 - SpareERP - INFO - Initializing InventoryPage...
2026-02-19 16:57:12,809 - SpareERP - INFO - InventoryPage Initialized Successfully.
2026-02-19 16:57:17,672 - SpareERP - INFO - Lazy loading page: Expenses
2026-02-19 16:57:17,686 - SpareERP - INFO - AI Cache: 221 vehicle models, 366 part keywords
2026-02-19 16:57:17,695 - SpareERP - INFO - Query all expenses: 0 found
2026-02-19 16:57:17,696 - SpareERP - INFO - Querying ALL expenses
2026-02-19 16:57:17,697 - SpareERP - INFO - Found 0 expense entries
2026-02-19 16:57:17,698 - SpareERP - INFO - No expenses found in last 30 days
2026-02-19 16:57:19,504 - SpareERP - INFO - Lazy loading page: Orders
2026-02-19 16:57:31,540 - SpareERP - ERROR - Thread Error: name 'items_to_save' is not defined
2026-02-19 16:58:37,192 - SpareERP - ERROR - Thread Error: name 'items_to_save' is not defined
2026-02-19 16:59:08,695 - SpareERP - INFO - Lazy loading page: Reports
2026-02-19 16:59:16,616 - SpareERP - INFO - Lazy loading page: Billing
2026-02-19 16:59:26,967 - SpareERP - INFO - Lazy loading page: Access
2026-02-19 16:59:54,048 - SpareERP - ERROR - Thread Error: name 'items_to_save' is not defined
2026-02-19 17:02:15,806 - SpareERP - INFO - Application starting...
2026-02-19 17:02:17,607 - SpareERP - INFO - Database tables initialized.
2026-02-19 17:02:17,617 - SpareERP - INFO - Database indexes created successfully for performance optimization.
2026-02-19 17:02:17,619 - SpareERP - INFO - Database initialized at c:\Users\Admin\Desktop\spare_ERP\data\spareparts_pro.db
2026-02-19 17:02:20,678 - SpareERP - INFO - Hardware ID: HWID-5DD9471598B4450D
2026-02-19 17:02:23,224 - SpareERP - INFO - Launching Login Window...
2026-02-19 17:02:33,314 - SpareERP - INFO - User admin logged in successfully
2026-02-19 17:02:33,349 - SpareERP - INFO - User authenticated as ADMIN. Launching Main Window.
2026-02-19 17:02:33,351 - SpareERP - INFO - Initializing MainWindow...
2026-02-19 17:02:33,377 - SpareERP - INFO - Keyboard shortcuts configured successfully.
2026-02-19 17:02:33,438 - SpareERP - INFO - Lazy loading page: Dashboard
2026-02-19 17:02:33,552 - SpareERP - INFO - AI Cache: 221 vehicle models, 366 part keywords
2026-02-19 17:02:38,320 - SpareERP - INFO - Lazy loading page: Expenses
2026-02-19 17:02:38,336 - SpareERP - INFO - AI Cache: 221 vehicle models, 366 part keywords
2026-02-19 17:02:38,350 - SpareERP - INFO - Query all expenses: 0 found
2026-02-19 17:02:38,351 - SpareERP - INFO - Querying ALL expenses
2026-02-19 17:02:38,352 - SpareERP - INFO - Found 0 expense entries
2026-02-19 17:02:38,352 - SpareERP - INFO - No expenses found in last 30 days
2026-02-19 17:02:39,365 - SpareERP - INFO - Lazy loading page: Orders
2026-02-19 17:15:00,581 - SpareERP - INFO - Application starting...
2026-02-19 17:15:02,416 - SpareERP - INFO - Database tables initialized.
2026-02-19 17:15:02,431 - SpareERP - INFO - Database indexes created successfully for performance optimization.
2026-02-19 17:15:02,432 - SpareERP - INFO - Database initialized at c:\Users\Admin\Desktop\spare_ERP\data\spareparts_pro.db
2026-02-19 17:15:05,435 - SpareERP - INFO - Hardware ID: HWID-5DD9471598B4450D
2026-02-19 17:15:08,024 - SpareERP - INFO - Launching Login Window...
2026-02-19 17:15:14,933 - SpareERP - INFO - User admin logged in successfully
2026-02-19 17:15:14,966 - SpareERP - INFO - User authenticated as ADMIN. Launching Main Window.
2026-02-19 17:15:14,968 - SpareERP - INFO - Initializing MainWindow...
2026-02-19 17:15:14,987 - SpareERP - INFO - Keyboard shortcuts configured successfully.
2026-02-19 17:15:15,042 - SpareERP - INFO - Lazy loading page: Dashboard
2026-02-19 17:15:15,156 - SpareERP - INFO - AI Cache: 221 vehicle models, 366 part keywords
2026-02-19 17:15:16,806 - SpareERP - INFO - Lazy loading page: Expenses
2026-02-19 17:15:16,821 - SpareERP - INFO - AI Cache: 221 vehicle models, 366 part keywords
2026-02-19 17:15:16,831 - SpareERP - INFO - Query all expenses: 0 found
2026-02-19 17:15:16,833 - SpareERP - INFO - Querying ALL expenses
2026-02-19 17:15:16,833 - SpareERP - INFO - Found 0 expense entries
2026-02-19 17:15:16,833 - SpareERP - INFO - No expenses found in last 30 days
2026-02-19 17:15:18,256 - SpareERP - INFO - Lazy loading page: Orders
2026-02-19 17:16:45,791 - SpareERP - INFO - Lazy loading page: Inventory
2026-02-19 17:16:45,792 - SpareERP - INFO - Initializing InventoryPage...
2026-02-19 17:16:45,842 - SpareERP - INFO - InventoryPage Initialized Successfully.
2026-02-19 17:25:22,949 - SpareERP - INFO - Application starting...
2026-02-19 17:25:29,235 - SpareERP - INFO - Database tables initialized.
2026-02-19 17:25:29,250 - SpareERP - INFO - Database indexes created successfully for performance optimization.
2026-02-19 17:25:29,251 - SpareERP - INFO - Database initialized at c:\Users\Admin\Desktop\spare_ERP\data\spareparts_pro.db
2026-02-19 17:25:29,275 - SpareERP - INFO - Hardware ID: HWID-5DD9471598B4450D
2026-02-19 17:25:42,819 - SpareERP - INFO - Application starting...
2026-02-19 17:25:44,586 - SpareERP - INFO - Database tables initialized.
2026-02-19 17:25:44,598 - SpareERP - INFO - Database indexes created successfully for performance optimization.
2026-02-19 17:25:44,599 - SpareERP - INFO - Database initialized at c:\Users\Admin\Desktop\spare_ERP\data\spareparts_pro.db
2026-02-19 17:25:47,628 - SpareERP - INFO - Hardware ID: HWID-5DD9471598B4450D
2026-02-19 17:25:51,930 - SpareERP - INFO - License Check Failed/Cancelled. Exiting.
2026-02-19 17:26:14,379 - SpareERP - INFO - Application starting...
2026-02-19 17:26:16,183 - SpareERP - INFO - Database tables initialized.
2026-02-19 17:26:16,199 - SpareERP - INFO - Database indexes created successfully for performance optimization.
2026-02-19 17:26:16,200 - SpareERP - INFO - Database initialized at c:\Users\Admin\Desktop\spare_ERP\data\spareparts_pro.db
2026-02-19 17:26:19,205 - SpareERP - INFO - Hardware ID: HWID-5DD9471598B4450D
2026-02-19 17:26:21,616 - SpareERP - INFO - Launching Login Window...
2026-02-19 17:26:27,969 - SpareERP - INFO - User admin logged in successfully
2026-02-19 17:26:27,999 - SpareERP - INFO - User authenticated as ADMIN. Launching Main Window.
2026-02-19 17:26:28,005 - SpareERP - INFO - Initializing MainWindow...
2026-02-19 17:26:28,037 - SpareERP - INFO - Keyboard shortcuts configured successfully.
2026-02-19 17:26:28,110 - SpareERP - INFO - Lazy loading page: Dashboard
2026-02-19 17:26:28,765 - SpareERP - INFO - AI Cache: 221 vehicle models, 366 part keywords
2026-02-19 17:26:31,819 - SpareERP - INFO - Lazy loading page: Inventory
2026-02-19 17:26:32,343 - SpareERP - INFO - Initializing InventoryPage...
2026-02-19 17:26:32,407 - SpareERP - INFO - InventoryPage Initialized Successfully.
2026-02-19 17:33:39,274 - SpareERP - INFO - Application starting...
2026-02-19 17:33:41,100 - SpareERP - INFO - Database tables initialized.
2026-02-19 17:33:41,114 - SpareERP - INFO - Database indexes created successfully for performance optimization.
2026-02-19 17:33:41,115 - SpareERP - INFO - Database initialized at c:\Users\Admin\Desktop\spare_ERP\data\spareparts_pro.db
2026-02-19 17:33:44,087 - SpareERP - INFO - Hardware ID: HWID-5DD9471598B4450D
2026-02-19 17:33:46,325 - SpareERP - INFO - Launching Login Window...
2026-02-19 17:33:54,469 - SpareERP - INFO - User admin logged in successfully
2026-02-19 17:33:54,507 - SpareERP - INFO - User authenticated as ADMIN. Launching Main Window.
2026-02-19 17:33:54,509 - SpareERP - INFO - Initializing MainWindow...
2026-02-19 17:33:54,536 - SpareERP - INFO - Keyboard shortcuts configured successfully.
2026-02-19 17:33:54,591 - SpareERP - INFO - Lazy loading page: Dashboard
2026-02-19 17:33:54,730 - SpareERP - INFO - AI Cache: 221 vehicle models, 366 part keywords
2026-02-19 17:33:56,776 - SpareERP - INFO - Lazy loading page: Reports
2026-02-19 17:33:57,351 - SpareERP - INFO - Lazy loading page: Inventory
2026-02-19 17:33:57,671 - SpareERP - INFO - Initializing InventoryPage...
2026-02-19 17:33:57,707 - SpareERP - INFO - InventoryPage Initialized Successfully.
2026-02-19 17:34:57,399 - SpareERP - INFO - Refreshing page at index 2
2026-02-19 17:34:58,092 - SpareERP - INFO - Refreshing page at index 2
2026-02-19 17:34:58,575 - SpareERP - INFO - Refreshing page at index 2
2026-02-19 17:34:58,975 - SpareERP - INFO - Refreshing page at index 2
2026-02-19 17:34:59,215 - SpareERP - INFO - Refreshing page at index 2
2026-02-19 17:37:28,662 - SpareERP - INFO - Lazy loading page: Expenses
2026-02-19 17:37:28,676 - SpareERP - INFO - AI Cache: 221 vehicle models, 366 part keywords
2026-02-19 17:37:28,685 - SpareERP - INFO - Query all expenses: 0 found
2026-02-19 17:37:28,686 - SpareERP - INFO - Querying ALL expenses
2026-02-19 17:37:28,687 - SpareERP - INFO - Found 0 expense entries
2026-02-19 17:37:28,687 - SpareERP - INFO - No expenses found in last 30 days
2026-02-19 17:43:07,307 - SpareERP - INFO - Application starting...
2026-02-19 17:43:12,271 - SpareERP - INFO - Database tables initialized.
2026-02-19 17:43:12,283 - SpareERP - INFO - Database indexes created successfully for performance optimization.
2026-02-19 17:43:12,284 - SpareERP - INFO - Database initialized at c:\Users\Admin\Desktop\spare_ERP\data\spareparts_pro.db
2026-02-19 17:43:12,320 - SpareERP - INFO - Hardware ID: HWID-5DD9471598B4450D
2026-02-19 17:43:21,790 - SpareERP - INFO - Launching Login Window...
2026-02-19 17:43:28,424 - SpareERP - INFO - User admin logged in successfully
2026-02-19 17:43:28,459 - SpareERP - INFO - User authenticated as ADMIN. Launching Main Window.
2026-02-19 17:43:28,460 - SpareERP - INFO - Initializing MainWindow...
2026-02-19 17:43:28,485 - SpareERP - INFO - Keyboard shortcuts configured successfully.
2026-02-19 17:43:28,550 - SpareERP - INFO - Lazy loading page: Dashboard
2026-02-19 17:43:29,018 - SpareERP - INFO - AI Cache: 221 vehicle models, 366 part keywords
2026-02-19 17:43:31,396 - SpareERP - INFO - Lazy loading page: Orders
2026-02-19 17:43:53,796 - SpareERP - INFO - Lazy loading page: Inventory
2026-02-19 17:43:53,797 - SpareERP - INFO - Initializing InventoryPage...
2026-02-19 17:43:53,852 - SpareERP - INFO - InventoryPage Initialized Successfully.
2026-02-19 17:45:58,991 - SpareERP - INFO - Created new part in inventory from PO: NF223140GB - HOUSING HEADLAMP FRONT L DEEP DENIM BLUE
2026-02-19 17:45:58,998 - SpareERP - INFO - Received item 11: 1 @ 496.0
2026-02-19 17:46:01,215 - SpareERP - INFO - Created new part in inventory from PO: NF2231500DA - HOUSING HEADLAMP FR RH BLACK + TAPESET
2026-02-19 17:46:01,222 - SpareERP - INFO - Received item 12: 1 @ 588.0
2026-02-19 17:46:28,587 - SpareERP - INFO - Received item 13: 2 @ 148.0
2026-02-19 17:46:33,577 - SpareERP - INFO - Refreshing page at index 2
2026-02-19 17:46:49,157 - SpareERP - INFO - Received item 14: 2 @ 213.0
2026-02-19 17:46:50,835 - SpareERP - INFO - Received item 15: 2 @ 374.0
2026-02-19 17:46:52,478 - SpareERP - INFO - Created new part in inventory from PO: NF2254409F - HEADLAMP LED WITH MATTE SILVER RIM
2026-02-19 17:46:52,485 - SpareERP - INFO - Received item 16: 1 @ 6421.0
2026-02-19 17:46:54,110 - SpareERP - INFO - Created new part in inventory from PO: NF2256500D - ENGINE GUARD RH & TAPESET BLACK
2026-02-19 17:46:54,118 - SpareERP - INFO - Received item 17: 1 @ 961.0
2026-02-19 17:47:05,585 - SpareERP - INFO - Lazy loading page: Access
2026-02-19 17:47:08,946 - SpareERP - INFO - Lazy loading page: Billing
2026-02-19 17:47:24,882 - SpareERP - INFO - Lazy loading page: Settings
2026-02-19 17:47:54,288 - SpareERP - INFO - Lazy loading page: Reports
2026-02-19 17:47:54,848 - SpareERP - INFO - Lazy loading page: Expenses
2026-02-19 17:47:54,860 - SpareERP - INFO - AI Cache: 221 vehicle models, 368 part keywords
2026-02-19 17:47:54,868 - SpareERP - INFO - Query all expenses: 0 found
2026-02-19 17:47:54,869 - SpareERP - INFO - Querying ALL expenses
2026-02-19 17:47:54,870 - SpareERP - INFO - Found 0 expense entries
2026-02-19 17:47:54,870 - SpareERP - INFO - No expenses found in last 30 days
